antecedents,consequents,antecedent support,consequent support,support,confidence,lift,representativity,leverage,conviction,zhangs_metric,jaccard,certainty,kulczynski,antecedents_str,consequents_str
wholepersoneducation,homeforthebright,0.06873365707881958,0.06798655211057153,0.0654,0.9511,13.9893,1.0,0.06069872036296409,19.054497156850537,0.9970477336542319,0.916230366492147,0.9475189509453691,0.9563127090301005,#wholepersoneducation,#homeforthebright
homeforthebright,wholepersoneducation,0.06798655211057153,0.06873365707881958,0.0654,0.9615,13.9893,1.0,0.06069872036296409,24.212924915950776,0.9962484969939881,0.916230366492147,0.9586997438983,0.9563127090301005,#homeforthebright,#wholepersoneducation
"contributetotheworld, creatingthefuture, kampusberdampak, kampusswastaterbaik, sustainabilityuniversity","entrepreneurialuniversity, safeaiuniversity",0.10347403810235338,0.10310048561822936,0.1031,0.9964,9.6643,1.0,0.09243226204099755,248.44116548375456,0.9999999999999999,0.996389891696751,0.9959749021541867,0.9981949458483754,"#contributetotheworld, #creatingthefuture, #kampusberdampak, #kampusswastaterbaik, #sustainabilityuniversity","#entrepreneurialuniversity, #safeaiuniversity"
safeaiuniversity,"contributetotheworld, entrepreneurialuniversity, kampusberdampak, kampusswastaterbaik, sustainabilityuniversity",0.10310048561822936,0.10347403810235338,0.1031,1.0,9.6643,1.0,0.09243226204099755,inf,0.9995835068721366,0.996389891696751,1.0,0.9981949458483754,#safeaiuniversity,"#contributetotheworld, #entrepreneurialuniversity, #kampusberdampak, #kampusswastaterbaik, #sustainabilityuniversity"
"entrepreneurialuniversity, kampusberdampak, kampusswastaterbaik, sustainabilityuniversity","contributetotheworld, safeaiuniversity",0.10347403810235338,0.10310048561822936,0.1031,0.9964,9.6643,1.0,0.09243226204099755,248.44116548375456,0.9999999999999999,0.996389891696751,0.9959749021541867,0.9981949458483754,"#entrepreneurialuniversity, #kampusberdampak, #kampusswastaterbaik, #sustainabilityuniversity","#contributetotheworld, #safeaiuniversity"
"creatingthefuture, safeaiuniversity","contributetotheworld, entrepreneurialuniversity, kampusberdampak, kampusswastaterbaik, sustainabilityuniversity",0.10310048561822936,0.10347403810235338,0.1031,1.0,9.6643,1.0,0.09243226204099755,inf,0.9995835068721366,0.996389891696751,1.0,0.9981949458483754,"#creatingthefuture, #safeaiuniversity","#contributetotheworld, #entrepreneurialuniversity, #kampusberdampak, #kampusswastaterbaik, #sustainabilityuniversity"
"safeaiuniversity, sustainabilityuniversity","contributetotheworld, creatingthefuture, entrepreneurialuniversity, kampusberdampak, kampusswastaterbaik",0.10310048561822936,0.10347403810235338,0.1031,1.0,9.6643,1.0,0.09243226204099755,inf,0.9995835068721366,0.996389891696751,1.0,0.9981949458483754,"#safeaiuniversity, #sustainabilityuniversity","#contributetotheworld, #creatingthefuture, #entrepreneurialuniversity, #kampusberdampak, #kampusswastaterbaik"
"entrepreneurialuniversity, safeaiuniversity","contributetotheworld, creatingthefuture, kampusberdampak, kampusswastaterbaik, sustainabilityuniversity",0.10310048561822936,0.10347403810235338,0.1031,1.0,9.6643,1.0,0.09243226204099755,inf,0.9995835068721366,0.996389891696751,1.0,0.9981949458483754,"#entrepreneurialuniversity, #safeaiuniversity","#contributetotheworld, #creatingthefuture, #kampusberdampak, #kampusswastaterbaik, #sustainabilityuniversity"
"contributetotheworld, safeaiuniversity","creatingthefuture, entrepreneurialuniversity, kampusberdampak, kampusswastaterbaik, sustainabilityuniversity",0.10310048561822936,0.10347403810235338,0.1031,1.0,9.6643,1.0,0.09243226204099755,inf,0.9995835068721366,0.996389891696751,1.0,0.9981949458483754,"#contributetotheworld, #safeaiuniversity","#creatingthefuture, #entrepreneurialuniversity, #kampusberdampak, #kampusswastaterbaik, #sustainabilityuniversity"
"entrepreneurialuniversity, kampusberdampak, kampusswastaterbaik, sustainabilityuniversity","creatingthefuture, safeaiuniversity",0.10347403810235338,0.10310048561822936,0.1031,0.9964,9.6643,1.0,0.09243226204099755,248.44116548375456,0.9999999999999999,0.996389891696751,0.9959749021541867,0.9981949458483754,"#entrepreneurialuniversity, #kampusberdampak, #kampusswastaterbaik, #sustainabilityuniversity","#creatingthefuture, #safeaiuniversity"
"contributetotheworld, creatingthefuture, safeaiuniversity","entrepreneurialuniversity, kampusberdampak, kampusswastaterbaik, sustainabilityuniversity",0.10310048561822936,0.10347403810235338,0.1031,1.0,9.6643,1.0,0.09243226204099755,inf,0.9995835068721366,0.996389891696751,1.0,0.9981949458483754,"#contributetotheworld, #creatingthefuture, #safeaiuniversity","#entrepreneurialuniversity, #kampusberdampak, #kampusswastaterbaik, #sustainabilityuniversity"
"kampusberdampak, sustainabilityuniversity","contributetotheworld, creatingthefuture, kampusswastaterbaik, safeaiuniversity",0.10347403810235338,0.10310048561822936,0.1031,0.9964,9.6643,1.0,0.09243226204099755,248.44116548375456,0.9999999999999999,0.996389891696751,0.9959749021541867,0.9981949458483754,"#kampusberdampak, #sustainabilityuniversity","#contributetotheworld, #creatingthefuture, #kampusswastaterbaik, #safeaiuniversity"
"kampusswastaterbaik, safeaiuniversity","contributetotheworld, creatingthefuture, kampusberdampak, sustainabilityuniversity",0.10310048561822936,0.10347403810235338,0.1031,1.0,9.6643,1.0,0.09243226204099755,inf,0.9995835068721366,0.996389891696751,1.0,0.9981949458483754,"#kampusswastaterbaik, #safeaiuniversity","#contributetotheworld, #creatingthefuture, #kampusberdampak, #sustainabilityuniversity"
"creatingthefuture, safeaiuniversity","contributetotheworld, kampusberdampak, kampusswastaterbaik, sustainabilityuniversity",0.10310048561822936,0.10347403810235338,0.1031,1.0,9.6643,1.0,0.09243226204099755,inf,0.9995835068721366,0.996389891696751,1.0,0.9981949458483754,"#creatingthefuture, #safeaiuniversity","#contributetotheworld, #kampusberdampak, #kampusswastaterbaik, #sustainabilityuniversity"
"safeaiuniversity, sustainabilityuniversity","contributetotheworld, creatingthefuture, kampusberdampak, kampusswastaterbaik",0.10310048561822936,0.10347403810235338,0.1031,1.0,9.6643,1.0,0.09243226204099755,inf,0.9995835068721366,0.996389891696751,1.0,0.9981949458483754,"#safeaiuniversity, #sustainabilityuniversity","#contributetotheworld, #creatingthefuture, #kampusberdampak, #kampusswastaterbaik"
"contributetotheworld, safeaiuniversity","creatingthefuture, kampusberdampak, kampusswastaterbaik, sustainabilityuniversity",0.10310048561822936,0.10347403810235338,0.1031,1.0,9.6643,1.0,0.09243226204099755,inf,0.9995835068721366,0.996389891696751,1.0,0.9981949458483754,"#contributetotheworld, #safeaiuniversity","#creatingthefuture, #kampusberdampak, #kampusswastaterbaik, #sustainabilityuniversity"
safeaiuniversity,"contributetotheworld, creatingthefuture, entrepreneurialuniversity, kampusberdampak, kampusswastaterbaik, sustainabilityuniversity",0.10310048561822936,0.10347403810235338,0.1031,1.0,9.6643,1.0,0.09243226204099755,inf,0.9995835068721366,0.996389891696751,1.0,0.9981949458483754,#safeaiuniversity,"#contributetotheworld, #creatingthefuture, #entrepreneurialuniversity, #kampusberdampak, #kampusswastaterbaik, #sustainabilityuniversity"
safeaiuniversity,"contributetotheworld, creatingthefuture, kampusberdampak, kampusswastaterbaik, sustainabilityuniversity",0.10310048561822936,0.10347403810235338,0.1031,1.0,9.6643,1.0,0.09243226204099755,inf,0.9995835068721366,0.996389891696751,1.0,0.9981949458483754,#safeaiuniversity,"#contributetotheworld, #creatingthefuture, #kampusberdampak, #kampusswastaterbaik, #sustainabilityuniversity"
"kampusberdampak, sustainabilityuniversity","contributetotheworld, creatingthefuture, entrepreneurialuniversity, kampusswastaterbaik, safeaiuniversity",0.10347403810235338,0.10310048561822936,0.1031,0.9964,9.6643,1.0,0.09243226204099755,248.44116548375456,0.9999999999999999,0.996389891696751,0.9959749021541867,0.9981949458483754,"#kampusberdampak, #sustainabilityuniversity","#contributetotheworld, #creatingthefuture, #entrepreneurialuniversity, #kampusswastaterbaik, #safeaiuniversity"
"entrepreneurialuniversity, kampusberdampak","contributetotheworld, creatingthefuture, kampusswastaterbaik, safeaiuniversity, sustainabilityuniversity",0.10347403810235338,0.10310048561822936,0.1031,0.9964,9.6643,1.0,0.09243226204099755,248.44116548375456,0.9999999999999999,0.996389891696751,0.9959749021541867,0.9981949458483754,"#entrepreneurialuniversity, #kampusberdampak","#contributetotheworld, #creatingthefuture, #kampusswastaterbaik, #safeaiuniversity, #sustainabilityuniversity"
"kampusswastaterbaik, safeaiuniversity","contributetotheworld, creatingthefuture, entrepreneurialuniversity, kampusberdampak, sustainabilityuniversity",0.10310048561822936,0.10347403810235338,0.1031,1.0,9.6643,1.0,0.09243226204099755,inf,0.9995835068721366,0.996389891696751,1.0,0.9981949458483754,"#kampusswastaterbaik, #safeaiuniversity","#contributetotheworld, #creatingthefuture, #entrepreneurialuniversity, #kampusberdampak, #sustainabilityuniversity"
"contributetotheworld, entrepreneurialuniversity, kampusberdampak, kampusswastaterbaik, sustainabilityuniversity",safeaiuniversity,0.10347403810235338,0.10310048561822936,0.1031,0.9964,9.6643,1.0,0.09243226204099755,248.44116548375456,0.9999999999999999,0.996389891696751,0.9959749021541867,0.9981949458483754,"#contributetotheworld, #entrepreneurialuniversity, #kampusberdampak, #kampusswastaterbaik, #sustainabilityuniversity",#safeaiuniversity
"kampusberdampak, kampusswastaterbaik, sustainabilityuniversity","contributetotheworld, entrepreneurialuniversity, safeaiuniversity",0.10347403810235338,0.10310048561822936,0.1031,0.9964,9.6643,1.0,0.09243226204099755,248.44116548375456,0.9999999999999999,0.996389891696751,0.9959749021541867,0.9981949458483754,"#kampusberdampak, #kampusswastaterbaik, #sustainabilityuniversity","#contributetotheworld, #entrepreneurialuniversity, #safeaiuniversity"
"creatingthefuture, kampusberdampak, kampusswastaterbaik, sustainabilityuniversity","entrepreneurialuniversity, safeaiuniversity",0.10347403810235338,0.10310048561822936,0.1031,0.9964,9.6643,1.0,0.09243226204099755,248.44116548375456,0.9999999999999999,0.996389891696751,0.9959749021541867,0.9981949458483754,"#creatingthefuture, #kampusberdampak, #kampusswastaterbaik, #sustainabilityuniversity","#entrepreneurialuniversity, #safeaiuniversity"
"kampusberdampak, kampusswastaterbaik, sustainabilityuniversity","contributetotheworld, creatingthefuture, safeaiuniversity",0.10347403810235338,0.10310048561822936,0.1031,0.9964,9.6643,1.0,0.09243226204099755,248.44116548375456,0.9999999999999999,0.996389891696751,0.9959749021541867,0.9981949458483754,"#kampusberdampak, #kampusswastaterbaik, #sustainabilityuniversity","#contributetotheworld, #creatingthefuture, #safeaiuniversity"
safeaiuniversity,"contributetotheworld, creatingthefuture, entrepreneurialuniversity, kampusberdampak",0.10310048561822936,0.10347403810235338,0.1031,1.0,9.6643,1.0,0.09243226204099755,inf,0.9995835068721366,0.996389891696751,1.0,0.9981949458483754,#safeaiuniversity,"#contributetotheworld, #creatingthefuture, #entrepreneurialuniversity, #kampusberdampak"
"contributetotheworld, creatingthefuture, entrepreneurialuniversity, kampusberdampak",safeaiuniversity,0.10347403810235338,0.10310048561822936,0.1031,0.9964,9.6643,1.0,0.09243226204099755,248.44116548375456,0.9999999999999999,0.996389891696751,0.9959749021541867,0.9981949458483754,"#contributetotheworld, #creatingthefuture, #entrepreneurialuniversity, #kampusberdampak",#safeaiuniversity
"creatingthefuture, entrepreneurialuniversity, kampusberdampak","contributetotheworld, safeaiuniversity",0.10347403810235338,0.10310048561822936,0.1031,0.9964,9.6643,1.0,0.09243226204099755,248.44116548375456,0.9999999999999999,0.996389891696751,0.9959749021541867,0.9981949458483754,"#creatingthefuture, #entrepreneurialuniversity, #kampusberdampak","#contributetotheworld, #safeaiuniversity"
"contributetotheworld, creatingthefuture, kampusberdampak","entrepreneurialuniversity, safeaiuniversity",0.10347403810235338,0.10310048561822936,0.1031,0.9964,9.6643,1.0,0.09243226204099755,248.44116548375456,0.9999999999999999,0.996389891696751,0.9959749021541867,0.9981949458483754,"#contributetotheworld, #creatingthefuture, #kampusberdampak","#entrepreneurialuniversity, #safeaiuniversity"
"contributetotheworld, entrepreneurialuniversity, kampusberdampak","creatingthefuture, safeaiuniversity",0.10347403810235338,0.10310048561822936,0.1031,0.9964,9.6643,1.0,0.09243226204099755,248.44116548375456,0.9999999999999999,0.996389891696751,0.9959749021541867,0.9981949458483754,"#contributetotheworld, #entrepreneurialuniversity, #kampusberdampak","#creatingthefuture, #safeaiuniversity"
"contributetotheworld, creatingthefuture, safeaiuniversity","kampusberdampak, kampusswastaterbaik, sustainabilityuniversity",0.10310048561822936,0.10347403810235338,0.1031,1.0,9.6643,1.0,0.09243226204099755,inf,0.9995835068721366,0.996389891696751,1.0,0.9981949458483754,"#contributetotheworld, #creatingthefuture, #safeaiuniversity","#kampusberdampak, #kampusswastaterbaik, #sustainabilityuniversity"
"creatingthefuture, kampusberdampak, kampusswastaterbaik, sustainabilityuniversity","contributetotheworld, safeaiuniversity",0.10347403810235338,0.10310048561822936,0.1031,0.9964,9.6643,1.0,0.09243226204099755,248.44116548375456,0.9999999999999999,0.996389891696751,0.9959749021541867,0.9981949458483754,"#creatingthefuture, #kampusberdampak, #kampusswastaterbaik, #sustainabilityuniversity","#contributetotheworld, #safeaiuniversity"
"contributetotheworld, creatingthefuture, kampusberdampak, kampusswastaterbaik","safeaiuniversity, sustainabilityuniversity",0.10347403810235338,0.10310048561822936,0.1031,0.9964,9.6643,1.0,0.09243226204099755,248.44116548375456,0.9999999999999999,0.996389891696751,0.9959749021541867,0.9981949458483754,"#contributetotheworld, #creatingthefuture, #kampusberdampak, #kampusswastaterbaik","#safeaiuniversity, #sustainabilityuniversity"
"contributetotheworld, kampusberdampak, kampusswastaterbaik, sustainabilityuniversity","creatingthefuture, safeaiuniversity",0.10347403810235338,0.10310048561822936,0.1031,0.9964,9.6643,1.0,0.09243226204099755,248.44116548375456,0.9999999999999999,0.996389891696751,0.9959749021541867,0.9981949458483754,"#contributetotheworld, #kampusberdampak, #kampusswastaterbaik, #sustainabilityuniversity","#creatingthefuture, #safeaiuniversity"
"creatingthefuture, kampusswastaterbaik, safeaiuniversity","contributetotheworld, entrepreneurialuniversity, kampusberdampak, sustainabilityuniversity",0.10310048561822936,0.10347403810235338,0.1031,1.0,9.6643,1.0,0.09243226204099755,inf,0.9995835068721366,0.996389891696751,1.0,0.9981949458483754,"#creatingthefuture, #kampusswastaterbaik, #safeaiuniversity","#contributetotheworld, #entrepreneurialuniversity, #kampusberdampak, #sustainabilityuniversity"
"kampusswastaterbaik, safeaiuniversity, sustainabilityuniversity","contributetotheworld, creatingthefuture, entrepreneurialuniversity, kampusberdampak",0.10310048561822936,0.10347403810235338,0.1031,1.0,9.6643,1.0,0.09243226204099755,inf,0.9995835068721366,0.996389891696751,1.0,0.9981949458483754,"#kampusswastaterbaik, #safeaiuniversity, #sustainabilityuniversity","#contributetotheworld, #creatingthefuture, #entrepreneurialuniversity, #kampusberdampak"
"entrepreneurialuniversity, kampusswastaterbaik, safeaiuniversity","contributetotheworld, creatingthefuture, kampusberdampak, sustainabilityuniversity",0.10310048561822936,0.10347403810235338,0.1031,1.0,9.6643,1.0,0.09243226204099755,inf,0.9995835068721366,0.996389891696751,1.0,0.9981949458483754,"#entrepreneurialuniversity, #kampusswastaterbaik, #safeaiuniversity","#contributetotheworld, #creatingthefuture, #kampusberdampak, #sustainabilityuniversity"
"contributetotheworld, kampusswastaterbaik, safeaiuniversity","creatingthefuture, entrepreneurialuniversity, kampusberdampak, sustainabilityuniversity",0.10310048561822936,0.10347403810235338,0.1031,1.0,9.6643,1.0,0.09243226204099755,inf,0.9995835068721366,0.996389891696751,1.0,0.9981949458483754,"#contributetotheworld, #kampusswastaterbaik, #safeaiuniversity","#creatingthefuture, #entrepreneurialuniversity, #kampusberdampak, #sustainabilityuniversity"
"creatingthefuture, safeaiuniversity, sustainabilityuniversity","contributetotheworld, entrepreneurialuniversity, kampusberdampak, kampusswastaterbaik",0.10310048561822936,0.10347403810235338,0.1031,1.0,9.6643,1.0,0.09243226204099755,inf,0.9995835068721366,0.996389891696751,1.0,0.9981949458483754,"#creatingthefuture, #safeaiuniversity, #sustainabilityuniversity","#contributetotheworld, #entrepreneurialuniversity, #kampusberdampak, #kampusswastaterbaik"
"creatingthefuture, entrepreneurialuniversity, safeaiuniversity","contributetotheworld, kampusberdampak, kampusswastaterbaik, sustainabilityuniversity",0.10310048561822936,0.10347403810235338,0.1031,1.0,9.6643,1.0,0.09243226204099755,inf,0.9995835068721366,0.996389891696751,1.0,0.9981949458483754,"#creatingthefuture, #entrepreneurialuniversity, #safeaiuniversity","#contributetotheworld, #kampusberdampak, #kampusswastaterbaik, #sustainabilityuniversity"
"kampusberdampak, kampusswastaterbaik, sustainabilityuniversity","creatingthefuture, entrepreneurialuniversity, safeaiuniversity",0.10347403810235338,0.10310048561822936,0.1031,0.9964,9.6643,1.0,0.09243226204099755,248.44116548375456,0.9999999999999999,0.996389891696751,0.9959749021541867,0.9981949458483754,"#kampusberdampak, #kampusswastaterbaik, #sustainabilityuniversity","#creatingthefuture, #entrepreneurialuniversity, #safeaiuniversity"
"entrepreneurialuniversity, kampusberdampak, kampusswastaterbaik","creatingthefuture, safeaiuniversity, sustainabilityuniversity",0.10347403810235338,0.10310048561822936,0.1031,0.9964,9.6643,1.0,0.09243226204099755,248.44116548375456,0.9999999999999999,0.996389891696751,0.9959749021541867,0.9981949458483754,"#entrepreneurialuniversity, #kampusberdampak, #kampusswastaterbaik","#creatingthefuture, #safeaiuniversity, #sustainabilityuniversity"
"contributetotheworld, entrepreneurialuniversity, kampusberdampak","creatingthefuture, kampusswastaterbaik, safeaiuniversity, sustainabilityuniversity",0.10347403810235338,0.10310048561822936,0.1031,0.9964,9.6643,1.0,0.09243226204099755,248.44116548375456,0.9999999999999999,0.996389891696751,0.9959749021541867,0.9981949458483754,"#contributetotheworld, #entrepreneurialuniversity, #kampusberdampak","#creatingthefuture, #kampusswastaterbaik, #safeaiuniversity, #sustainabilityuniversity"
"contributetotheworld, creatingthefuture, kampusberdampak, kampusswastaterbaik, sustainabilityuniversity",safeaiuniversity,0.10347403810235338,0.10310048561822936,0.1031,0.9964,9.6643,1.0,0.09243226204099755,248.44116548375456,0.9999999999999999,0.996389891696751,0.9959749021541867,0.9981949458483754,"#contributetotheworld, #creatingthefuture, #kampusberdampak, #kampusswastaterbaik, #sustainabilityuniversity",#safeaiuniversity
"kampusberdampak, kampusswastaterbaik, sustainabilityuniversity",safeaiuniversity,0.10347403810235338,0.10310048561822936,0.1031,0.9964,9.6643,1.0,0.09243226204099755,248.44116548375456,0.9999999999999999,0.996389891696751,0.9959749021541867,0.9981949458483754,"#kampusberdampak, #kampusswastaterbaik, #sustainabilityuniversity",#safeaiuniversity
"entrepreneurialuniversity, kampusberdampak, sustainabilityuniversity",safeaiuniversity,0.10347403810235338,0.10310048561822936,0.1031,0.9964,9.6643,1.0,0.09243226204099755,248.44116548375456,0.9999999999999999,0.996389891696751,0.9959749021541867,0.9981949458483754,"#entrepreneurialuniversity, #kampusberdampak, #sustainabilityuniversity",#safeaiuniversity
"entrepreneurialuniversity, kampusberdampak","safeaiuniversity, sustainabilityuniversity",0.10347403810235338,0.10310048561822936,0.1031,0.9964,9.6643,1.0,0.09243226204099755,248.44116548375456,0.9999999999999999,0.996389891696751,0.9959749021541867,0.9981949458483754,"#entrepreneurialuniversity, #kampusberdampak","#safeaiuniversity, #sustainabilityuniversity"
"kampusberdampak, sustainabilityuniversity","entrepreneurialuniversity, safeaiuniversity",0.10347403810235338,0.10310048561822936,0.1031,0.9964,9.6643,1.0,0.09243226204099755,248.44116548375456,0.9999999999999999,0.996389891696751,0.9959749021541867,0.9981949458483754,"#kampusberdampak, #sustainabilityuniversity","#entrepreneurialuniversity, #safeaiuniversity"
"entrepreneurialuniversity, safeaiuniversity","kampusberdampak, sustainabilityuniversity",0.10310048561822936,0.10347403810235338,0.1031,1.0,9.6643,1.0,0.09243226204099755,inf,0.9995835068721366,0.996389891696751,1.0,0.9981949458483754,"#entrepreneurialuniversity, #safeaiuniversity","#kampusberdampak, #sustainabilityuniversity"
"safeaiuniversity, sustainabilityuniversity","entrepreneurialuniversity, kampusberdampak",0.10310048561822936,0.10347403810235338,0.1031,1.0,9.6643,1.0,0.09243226204099755,inf,0.9995835068721366,0.996389891696751,1.0,0.9981949458483754,"#safeaiuniversity, #sustainabilityuniversity","#entrepreneurialuniversity, #kampusberdampak"
safeaiuniversity,"entrepreneurialuniversity, kampusberdampak, sustainabilityuniversity",0.10310048561822936,0.10347403810235338,0.1031,1.0,9.6643,1.0,0.09243226204099755,inf,0.9995835068721366,0.996389891696751,1.0,0.9981949458483754,#safeaiuniversity,"#entrepreneurialuniversity, #kampusberdampak, #sustainabilityuniversity"
safeaiuniversity,"kampusberdampak, kampusswastaterbaik, sustainabilityuniversity",0.10310048561822936,0.10347403810235338,0.1031,1.0,9.6643,1.0,0.09243226204099755,inf,0.9995835068721366,0.996389891696751,1.0,0.9981949458483754,#safeaiuniversity,"#kampusberdampak, #kampusswastaterbaik, #sustainabilityuniversity"
"kampusberdampak, sustainabilityuniversity","kampusswastaterbaik, safeaiuniversity",0.10347403810235338,0.10310048561822936,0.1031,0.9964,9.6643,1.0,0.09243226204099755,248.44116548375456,0.9999999999999999,0.996389891696751,0.9959749021541867,0.9981949458483754,"#kampusberdampak, #sustainabilityuniversity","#kampusswastaterbaik, #safeaiuniversity"
"kampusswastaterbaik, safeaiuniversity","kampusberdampak, sustainabilityuniversity",0.10310048561822936,0.10347403810235338,0.1031,1.0,9.6643,1.0,0.09243226204099755,inf,0.9995835068721366,0.996389891696751,1.0,0.9981949458483754,"#kampusswastaterbaik, #safeaiuniversity","#kampusberdampak, #sustainabilityuniversity"
"contributetotheworld, creatingthefuture, kampusberdampak, sustainabilityuniversity","kampusswastaterbaik, safeaiuniversity",0.10347403810235338,0.10310048561822936,0.1031,0.9964,9.6643,1.0,0.09243226204099755,248.44116548375456,0.9999999999999999,0.996389891696751,0.9959749021541867,0.9981949458483754,"#contributetotheworld, #creatingthefuture, #kampusberdampak, #sustainabilityuniversity","#kampusswastaterbaik, #safeaiuniversity"
"contributetotheworld, creatingthefuture, kampusswastaterbaik, safeaiuniversity","kampusberdampak, sustainabilityuniversity",0.10310048561822936,0.10347403810235338,0.1031,1.0,9.6643,1.0,0.09243226204099755,inf,0.9995835068721366,0.996389891696751,1.0,0.9981949458483754,"#contributetotheworld, #creatingthefuture, #kampusswastaterbaik, #safeaiuniversity","#kampusberdampak, #sustainabilityuniversity"
"contributetotheworld, creatingthefuture, kampusberdampak","entrepreneurialuniversity, kampusswastaterbaik, safeaiuniversity, sustainabilityuniversity",0.10347403810235338,0.10310048561822936,0.1031,0.9964,9.6643,1.0,0.09243226204099755,248.44116548375456,0.9999999999999999,0.996389891696751,0.9959749021541867,0.9981949458483754,"#contributetotheworld, #creatingthefuture, #kampusberdampak","#entrepreneurialuniversity, #kampusswastaterbaik, #safeaiuniversity, #sustainabilityuniversity"
"entrepreneurialuniversity, kampusberdampak, sustainabilityuniversity","contributetotheworld, creatingthefuture, kampusswastaterbaik, safeaiuniversity",0.10347403810235338,0.10310048561822936,0.1031,0.9964,9.6643,1.0,0.09243226204099755,248.44116548375456,0.9999999999999999,0.996389891696751,0.9959749021541867,0.9981949458483754,"#entrepreneurialuniversity, #kampusberdampak, #sustainabilityuniversity","#contributetotheworld, #creatingthefuture, #kampusswastaterbaik, #safeaiuniversity"
"entrepreneurialuniversity, safeaiuniversity","contributetotheworld, kampusberdampak, kampusswastaterbaik, sustainabilityuniversity",0.10310048561822936,0.10347403810235338,0.1031,1.0,9.6643,1.0,0.09243226204099755,inf,0.9995835068721366,0.996389891696751,1.0,0.9981949458483754,"#entrepreneurialuniversity, #safeaiuniversity","#contributetotheworld, #kampusberdampak, #kampusswastaterbaik, #sustainabilityuniversity"
"contributetotheworld, safeaiuniversity","entrepreneurialuniversity, kampusberdampak, kampusswastaterbaik, sustainabilityuniversity",0.10310048561822936,0.10347403810235338,0.1031,1.0,9.6643,1.0,0.09243226204099755,inf,0.9995835068721366,0.996389891696751,1.0,0.9981949458483754,"#contributetotheworld, #safeaiuniversity","#entrepreneurialuniversity, #kampusberdampak, #kampusswastaterbaik, #sustainabilityuniversity"
safeaiuniversity,"creatingthefuture, kampusberdampak, sustainabilityuniversity",0.10310048561822936,0.10347403810235338,0.1031,1.0,9.6643,1.0,0.09243226204099755,inf,0.9995835068721366,0.996389891696751,1.0,0.9981949458483754,#safeaiuniversity,"#creatingthefuture, #kampusberdampak, #sustainabilityuniversity"
"kampusswastaterbaik, safeaiuniversity","contributetotheworld, creatingthefuture, kampusberdampak",0.10310048561822936,0.10347403810235338,0.1031,1.0,9.6643,1.0,0.09243226204099755,inf,0.9995835068721366,0.996389891696751,1.0,0.9981949458483754,"#kampusswastaterbaik, #safeaiuniversity","#contributetotheworld, #creatingthefuture, #kampusberdampak"
"entrepreneurialuniversity, kampusberdampak, kampusswastaterbaik",safeaiuniversity,0.10347403810235338,0.10310048561822936,0.1031,0.9964,9.6643,1.0,0.09243226204099755,248.44116548375456,0.9999999999999999,0.996389891696751,0.9959749021541867,0.9981949458483754,"#entrepreneurialuniversity, #kampusberdampak, #kampusswastaterbaik",#safeaiuniversity
"entrepreneurialuniversity, kampusberdampak","kampusswastaterbaik, safeaiuniversity",0.10347403810235338,0.10310048561822936,0.1031,0.9964,9.6643,1.0,0.09243226204099755,248.44116548375456,0.9999999999999999,0.996389891696751,0.9959749021541867,0.9981949458483754,"#entrepreneurialuniversity, #kampusberdampak","#kampusswastaterbaik, #safeaiuniversity"
"kampusswastaterbaik, safeaiuniversity","entrepreneurialuniversity, kampusberdampak",0.10310048561822936,0.10347403810235338,0.1031,1.0,9.6643,1.0,0.09243226204099755,inf,0.9995835068721366,0.996389891696751,1.0,0.9981949458483754,"#kampusswastaterbaik, #safeaiuniversity","#entrepreneurialuniversity, #kampusberdampak"
safeaiuniversity,"contributetotheworld, creatingthefuture, kampusberdampak, kampusswastaterbaik",0.10310048561822936,0.10347403810235338,0.1031,1.0,9.6643,1.0,0.09243226204099755,inf,0.9995835068721366,0.996389891696751,1.0,0.9981949458483754,#safeaiuniversity,"#contributetotheworld, #creatingthefuture, #kampusberdampak, #kampusswastaterbaik"
"contributetotheworld, creatingthefuture, kampusberdampak, kampusswastaterbaik",safeaiuniversity,0.10347403810235338,0.10310048561822936,0.1031,0.9964,9.6643,1.0,0.09243226204099755,248.44116548375456,0.9999999999999999,0.996389891696751,0.9959749021541867,0.9981949458483754,"#contributetotheworld, #creatingthefuture, #kampusberdampak, #kampusswastaterbaik",#safeaiuniversity
"contributetotheworld, creatingthefuture, kampusberdampak","kampusswastaterbaik, safeaiuniversity",0.10347403810235338,0.10310048561822936,0.1031,0.9964,9.6643,1.0,0.09243226204099755,248.44116548375456,0.9999999999999999,0.996389891696751,0.9959749021541867,0.9981949458483754,"#contributetotheworld, #creatingthefuture, #kampusberdampak","#kampusswastaterbaik, #safeaiuniversity"
safeaiuniversity,"entrepreneurialuniversity, kampusberdampak, kampusswastaterbaik",0.10310048561822936,0.10347403810235338,0.1031,1.0,9.6643,1.0,0.09243226204099755,inf,0.9995835068721366,0.996389891696751,1.0,0.9981949458483754,#safeaiuniversity,"#entrepreneurialuniversity, #kampusberdampak, #kampusswastaterbaik"
"creatingthefuture, entrepreneurialuniversity, kampusberdampak, sustainabilityuniversity","kampusswastaterbaik, safeaiuniversity",0.10347403810235338,0.10310048561822936,0.1031,0.9964,9.6643,1.0,0.09243226204099755,248.44116548375456,0.9999999999999999,0.996389891696751,0.9959749021541867,0.9981949458483754,"#creatingthefuture, #entrepreneurialuniversity, #kampusberdampak, #sustainabilityuniversity","#kampusswastaterbaik, #safeaiuniversity"
"creatingthefuture, kampusswastaterbaik, safeaiuniversity, sustainabilityuniversity","entrepreneurialuniversity, kampusberdampak",0.10310048561822936,0.10347403810235338,0.1031,1.0,9.6643,1.0,0.09243226204099755,inf,0.9995835068721366,0.996389891696751,1.0,0.9981949458483754,"#creatingthefuture, #kampusswastaterbaik, #safeaiuniversity, #sustainabilityuniversity","#entrepreneurialuniversity, #kampusberdampak"
"creatingthefuture, entrepreneurialuniversity, kampusswastaterbaik, safeaiuniversity","kampusberdampak, sustainabilityuniversity",0.10310048561822936,0.10347403810235338,0.1031,1.0,9.6643,1.0,0.09243226204099755,inf,0.9995835068721366,0.996389891696751,1.0,0.9981949458483754,"#creatingthefuture, #entrepreneurialuniversity, #kampusswastaterbaik, #safeaiuniversity","#kampusberdampak, #sustainabilityuniversity"
"creatingthefuture, safeaiuniversity","contributetotheworld, kampusberdampak, sustainabilityuniversity",0.10310048561822936,0.10347403810235338,0.1031,1.0,9.6643,1.0,0.09243226204099755,inf,0.9995835068721366,0.996389891696751,1.0,0.9981949458483754,"#creatingthefuture, #safeaiuniversity","#contributetotheworld, #kampusberdampak, #sustainabilityuniversity"
"safeaiuniversity, sustainabilityuniversity","contributetotheworld, creatingthefuture, kampusberdampak",0.10310048561822936,0.10347403810235338,0.1031,1.0,9.6643,1.0,0.09243226204099755,inf,0.9995835068721366,0.996389891696751,1.0,0.9981949458483754,"#safeaiuniversity, #sustainabilityuniversity","#contributetotheworld, #creatingthefuture, #kampusberdampak"
"contributetotheworld, safeaiuniversity","creatingthefuture, kampusberdampak, sustainabilityuniversity",0.10310048561822936,0.10347403810235338,0.1031,1.0,9.6643,1.0,0.09243226204099755,inf,0.9995835068721366,0.996389891696751,1.0,0.9981949458483754,"#contributetotheworld, #safeaiuniversity","#creatingthefuture, #kampusberdampak, #sustainabilityuniversity"
"contributetotheworld, kampusberdampak, sustainabilityuniversity","creatingthefuture, entrepreneurialuniversity, kampusswastaterbaik, safeaiuniversity",0.10347403810235338,0.10310048561822936,0.1031,0.9964,9.6643,1.0,0.09243226204099755,248.44116548375456,0.9999999999999999,0.996389891696751,0.9959749021541867,0.9981949458483754,"#contributetotheworld, #kampusberdampak, #sustainabilityuniversity","#creatingthefuture, #entrepreneurialuniversity, #kampusswastaterbaik, #safeaiuniversity"
"contributetotheworld, creatingthefuture, kampusberdampak, sustainabilityuniversity",safeaiuniversity,0.10347403810235338,0.10310048561822936,0.1031,0.9964,9.6643,1.0,0.09243226204099755,248.44116548375456,0.9999999999999999,0.996389891696751,0.9959749021541867,0.9981949458483754,"#contributetotheworld, #creatingthefuture, #kampusberdampak, #sustainabilityuniversity",#safeaiuniversity
"creatingthefuture, kampusberdampak, sustainabilityuniversity",safeaiuniversity,0.10347403810235338,0.10310048561822936,0.1031,0.9964,9.6643,1.0,0.09243226204099755,248.44116548375456,0.9999999999999999,0.996389891696751,0.9959749021541867,0.9981949458483754,"#creatingthefuture, #kampusberdampak, #sustainabilityuniversity",#safeaiuniversity
"creatingthefuture, safeaiuniversity","kampusberdampak, sustainabilityuniversity",0.10310048561822936,0.10347403810235338,0.1031,1.0,9.6643,1.0,0.09243226204099755,inf,0.9995835068721366,0.996389891696751,1.0,0.9981949458483754,"#creatingthefuture, #safeaiuniversity","#kampusberdampak, #sustainabilityuniversity"
"kampusberdampak, sustainabilityuniversity","creatingthefuture, safeaiuniversity",0.10347403810235338,0.10310048561822936,0.1031,0.9964,9.6643,1.0,0.09243226204099755,248.44116548375456,0.9999999999999999,0.996389891696751,0.9959749021541867,0.9981949458483754,"#kampusberdampak, #sustainabilityuniversity","#creatingthefuture, #safeaiuniversity"
"kampusberdampak, sustainabilityuniversity","contributetotheworld, entrepreneurialuniversity, kampusswastaterbaik, safeaiuniversity",0.10347403810235338,0.10310048561822936,0.1031,0.9964,9.6643,1.0,0.09243226204099755,248.44116548375456,0.9999999999999999,0.996389891696751,0.9959749021541867,0.9981949458483754,"#kampusberdampak, #sustainabilityuniversity","#contributetotheworld, #entrepreneurialuniversity, #kampusswastaterbaik, #safeaiuniversity"
"entrepreneurialuniversity, kampusberdampak","contributetotheworld, kampusswastaterbaik, safeaiuniversity, sustainabilityuniversity",0.10347403810235338,0.10310048561822936,0.1031,0.9964,9.6643,1.0,0.09243226204099755,248.44116548375456,0.9999999999999999,0.996389891696751,0.9959749021541867,0.9981949458483754,"#entrepreneurialuniversity, #kampusberdampak","#contributetotheworld, #kampusswastaterbaik, #safeaiuniversity, #sustainabilityuniversity"
"kampusswastaterbaik, safeaiuniversity","contributetotheworld, entrepreneurialuniversity, kampusberdampak, sustainabilityuniversity",0.10310048561822936,0.10347403810235338,0.1031,1.0,9.6643,1.0,0.09243226204099755,inf,0.9995835068721366,0.996389891696751,1.0,0.9981949458483754,"#kampusswastaterbaik, #safeaiuniversity","#contributetotheworld, #entrepreneurialuniversity, #kampusberdampak, #sustainabilityuniversity"
"safeaiuniversity, sustainabilityuniversity","contributetotheworld, entrepreneurialuniversity, kampusberdampak, kampusswastaterbaik",0.10310048561822936,0.10347403810235338,0.1031,1.0,9.6643,1.0,0.09243226204099755,inf,0.9995835068721366,0.996389891696751,1.0,0.9981949458483754,"#safeaiuniversity, #sustainabilityuniversity","#contributetotheworld, #entrepreneurialuniversity, #kampusberdampak, #kampusswastaterbaik"
"kampusberdampak, kampusswastaterbaik, sustainabilityuniversity","contributetotheworld, creatingthefuture, entrepreneurialuniversity, safeaiuniversity",0.10347403810235338,0.10310048561822936,0.1031,0.9964,9.6643,1.0,0.09243226204099755,248.44116548375456,0.9999999999999999,0.996389891696751,0.9959749021541867,0.9981949458483754,"#kampusberdampak, #kampusswastaterbaik, #sustainabilityuniversity","#contributetotheworld, #creatingthefuture, #entrepreneurialuniversity, #safeaiuniversity"
"entrepreneurialuniversity, kampusberdampak, kampusswastaterbaik","contributetotheworld, creatingthefuture, safeaiuniversity, sustainabilityuniversity",0.10347403810235338,0.10310048561822936,0.1031,0.9964,9.6643,1.0,0.09243226204099755,248.44116548375456,0.9999999999999999,0.996389891696751,0.9959749021541867,0.9981949458483754,"#entrepreneurialuniversity, #kampusberdampak, #kampusswastaterbaik","#contributetotheworld, #creatingthefuture, #safeaiuniversity, #sustainabilityuniversity"
"creatingthefuture, kampusberdampak, sustainabilityuniversity","contributetotheworld, entrepreneurialuniversity, kampusswastaterbaik, safeaiuniversity",0.10347403810235338,0.10310048561822936,0.1031,0.9964,9.6643,1.0,0.09243226204099755,248.44116548375456,0.9999999999999999,0.996389891696751,0.9959749021541867,0.9981949458483754,"#creatingthefuture, #kampusberdampak, #sustainabilityuniversity","#contributetotheworld, #entrepreneurialuniversity, #kampusswastaterbaik, #safeaiuniversity"
"creatingthefuture, entrepreneurialuniversity, kampusberdampak","contributetotheworld, kampusswastaterbaik, safeaiuniversity, sustainabilityuniversity",0.10347403810235338,0.10310048561822936,0.1031,0.9964,9.6643,1.0,0.09243226204099755,248.44116548375456,0.9999999999999999,0.996389891696751,0.9959749021541867,0.9981949458483754,"#creatingthefuture, #entrepreneurialuniversity, #kampusberdampak","#contributetotheworld, #kampusswastaterbaik, #safeaiuniversity, #sustainabilityuniversity"
"contributetotheworld, entrepreneurialuniversity, safeaiuniversity","creatingthefuture, kampusberdampak, sustainabilityuniversity",0.10310048561822936,0.10347403810235338,0.1031,1.0,9.6643,1.0,0.09243226204099755,inf,0.9995835068721366,0.996389891696751,1.0,0.9981949458483754,"#contributetotheworld, #entrepreneurialuniversity, #safeaiuniversity","#creatingthefuture, #kampusberdampak, #sustainabilityuniversity"
safeaiuniversity,"contributetotheworld, entrepreneurialuniversity, kampusberdampak, kampusswastaterbaik",0.10310048561822936,0.10347403810235338,0.1031,1.0,9.6643,1.0,0.09243226204099755,inf,0.9995835068721366,0.996389891696751,1.0,0.9981949458483754,#safeaiuniversity,"#contributetotheworld, #entrepreneurialuniversity, #kampusberdampak, #kampusswastaterbaik"
safeaiuniversity,"creatingthefuture, entrepreneurialuniversity, kampusberdampak",0.10310048561822936,0.10347403810235338,0.1031,1.0,9.6643,1.0,0.09243226204099755,inf,0.9995835068721366,0.996389891696751,1.0,0.9981949458483754,#safeaiuniversity,"#creatingthefuture, #entrepreneurialuniversity, #kampusberdampak"
"contributetotheworld, entrepreneurialuniversity, kampusberdampak","kampusswastaterbaik, safeaiuniversity",0.10347403810235338,0.10310048561822936,0.1031,0.9964,9.6643,1.0,0.09243226204099755,248.44116548375456,0.9999999999999999,0.996389891696751,0.9959749021541867,0.9981949458483754,"#contributetotheworld, #entrepreneurialuniversity, #kampusberdampak","#kampusswastaterbaik, #safeaiuniversity"
"contributetotheworld, kampusswastaterbaik, safeaiuniversity","entrepreneurialuniversity, kampusberdampak",0.10310048561822936,0.10347403810235338,0.1031,1.0,9.6643,1.0,0.09243226204099755,inf,0.9995835068721366,0.996389891696751,1.0,0.9981949458483754,"#contributetotheworld, #kampusswastaterbaik, #safeaiuniversity","#entrepreneurialuniversity, #kampusberdampak"
"entrepreneurialuniversity, kampusberdampak","contributetotheworld, kampusswastaterbaik, safeaiuniversity",0.10347403810235338,0.10310048561822936,0.1031,0.9964,9.6643,1.0,0.09243226204099755,248.44116548375456,0.9999999999999999,0.996389891696751,0.9959749021541867,0.9981949458483754,"#entrepreneurialuniversity, #kampusberdampak","#contributetotheworld, #kampusswastaterbaik, #safeaiuniversity"
"kampusswastaterbaik, safeaiuniversity","contributetotheworld, entrepreneurialuniversity, kampusberdampak",0.10310048561822936,0.10347403810235338,0.1031,1.0,9.6643,1.0,0.09243226204099755,inf,0.9995835068721366,0.996389891696751,1.0,0.9981949458483754,"#kampusswastaterbaik, #safeaiuniversity","#contributetotheworld, #entrepreneurialuniversity, #kampusberdampak"
"contributetotheworld, safeaiuniversity","entrepreneurialuniversity, kampusberdampak, kampusswastaterbaik",0.10310048561822936,0.10347403810235338,0.1031,1.0,9.6643,1.0,0.09243226204099755,inf,0.9995835068721366,0.996389891696751,1.0,0.9981949458483754,"#contributetotheworld, #safeaiuniversity","#entrepreneurialuniversity, #kampusberdampak, #kampusswastaterbaik"
"contributetotheworld, entrepreneurialuniversity, kampusberdampak, kampusswastaterbaik",safeaiuniversity,0.10347403810235338,0.10310048561822936,0.1031,0.9964,9.6643,1.0,0.09243226204099755,248.44116548375456,0.9999999999999999,0.996389891696751,0.9959749021541867,0.9981949458483754,"#contributetotheworld, #entrepreneurialuniversity, #kampusberdampak, #kampusswastaterbaik",#safeaiuniversity
"entrepreneurialuniversity, kampusberdampak, kampusswastaterbaik","contributetotheworld, safeaiuniversity",0.10347403810235338,0.10310048561822936,0.1031,0.9964,9.6643,1.0,0.09243226204099755,248.44116548375456,0.9999999999999999,0.996389891696751,0.9959749021541867,0.9981949458483754,"#entrepreneurialuniversity, #kampusberdampak, #kampusswastaterbaik","#contributetotheworld, #safeaiuniversity"
safeaiuniversity,"contributetotheworld, creatingthefuture, kampusberdampak, sustainabilityuniversity",0.10310048561822936,0.10347403810235338,0.1031,1.0,9.6643,1.0,0.09243226204099755,inf,0.9995835068721366,0.996389891696751,1.0,0.9981949458483754,#safeaiuniversity,"#contributetotheworld, #creatingthefuture, #kampusberdampak, #sustainabilityuniversity"
"creatingthefuture, kampusberdampak, sustainabilityuniversity","contributetotheworld, safeaiuniversity",0.10347403810235338,0.10310048561822936,0.1031,0.9964,9.6643,1.0,0.09243226204099755,248.44116548375456,0.9999999999999999,0.996389891696751,0.9959749021541867,0.9981949458483754,"#creatingthefuture, #kampusberdampak, #sustainabilityuniversity","#contributetotheworld, #safeaiuniversity"
"contributetotheworld, creatingthefuture, kampusberdampak","safeaiuniversity, sustainabilityuniversity",0.10347403810235338,0.10310048561822936,0.1031,0.9964,9.6643,1.0,0.09243226204099755,248.44116548375456,0.9999999999999999,0.996389891696751,0.9959749021541867,0.9981949458483754,"#contributetotheworld, #creatingthefuture, #kampusberdampak","#safeaiuniversity, #sustainabilityuniversity"
"contributetotheworld, kampusberdampak, sustainabilityuniversity","creatingthefuture, safeaiuniversity",0.10347403810235338,0.10310048561822936,0.1031,0.9964,9.6643,1.0,0.09243226204099755,248.44116548375456,0.9999999999999999,0.996389891696751,0.9959749021541867,0.9981949458483754,"#contributetotheworld, #kampusberdampak, #sustainabilityuniversity","#creatingthefuture, #safeaiuniversity"
"contributetotheworld, creatingthefuture, safeaiuniversity","kampusberdampak, sustainabilityuniversity",0.10310048561822936,0.10347403810235338,0.1031,1.0,9.6643,1.0,0.09243226204099755,inf,0.9995835068721366,0.996389891696751,1.0,0.9981949458483754,"#contributetotheworld, #creatingthefuture, #safeaiuniversity","#kampusberdampak, #sustainabilityuniversity"
"kampusberdampak, sustainabilityuniversity","contributetotheworld, creatingthefuture, safeaiuniversity",0.10347403810235338,0.10310048561822936,0.1031,0.9964,9.6643,1.0,0.09243226204099755,248.44116548375456,0.9999999999999999,0.996389891696751,0.9959749021541867,0.9981949458483754,"#kampusberdampak, #sustainabilityuniversity","#contributetotheworld, #creatingthefuture, #safeaiuniversity"
"entrepreneurialuniversity, kampusberdampak","creatingthefuture, safeaiuniversity",0.10347403810235338,0.10310048561822936,0.1031,0.9964,9.6643,1.0,0.09243226204099755,248.44116548375456,0.9999999999999999,0.996389891696751,0.9959749021541867,0.9981949458483754,"#entrepreneurialuniversity, #kampusberdampak","#creatingthefuture, #safeaiuniversity"
"contributetotheworld, entrepreneurialuniversity, kampusberdampak, sustainabilityuniversity",safeaiuniversity,0.10347403810235338,0.10310048561822936,0.1031,0.9964,9.6643,1.0,0.09243226204099755,248.44116548375456,0.9999999999999999,0.996389891696751,0.9959749021541867,0.9981949458483754,"#contributetotheworld, #entrepreneurialuniversity, #kampusberdampak, #sustainabilityuniversity",#safeaiuniversity
"entrepreneurialuniversity, kampusberdampak, sustainabilityuniversity","contributetotheworld, safeaiuniversity",0.10347403810235338,0.10310048561822936,0.1031,0.9964,9.6643,1.0,0.09243226204099755,248.44116548375456,0.9999999999999999,0.996389891696751,0.9959749021541867,0.9981949458483754,"#entrepreneurialuniversity, #kampusberdampak, #sustainabilityuniversity","#contributetotheworld, #safeaiuniversity"
"contributetotheworld, kampusberdampak, sustainabilityuniversity","entrepreneurialuniversity, safeaiuniversity",0.10347403810235338,0.10310048561822936,0.1031,0.9964,9.6643,1.0,0.09243226204099755,248.44116548375456,0.9999999999999999,0.996389891696751,0.9959749021541867,0.9981949458483754,"#contributetotheworld, #kampusberdampak, #sustainabilityuniversity","#entrepreneurialuniversity, #safeaiuniversity"
"contributetotheworld, entrepreneurialuniversity, kampusberdampak","safeaiuniversity, sustainabilityuniversity",0.10347403810235338,0.10310048561822936,0.1031,0.9964,9.6643,1.0,0.09243226204099755,248.44116548375456,0.9999999999999999,0.996389891696751,0.9959749021541867,0.9981949458483754,"#contributetotheworld, #entrepreneurialuniversity, #kampusberdampak","#safeaiuniversity, #sustainabilityuniversity"
"contributetotheworld, safeaiuniversity, sustainabilityuniversity","entrepreneurialuniversity, kampusberdampak",0.10310048561822936,0.10347403810235338,0.1031,1.0,9.6643,1.0,0.09243226204099755,inf,0.9995835068721366,0.996389891696751,1.0,0.9981949458483754,"#contributetotheworld, #safeaiuniversity, #sustainabilityuniversity","#entrepreneurialuniversity, #kampusberdampak"
"contributetotheworld, entrepreneurialuniversity, safeaiuniversity","kampusberdampak, sustainabilityuniversity",0.10310048561822936,0.10347403810235338,0.1031,1.0,9.6643,1.0,0.09243226204099755,inf,0.9995835068721366,0.996389891696751,1.0,0.9981949458483754,"#contributetotheworld, #entrepreneurialuniversity, #safeaiuniversity","#kampusberdampak, #sustainabilityuniversity"
"creatingthefuture, kampusberdampak, sustainabilityuniversity","entrepreneurialuniversity, kampusswastaterbaik, safeaiuniversity",0.10347403810235338,0.10310048561822936,0.1031,0.9964,9.6643,1.0,0.09243226204099755,248.44116548375456,0.9999999999999999,0.996389891696751,0.9959749021541867,0.9981949458483754,"#creatingthefuture, #kampusberdampak, #sustainabilityuniversity","#entrepreneurialuniversity, #kampusswastaterbaik, #safeaiuniversity"
"creatingthefuture, entrepreneurialuniversity, kampusberdampak","kampusswastaterbaik, safeaiuniversity, sustainabilityuniversity",0.10347403810235338,0.10310048561822936,0.1031,0.9964,9.6643,1.0,0.09243226204099755,248.44116548375456,0.9999999999999999,0.996389891696751,0.9959749021541867,0.9981949458483754,"#creatingthefuture, #entrepreneurialuniversity, #kampusberdampak","#kampusswastaterbaik, #safeaiuniversity, #sustainabilityuniversity"
"entrepreneurialuniversity, kampusberdampak, sustainabilityuniversity","creatingthefuture, kampusswastaterbaik, safeaiuniversity",0.10347403810235338,0.10310048561822936,0.1031,0.9964,9.6643,1.0,0.09243226204099755,248.44116548375456,0.9999999999999999,0.996389891696751,0.9959749021541867,0.9981949458483754,"#entrepreneurialuniversity, #kampusberdampak, #sustainabilityuniversity","#creatingthefuture, #kampusswastaterbaik, #safeaiuniversity"
"creatingthefuture, kampusswastaterbaik, safeaiuniversity","entrepreneurialuniversity, kampusberdampak, sustainabilityuniversity",0.10310048561822936,0.10347403810235338,0.1031,1.0,9.6643,1.0,0.09243226204099755,inf,0.9995835068721366,0.996389891696751,1.0,0.9981949458483754,"#creatingthefuture, #kampusswastaterbaik, #safeaiuniversity","#entrepreneurialuniversity, #kampusberdampak, #sustainabilityuniversity"
"kampusswastaterbaik, safeaiuniversity, sustainabilityuniversity","creatingthefuture, entrepreneurialuniversity, kampusberdampak",0.10310048561822936,0.10347403810235338,0.1031,1.0,9.6643,1.0,0.09243226204099755,inf,0.9995835068721366,0.996389891696751,1.0,0.9981949458483754,"#kampusswastaterbaik, #safeaiuniversity, #sustainabilityuniversity","#creatingthefuture, #entrepreneurialuniversity, #kampusberdampak"
"entrepreneurialuniversity, kampusswastaterbaik, safeaiuniversity","creatingthefuture, kampusberdampak, sustainabilityuniversity",0.10310048561822936,0.10347403810235338,0.1031,1.0,9.6643,1.0,0.09243226204099755,inf,0.9995835068721366,0.996389891696751,1.0,0.9981949458483754,"#entrepreneurialuniversity, #kampusswastaterbaik, #safeaiuniversity","#creatingthefuture, #kampusberdampak, #sustainabilityuniversity"
"creatingthefuture, safeaiuniversity, sustainabilityuniversity","entrepreneurialuniversity, kampusberdampak, kampusswastaterbaik",0.10310048561822936,0.10347403810235338,0.1031,1.0,9.6643,1.0,0.09243226204099755,inf,0.9995835068721366,0.996389891696751,1.0,0.9981949458483754,"#creatingthefuture, #safeaiuniversity, #sustainabilityuniversity","#entrepreneurialuniversity, #kampusberdampak, #kampusswastaterbaik"
"creatingthefuture, entrepreneurialuniversity, safeaiuniversity","kampusberdampak, kampusswastaterbaik, sustainabilityuniversity",0.10310048561822936,0.10347403810235338,0.1031,1.0,9.6643,1.0,0.09243226204099755,inf,0.9995835068721366,0.996389891696751,1.0,0.9981949458483754,"#creatingthefuture, #entrepreneurialuniversity, #safeaiuniversity","#kampusberdampak, #kampusswastaterbaik, #sustainabilityuniversity"
safeaiuniversity,"contributetotheworld, creatingthefuture, entrepreneurialuniversity, kampusberdampak, sustainabilityuniversity",0.10310048561822936,0.10347403810235338,0.1031,1.0,9.6643,1.0,0.09243226204099755,inf,0.9995835068721366,0.996389891696751,1.0,0.9981949458483754,#safeaiuniversity,"#contributetotheworld, #creatingthefuture, #entrepreneurialuniversity, #kampusberdampak, #sustainabilityuniversity"
"contributetotheworld, entrepreneurialuniversity, kampusberdampak","kampusswastaterbaik, safeaiuniversity, sustainabilityuniversity",0.10347403810235338,0.10310048561822936,0.1031,0.9964,9.6643,1.0,0.09243226204099755,248.44116548375456,0.9999999999999999,0.996389891696751,0.9959749021541867,0.9981949458483754,"#contributetotheworld, #entrepreneurialuniversity, #kampusberdampak","#kampusswastaterbaik, #safeaiuniversity, #sustainabilityuniversity"
"kampusswastaterbaik, safeaiuniversity, sustainabilityuniversity","contributetotheworld, entrepreneurialuniversity, kampusberdampak",0.10310048561822936,0.10347403810235338,0.1031,1.0,9.6643,1.0,0.09243226204099755,inf,0.9995835068721366,0.996389891696751,1.0,0.9981949458483754,"#kampusswastaterbaik, #safeaiuniversity, #sustainabilityuniversity","#contributetotheworld, #entrepreneurialuniversity, #kampusberdampak"
"entrepreneurialuniversity, kampusswastaterbaik, safeaiuniversity","contributetotheworld, kampusberdampak, sustainabilityuniversity",0.10310048561822936,0.10347403810235338,0.1031,1.0,9.6643,1.0,0.09243226204099755,inf,0.9995835068721366,0.996389891696751,1.0,0.9981949458483754,"#entrepreneurialuniversity, #kampusswastaterbaik, #safeaiuniversity","#contributetotheworld, #kampusberdampak, #sustainabilityuniversity"
"contributetotheworld, kampusswastaterbaik, safeaiuniversity","entrepreneurialuniversity, kampusberdampak, sustainabilityuniversity",0.10310048561822936,0.10347403810235338,0.1031,1.0,9.6643,1.0,0.09243226204099755,inf,0.9995835068721366,0.996389891696751,1.0,0.9981949458483754,"#contributetotheworld, #kampusswastaterbaik, #safeaiuniversity","#entrepreneurialuniversity, #kampusberdampak, #sustainabilityuniversity"
"contributetotheworld, safeaiuniversity, sustainabilityuniversity","entrepreneurialuniversity, kampusberdampak, kampusswastaterbaik",0.10310048561822936,0.10347403810235338,0.1031,1.0,9.6643,1.0,0.09243226204099755,inf,0.9995835068721366,0.996389891696751,1.0,0.9981949458483754,"#contributetotheworld, #safeaiuniversity, #sustainabilityuniversity","#entrepreneurialuniversity, #kampusberdampak, #kampusswastaterbaik"
"contributetotheworld, entrepreneurialuniversity, safeaiuniversity","kampusberdampak, kampusswastaterbaik, sustainabilityuniversity",0.10310048561822936,0.10347403810235338,0.1031,1.0,9.6643,1.0,0.09243226204099755,inf,0.9995835068721366,0.996389891696751,1.0,0.9981949458483754,"#contributetotheworld, #entrepreneurialuniversity, #safeaiuniversity","#kampusberdampak, #kampusswastaterbaik, #sustainabilityuniversity"
"contributetotheworld, creatingthefuture, entrepreneurialuniversity, safeaiuniversity","kampusberdampak, kampusswastaterbaik, sustainabilityuniversity",0.10310048561822936,0.10347403810235338,0.1031,1.0,9.6643,1.0,0.09243226204099755,inf,0.9995835068721366,0.996389891696751,1.0,0.9981949458483754,"#contributetotheworld, #creatingthefuture, #entrepreneurialuniversity, #safeaiuniversity","#kampusberdampak, #kampusswastaterbaik, #sustainabilityuniversity"
"kampusberdampak, sustainabilityuniversity","contributetotheworld, creatingthefuture, entrepreneurialuniversity, safeaiuniversity",0.10347403810235338,0.10310048561822936,0.1031,0.9964,9.6643,1.0,0.09243226204099755,248.44116548375456,0.9999999999999999,0.996389891696751,0.9959749021541867,0.9981949458483754,"#kampusberdampak, #sustainabilityuniversity","#contributetotheworld, #creatingthefuture, #entrepreneurialuniversity, #safeaiuniversity"
"entrepreneurialuniversity, kampusberdampak","contributetotheworld, creatingthefuture, safeaiuniversity, sustainabilityuniversity",0.10347403810235338,0.10310048561822936,0.1031,0.9964,9.6643,1.0,0.09243226204099755,248.44116548375456,0.9999999999999999,0.996389891696751,0.9959749021541867,0.9981949458483754,"#entrepreneurialuniversity, #kampusberdampak","#contributetotheworld, #creatingthefuture, #safeaiuniversity, #sustainabilityuniversity"
"creatingthefuture, safeaiuniversity","contributetotheworld, entrepreneurialuniversity, kampusberdampak, sustainabilityuniversity",0.10310048561822936,0.10347403810235338,0.1031,1.0,9.6643,1.0,0.09243226204099755,inf,0.9995835068721366,0.996389891696751,1.0,0.9981949458483754,"#creatingthefuture, #safeaiuniversity","#contributetotheworld, #entrepreneurialuniversity, #kampusberdampak, #sustainabilityuniversity"
"safeaiuniversity, sustainabilityuniversity","contributetotheworld, creatingthefuture, entrepreneurialuniversity, kampusberdampak",0.10310048561822936,0.10347403810235338,0.1031,1.0,9.6643,1.0,0.09243226204099755,inf,0.9995835068721366,0.996389891696751,1.0,0.9981949458483754,"#safeaiuniversity, #sustainabilityuniversity","#contributetotheworld, #creatingthefuture, #entrepreneurialuniversity, #kampusberdampak"
"entrepreneurialuniversity, safeaiuniversity","contributetotheworld, creatingthefuture, kampusberdampak, sustainabilityuniversity",0.10310048561822936,0.10347403810235338,0.1031,1.0,9.6643,1.0,0.09243226204099755,inf,0.9995835068721366,0.996389891696751,1.0,0.9981949458483754,"#entrepreneurialuniversity, #safeaiuniversity","#contributetotheworld, #creatingthefuture, #kampusberdampak, #sustainabilityuniversity"
"contributetotheworld, safeaiuniversity","creatingthefuture, entrepreneurialuniversity, kampusberdampak, sustainabilityuniversity",0.10310048561822936,0.10347403810235338,0.1031,1.0,9.6643,1.0,0.09243226204099755,inf,0.9995835068721366,0.996389891696751,1.0,0.9981949458483754,"#contributetotheworld, #safeaiuniversity","#creatingthefuture, #entrepreneurialuniversity, #kampusberdampak, #sustainabilityuniversity"
"kampusberdampak, sustainabilityuniversity","contributetotheworld, safeaiuniversity",0.10347403810235338,0.10310048561822936,0.1031,0.9964,9.6643,1.0,0.09243226204099755,248.44116548375456,0.9999999999999999,0.996389891696751,0.9959749021541867,0.9981949458483754,"#kampusberdampak, #sustainabilityuniversity","#contributetotheworld, #safeaiuniversity"
"creatingthefuture, entrepreneurialuniversity, kampusberdampak",safeaiuniversity,0.10347403810235338,0.10310048561822936,0.1031,0.9964,9.6643,1.0,0.09243226204099755,248.44116548375456,0.9999999999999999,0.996389891696751,0.9959749021541867,0.9981949458483754,"#creatingthefuture, #entrepreneurialuniversity, #kampusberdampak",#safeaiuniversity
"creatingthefuture, safeaiuniversity","entrepreneurialuniversity, kampusberdampak",0.10310048561822936,0.10347403810235338,0.1031,1.0,9.6643,1.0,0.09243226204099755,inf,0.9995835068721366,0.996389891696751,1.0,0.9981949458483754,"#creatingthefuture, #safeaiuniversity","#entrepreneurialuniversity, #kampusberdampak"
"entrepreneurialuniversity, kampusberdampak",safeaiuniversity,0.10347403810235338,0.10310048561822936,0.1031,0.9964,9.6643,1.0,0.09243226204099755,248.44116548375456,0.9999999999999999,0.996389891696751,0.9959749021541867,0.9981949458483754,"#entrepreneurialuniversity, #kampusberdampak",#safeaiuniversity
safeaiuniversity,"entrepreneurialuniversity, kampusberdampak",0.10310048561822936,0.10347403810235338,0.1031,1.0,9.6643,1.0,0.09243226204099755,inf,0.9995835068721366,0.996389891696751,1.0,0.9981949458483754,#safeaiuniversity,"#entrepreneurialuniversity, #kampusberdampak"
"creatingthefuture, entrepreneurialuniversity, kampusberdampak, sustainabilityuniversity","contributetotheworld, safeaiuniversity",0.10347403810235338,0.10310048561822936,0.1031,0.9964,9.6643,1.0,0.09243226204099755,248.44116548375456,0.9999999999999999,0.996389891696751,0.9959749021541867,0.9981949458483754,"#creatingthefuture, #entrepreneurialuniversity, #kampusberdampak, #sustainabilityuniversity","#contributetotheworld, #safeaiuniversity"
"creatingthefuture, kampusberdampak, sustainabilityuniversity","contributetotheworld, entrepreneurialuniversity, safeaiuniversity",0.10347403810235338,0.10310048561822936,0.1031,0.9964,9.6643,1.0,0.09243226204099755,248.44116548375456,0.9999999999999999,0.996389891696751,0.9959749021541867,0.9981949458483754,"#creatingthefuture, #kampusberdampak, #sustainabilityuniversity","#contributetotheworld, #entrepreneurialuniversity, #safeaiuniversity"
"contributetotheworld, creatingthefuture, entrepreneurialuniversity, kampusberdampak","kampusswastaterbaik, safeaiuniversity, sustainabilityuniversity",0.10347403810235338,0.10310048561822936,0.1031,0.9964,9.6643,1.0,0.09243226204099755,248.44116548375456,0.9999999999999999,0.996389891696751,0.9959749021541867,0.9981949458483754,"#contributetotheworld, #creatingthefuture, #entrepreneurialuniversity, #kampusberdampak","#kampusswastaterbaik, #safeaiuniversity, #sustainabilityuniversity"
"contributetotheworld, entrepreneurialuniversity, kampusberdampak, sustainabilityuniversity","creatingthefuture, kampusswastaterbaik, safeaiuniversity",0.10347403810235338,0.10310048561822936,0.1031,0.9964,9.6643,1.0,0.09243226204099755,248.44116548375456,0.9999999999999999,0.996389891696751,0.9959749021541867,0.9981949458483754,"#contributetotheworld, #entrepreneurialuniversity, #kampusberdampak, #sustainabilityuniversity","#creatingthefuture, #kampusswastaterbaik, #safeaiuniversity"
"creatingthefuture, kampusswastaterbaik, safeaiuniversity, sustainabilityuniversity","contributetotheworld, entrepreneurialuniversity, kampusberdampak",0.10310048561822936,0.10347403810235338,0.1031,1.0,9.6643,1.0,0.09243226204099755,inf,0.9995835068721366,0.996389891696751,1.0,0.9981949458483754,"#creatingthefuture, #kampusswastaterbaik, #safeaiuniversity, #sustainabilityuniversity","#contributetotheworld, #entrepreneurialuniversity, #kampusberdampak"
"creatingthefuture, entrepreneurialuniversity, kampusswastaterbaik, safeaiuniversity","contributetotheworld, kampusberdampak, sustainabilityuniversity",0.10310048561822936,0.10347403810235338,0.1031,1.0,9.6643,1.0,0.09243226204099755,inf,0.9995835068721366,0.996389891696751,1.0,0.9981949458483754,"#creatingthefuture, #entrepreneurialuniversity, #kampusswastaterbaik, #safeaiuniversity","#contributetotheworld, #kampusberdampak, #sustainabilityuniversity"
"contributetotheworld, creatingthefuture, kampusswastaterbaik, safeaiuniversity","entrepreneurialuniversity, kampusberdampak, sustainabilityuniversity",0.10310048561822936,0.10347403810235338,0.1031,1.0,9.6643,1.0,0.09243226204099755,inf,0.9995835068721366,0.996389891696751,1.0,0.9981949458483754,"#contributetotheworld, #creatingthefuture, #kampusswastaterbaik, #safeaiuniversity","#entrepreneurialuniversity, #kampusberdampak, #sustainabilityuniversity"
"entrepreneurialuniversity, kampusswastaterbaik, safeaiuniversity, sustainabilityuniversity","contributetotheworld, creatingthefuture, kampusberdampak",0.10310048561822936,0.10347403810235338,0.1031,1.0,9.6643,1.0,0.09243226204099755,inf,0.9995835068721366,0.996389891696751,1.0,0.9981949458483754,"#entrepreneurialuniversity, #kampusswastaterbaik, #safeaiuniversity, #sustainabilityuniversity","#contributetotheworld, #creatingthefuture, #kampusberdampak"
"contributetotheworld, kampusswastaterbaik, safeaiuniversity, sustainabilityuniversity","creatingthefuture, entrepreneurialuniversity, kampusberdampak",0.10310048561822936,0.10347403810235338,0.1031,1.0,9.6643,1.0,0.09243226204099755,inf,0.9995835068721366,0.996389891696751,1.0,0.9981949458483754,"#contributetotheworld, #kampusswastaterbaik, #safeaiuniversity, #sustainabilityuniversity","#creatingthefuture, #entrepreneurialuniversity, #kampusberdampak"
"contributetotheworld, entrepreneurialuniversity, kampusswastaterbaik, safeaiuniversity","creatingthefuture, kampusberdampak, sustainabilityuniversity",0.10310048561822936,0.10347403810235338,0.1031,1.0,9.6643,1.0,0.09243226204099755,inf,0.9995835068721366,0.996389891696751,1.0,0.9981949458483754,"#contributetotheworld, #entrepreneurialuniversity, #kampusswastaterbaik, #safeaiuniversity","#creatingthefuture, #kampusberdampak, #sustainabilityuniversity"
"contributetotheworld, creatingthefuture, safeaiuniversity, sustainabilityuniversity","entrepreneurialuniversity, kampusberdampak, kampusswastaterbaik",0.10310048561822936,0.10347403810235338,0.1031,1.0,9.6643,1.0,0.09243226204099755,inf,0.9995835068721366,0.996389891696751,1.0,0.9981949458483754,"#contributetotheworld, #creatingthefuture, #safeaiuniversity, #sustainabilityuniversity","#entrepreneurialuniversity, #kampusberdampak, #kampusswastaterbaik"
"creatingthefuture, entrepreneurialuniversity, kampusberdampak","contributetotheworld, safeaiuniversity, sustainabilityuniversity",0.10347403810235338,0.10310048561822936,0.1031,0.9964,9.6643,1.0,0.09243226204099755,248.44116548375456,0.9999999999999999,0.996389891696751,0.9959749021541867,0.9981949458483754,"#creatingthefuture, #entrepreneurialuniversity, #kampusberdampak","#contributetotheworld, #safeaiuniversity, #sustainabilityuniversity"
"entrepreneurialuniversity, kampusberdampak, sustainabilityuniversity","contributetotheworld, kampusswastaterbaik, safeaiuniversity",0.10347403810235338,0.10310048561822936,0.1031,0.9964,9.6643,1.0,0.09243226204099755,248.44116548375456,0.9999999999999999,0.996389891696751,0.9959749021541867,0.9981949458483754,"#entrepreneurialuniversity, #kampusberdampak, #sustainabilityuniversity","#contributetotheworld, #kampusswastaterbaik, #safeaiuniversity"
"contributetotheworld, kampusberdampak, sustainabilityuniversity","entrepreneurialuniversity, kampusswastaterbaik, safeaiuniversity",0.10347403810235338,0.10310048561822936,0.1031,0.9964,9.6643,1.0,0.09243226204099755,248.44116548375456,0.9999999999999999,0.996389891696751,0.9959749021541867,0.9981949458483754,"#contributetotheworld, #kampusberdampak, #sustainabilityuniversity","#entrepreneurialuniversity, #kampusswastaterbaik, #safeaiuniversity"
"safeaiuniversity, sustainabilityuniversity","contributetotheworld, entrepreneurialuniversity, kampusberdampak",0.10310048561822936,0.10347403810235338,0.1031,1.0,9.6643,1.0,0.09243226204099755,inf,0.9995835068721366,0.996389891696751,1.0,0.9981949458483754,"#safeaiuniversity, #sustainabilityuniversity","#contributetotheworld, #entrepreneurialuniversity, #kampusberdampak"
"entrepreneurialuniversity, safeaiuniversity","contributetotheworld, kampusberdampak, sustainabilityuniversity",0.10310048561822936,0.10347403810235338,0.1031,1.0,9.6643,1.0,0.09243226204099755,inf,0.9995835068721366,0.996389891696751,1.0,0.9981949458483754,"#entrepreneurialuniversity, #safeaiuniversity","#contributetotheworld, #kampusberdampak, #sustainabilityuniversity"
"contributetotheworld, safeaiuniversity","entrepreneurialuniversity, kampusberdampak, sustainabilityuniversity",0.10310048561822936,0.10347403810235338,0.1031,1.0,9.6643,1.0,0.09243226204099755,inf,0.9995835068721366,0.996389891696751,1.0,0.9981949458483754,"#contributetotheworld, #safeaiuniversity","#entrepreneurialuniversity, #kampusberdampak, #sustainabilityuniversity"
safeaiuniversity,"contributetotheworld, entrepreneurialuniversity, kampusberdampak, sustainabilityuniversity",0.10310048561822936,0.10347403810235338,0.1031,1.0,9.6643,1.0,0.09243226204099755,inf,0.9995835068721366,0.996389891696751,1.0,0.9981949458483754,#safeaiuniversity,"#contributetotheworld, #entrepreneurialuniversity, #kampusberdampak, #sustainabilityuniversity"
"contributetotheworld, safeaiuniversity","kampusberdampak, sustainabilityuniversity",0.10310048561822936,0.10347403810235338,0.1031,1.0,9.6643,1.0,0.09243226204099755,inf,0.9995835068721366,0.996389891696751,1.0,0.9981949458483754,"#contributetotheworld, #safeaiuniversity","#kampusberdampak, #sustainabilityuniversity"
safeaiuniversity,"contributetotheworld, kampusberdampak, sustainabilityuniversity",0.10310048561822936,0.10347403810235338,0.1031,1.0,9.6643,1.0,0.09243226204099755,inf,0.9995835068721366,0.996389891696751,1.0,0.9981949458483754,#safeaiuniversity,"#contributetotheworld, #kampusberdampak, #sustainabilityuniversity"
"contributetotheworld, creatingthefuture, kampusberdampak","entrepreneurialuniversity, safeaiuniversity, sustainabilityuniversity",0.10347403810235338,0.10310048561822936,0.1031,0.9964,9.6643,1.0,0.09243226204099755,248.44116548375456,0.9999999999999999,0.996389891696751,0.9959749021541867,0.9981949458483754,"#contributetotheworld, #creatingthefuture, #kampusberdampak","#entrepreneurialuniversity, #safeaiuniversity, #sustainabilityuniversity"
"entrepreneurialuniversity, kampusberdampak, sustainabilityuniversity","contributetotheworld, creatingthefuture, safeaiuniversity",0.10347403810235338,0.10310048561822936,0.1031,0.9964,9.6643,1.0,0.09243226204099755,248.44116548375456,0.9999999999999999,0.996389891696751,0.9959749021541867,0.9981949458483754,"#entrepreneurialuniversity, #kampusberdampak, #sustainabilityuniversity","#contributetotheworld, #creatingthefuture, #safeaiuniversity"
"contributetotheworld, kampusberdampak, sustainabilityuniversity","creatingthefuture, entrepreneurialuniversity, safeaiuniversity",0.10347403810235338,0.10310048561822936,0.1031,0.9964,9.6643,1.0,0.09243226204099755,248.44116548375456,0.9999999999999999,0.996389891696751,0.9959749021541867,0.9981949458483754,"#contributetotheworld, #kampusberdampak, #sustainabilityuniversity","#creatingthefuture, #entrepreneurialuniversity, #safeaiuniversity"
"contributetotheworld, entrepreneurialuniversity, kampusberdampak","creatingthefuture, safeaiuniversity, sustainabilityuniversity",0.10347403810235338,0.10310048561822936,0.1031,0.9964,9.6643,1.0,0.09243226204099755,248.44116548375456,0.9999999999999999,0.996389891696751,0.9959749021541867,0.9981949458483754,"#contributetotheworld, #entrepreneurialuniversity, #kampusberdampak","#creatingthefuture, #safeaiuniversity, #sustainabilityuniversity"
"creatingthefuture, safeaiuniversity, sustainabilityuniversity","contributetotheworld, entrepreneurialuniversity, kampusberdampak",0.10310048561822936,0.10347403810235338,0.1031,1.0,9.6643,1.0,0.09243226204099755,inf,0.9995835068721366,0.996389891696751,1.0,0.9981949458483754,"#creatingthefuture, #safeaiuniversity, #sustainabilityuniversity","#contributetotheworld, #entrepreneurialuniversity, #kampusberdampak"
"creatingthefuture, entrepreneurialuniversity, safeaiuniversity","contributetotheworld, kampusberdampak, sustainabilityuniversity",0.10310048561822936,0.10347403810235338,0.1031,1.0,9.6643,1.0,0.09243226204099755,inf,0.9995835068721366,0.996389891696751,1.0,0.9981949458483754,"#creatingthefuture, #entrepreneurialuniversity, #safeaiuniversity","#contributetotheworld, #kampusberdampak, #sustainabilityuniversity"
"contributetotheworld, creatingthefuture, safeaiuniversity","entrepreneurialuniversity, kampusberdampak, sustainabilityuniversity",0.10310048561822936,0.10347403810235338,0.1031,1.0,9.6643,1.0,0.09243226204099755,inf,0.9995835068721366,0.996389891696751,1.0,0.9981949458483754,"#contributetotheworld, #creatingthefuture, #safeaiuniversity","#entrepreneurialuniversity, #kampusberdampak, #sustainabilityuniversity"
"entrepreneurialuniversity, safeaiuniversity, sustainabilityuniversity","contributetotheworld, creatingthefuture, kampusberdampak",0.10310048561822936,0.10347403810235338,0.1031,1.0,9.6643,1.0,0.09243226204099755,inf,0.9995835068721366,0.996389891696751,1.0,0.9981949458483754,"#entrepreneurialuniversity, #safeaiuniversity, #sustainabilityuniversity","#contributetotheworld, #creatingthefuture, #kampusberdampak"
"contributetotheworld, safeaiuniversity, sustainabilityuniversity","creatingthefuture, entrepreneurialuniversity, kampusberdampak",0.10310048561822936,0.10347403810235338,0.1031,1.0,9.6643,1.0,0.09243226204099755,inf,0.9995835068721366,0.996389891696751,1.0,0.9981949458483754,"#contributetotheworld, #safeaiuniversity, #sustainabilityuniversity","#creatingthefuture, #entrepreneurialuniversity, #kampusberdampak"
"contributetotheworld, creatingthefuture, entrepreneurialuniversity, kampusberdampak, sustainabilityuniversity",safeaiuniversity,0.10347403810235338,0.10310048561822936,0.1031,0.9964,9.6643,1.0,0.09243226204099755,248.44116548375456,0.9999999999999999,0.996389891696751,0.9959749021541867,0.9981949458483754,"#contributetotheworld, #creatingthefuture, #entrepreneurialuniversity, #kampusberdampak, #sustainabilityuniversity",#safeaiuniversity
"contributetotheworld, creatingthefuture, kampusberdampak, sustainabilityuniversity","entrepreneurialuniversity, kampusswastaterbaik, safeaiuniversity",0.10347403810235338,0.10310048561822936,0.1031,0.9964,9.6643,1.0,0.09243226204099755,248.44116548375456,0.9999999999999999,0.996389891696751,0.9959749021541867,0.9981949458483754,"#contributetotheworld, #creatingthefuture, #kampusberdampak, #sustainabilityuniversity","#entrepreneurialuniversity, #kampusswastaterbaik, #safeaiuniversity"
"contributetotheworld, kampusberdampak, sustainabilityuniversity",safeaiuniversity,0.10347403810235338,0.10310048561822936,0.1031,0.9964,9.6643,1.0,0.09243226204099755,248.44116548375456,0.9999999999999999,0.996389891696751,0.9959749021541867,0.9981949458483754,"#contributetotheworld, #kampusberdampak, #sustainabilityuniversity",#safeaiuniversity
"kampusberdampak, sustainabilityuniversity","creatingthefuture, entrepreneurialuniversity, kampusswastaterbaik, safeaiuniversity",0.10347403810235338,0.10310048561822936,0.1031,0.9964,9.6643,1.0,0.09243226204099755,248.44116548375456,0.9999999999999999,0.996389891696751,0.9959749021541867,0.9981949458483754,"#kampusberdampak, #sustainabilityuniversity","#creatingthefuture, #entrepreneurialuniversity, #kampusswastaterbaik, #safeaiuniversity"
"entrepreneurialuniversity, kampusberdampak","creatingthefuture, kampusswastaterbaik, safeaiuniversity, sustainabilityuniversity",0.10347403810235338,0.10310048561822936,0.1031,0.9964,9.6643,1.0,0.09243226204099755,248.44116548375456,0.9999999999999999,0.996389891696751,0.9959749021541867,0.9981949458483754,"#entrepreneurialuniversity, #kampusberdampak","#creatingthefuture, #kampusswastaterbaik, #safeaiuniversity, #sustainabilityuniversity"
"kampusswastaterbaik, safeaiuniversity","creatingthefuture, entrepreneurialuniversity, kampusberdampak, sustainabilityuniversity",0.10310048561822936,0.10347403810235338,0.1031,1.0,9.6643,1.0,0.09243226204099755,inf,0.9995835068721366,0.996389891696751,1.0,0.9981949458483754,"#kampusswastaterbaik, #safeaiuniversity","#creatingthefuture, #entrepreneurialuniversity, #kampusberdampak, #sustainabilityuniversity"
"creatingthefuture, safeaiuniversity","entrepreneurialuniversity, kampusberdampak, kampusswastaterbaik, sustainabilityuniversity",0.10310048561822936,0.10347403810235338,0.1031,1.0,9.6643,1.0,0.09243226204099755,inf,0.9995835068721366,0.996389891696751,1.0,0.9981949458483754,"#creatingthefuture, #safeaiuniversity","#entrepreneurialuniversity, #kampusberdampak, #kampusswastaterbaik, #sustainabilityuniversity"
"safeaiuniversity, sustainabilityuniversity","creatingthefuture, entrepreneurialuniversity, kampusberdampak, kampusswastaterbaik",0.10310048561822936,0.10347403810235338,0.1031,1.0,9.6643,1.0,0.09243226204099755,inf,0.9995835068721366,0.996389891696751,1.0,0.9981949458483754,"#safeaiuniversity, #sustainabilityuniversity","#creatingthefuture, #entrepreneurialuniversity, #kampusberdampak, #kampusswastaterbaik"
"entrepreneurialuniversity, safeaiuniversity","creatingthefuture, kampusberdampak, kampusswastaterbaik, sustainabilityuniversity",0.10310048561822936,0.10347403810235338,0.1031,1.0,9.6643,1.0,0.09243226204099755,inf,0.9995835068721366,0.996389891696751,1.0,0.9981949458483754,"#entrepreneurialuniversity, #safeaiuniversity","#creatingthefuture, #kampusberdampak, #kampusswastaterbaik, #sustainabilityuniversity"
safeaiuniversity,"creatingthefuture, entrepreneurialuniversity, kampusberdampak, kampusswastaterbaik, sustainabilityuniversity",0.10310048561822936,0.10347403810235338,0.1031,1.0,9.6643,1.0,0.09243226204099755,inf,0.9995835068721366,0.996389891696751,1.0,0.9981949458483754,#safeaiuniversity,"#creatingthefuture, #entrepreneurialuniversity, #kampusberdampak, #kampusswastaterbaik, #sustainabilityuniversity"
"contributetotheworld, creatingthefuture, kampusberdampak, sustainabilityuniversity","entrepreneurialuniversity, safeaiuniversity",0.10347403810235338,0.10310048561822936,0.1031,0.9964,9.6643,1.0,0.09243226204099755,248.44116548375456,0.9999999999999999,0.996389891696751,0.9959749021541867,0.9981949458483754,"#contributetotheworld, #creatingthefuture, #kampusberdampak, #sustainabilityuniversity","#entrepreneurialuniversity, #safeaiuniversity"
"contributetotheworld, creatingthefuture, entrepreneurialuniversity, kampusberdampak","safeaiuniversity, sustainabilityuniversity",0.10347403810235338,0.10310048561822936,0.1031,0.9964,9.6643,1.0,0.09243226204099755,248.44116548375456,0.9999999999999999,0.996389891696751,0.9959749021541867,0.9981949458483754,"#contributetotheworld, #creatingthefuture, #entrepreneurialuniversity, #kampusberdampak","#safeaiuniversity, #sustainabilityuniversity"
"contributetotheworld, entrepreneurialuniversity, kampusberdampak, sustainabilityuniversity","creatingthefuture, safeaiuniversity",0.10347403810235338,0.10310048561822936,0.1031,0.9964,9.6643,1.0,0.09243226204099755,248.44116548375456,0.9999999999999999,0.996389891696751,0.9959749021541867,0.9981949458483754,"#contributetotheworld, #entrepreneurialuniversity, #kampusberdampak, #sustainabilityuniversity","#creatingthefuture, #safeaiuniversity"
"contributetotheworld, creatingthefuture, safeaiuniversity, sustainabilityuniversity","entrepreneurialuniversity, kampusberdampak",0.10310048561822936,0.10347403810235338,0.1031,1.0,9.6643,1.0,0.09243226204099755,inf,0.9995835068721366,0.996389891696751,1.0,0.9981949458483754,"#contributetotheworld, #creatingthefuture, #safeaiuniversity, #sustainabilityuniversity","#entrepreneurialuniversity, #kampusberdampak"
"contributetotheworld, creatingthefuture, entrepreneurialuniversity, safeaiuniversity","kampusberdampak, sustainabilityuniversity",0.10310048561822936,0.10347403810235338,0.1031,1.0,9.6643,1.0,0.09243226204099755,inf,0.9995835068721366,0.996389891696751,1.0,0.9981949458483754,"#contributetotheworld, #creatingthefuture, #entrepreneurialuniversity, #safeaiuniversity","#kampusberdampak, #sustainabilityuniversity"
"kampusberdampak, sustainabilityuniversity","contributetotheworld, entrepreneurialuniversity, safeaiuniversity",0.10347403810235338,0.10310048561822936,0.1031,0.9964,9.6643,1.0,0.09243226204099755,248.44116548375456,0.9999999999999999,0.996389891696751,0.9959749021541867,0.9981949458483754,"#kampusberdampak, #sustainabilityuniversity","#contributetotheworld, #entrepreneurialuniversity, #safeaiuniversity"
"entrepreneurialuniversity, kampusberdampak","contributetotheworld, safeaiuniversity, sustainabilityuniversity",0.10347403810235338,0.10310048561822936,0.1031,0.9964,9.6643,1.0,0.09243226204099755,248.44116548375456,0.9999999999999999,0.996389891696751,0.9959749021541867,0.9981949458483754,"#entrepreneurialuniversity, #kampusberdampak","#contributetotheworld, #safeaiuniversity, #sustainabilityuniversity"
safeaiuniversity,"creatingthefuture, entrepreneurialuniversity, kampusberdampak, kampusswastaterbaik",0.10310048561822936,0.10347403810235338,0.1031,1.0,9.6643,1.0,0.09243226204099755,inf,0.9995835068721366,0.996389891696751,1.0,0.9981949458483754,#safeaiuniversity,"#creatingthefuture, #entrepreneurialuniversity, #kampusberdampak, #kampusswastaterbaik"
"entrepreneurialuniversity, kampusberdampak, kampusswastaterbaik","creatingthefuture, safeaiuniversity",0.10347403810235338,0.10310048561822936,0.1031,0.9964,9.6643,1.0,0.09243226204099755,248.44116548375456,0.9999999999999999,0.996389891696751,0.9959749021541867,0.9981949458483754,"#entrepreneurialuniversity, #kampusberdampak, #kampusswastaterbaik","#creatingthefuture, #safeaiuniversity"
"creatingthefuture, entrepreneurialuniversity, kampusberdampak","kampusswastaterbaik, safeaiuniversity",0.10347403810235338,0.10310048561822936,0.1031,0.9964,9.6643,1.0,0.09243226204099755,248.44116548375456,0.9999999999999999,0.996389891696751,0.9959749021541867,0.9981949458483754,"#creatingthefuture, #entrepreneurialuniversity, #kampusberdampak","#kampusswastaterbaik, #safeaiuniversity"
"creatingthefuture, kampusswastaterbaik, safeaiuniversity","entrepreneurialuniversity, kampusberdampak",0.10310048561822936,0.10347403810235338,0.1031,1.0,9.6643,1.0,0.09243226204099755,inf,0.9995835068721366,0.996389891696751,1.0,0.9981949458483754,"#creatingthefuture, #kampusswastaterbaik, #safeaiuniversity","#entrepreneurialuniversity, #kampusberdampak"
"entrepreneurialuniversity, kampusberdampak","creatingthefuture, kampusswastaterbaik, safeaiuniversity",0.10347403810235338,0.10310048561822936,0.1031,0.9964,9.6643,1.0,0.09243226204099755,248.44116548375456,0.9999999999999999,0.996389891696751,0.9959749021541867,0.9981949458483754,"#entrepreneurialuniversity, #kampusberdampak","#creatingthefuture, #kampusswastaterbaik, #safeaiuniversity"
"kampusswastaterbaik, safeaiuniversity","creatingthefuture, entrepreneurialuniversity, kampusberdampak",0.10310048561822936,0.10347403810235338,0.1031,1.0,9.6643,1.0,0.09243226204099755,inf,0.9995835068721366,0.996389891696751,1.0,0.9981949458483754,"#kampusswastaterbaik, #safeaiuniversity","#creatingthefuture, #entrepreneurialuniversity, #kampusberdampak"
"kampusswastaterbaik, safeaiuniversity","contributetotheworld, kampusberdampak, sustainabilityuniversity",0.10310048561822936,0.10347403810235338,0.1031,1.0,9.6643,1.0,0.09243226204099755,inf,0.9995835068721366,0.996389891696751,1.0,0.9981949458483754,"#kampusswastaterbaik, #safeaiuniversity","#contributetotheworld, #kampusberdampak, #sustainabilityuniversity"
"contributetotheworld, safeaiuniversity","kampusberdampak, kampusswastaterbaik, sustainabilityuniversity",0.10310048561822936,0.10347403810235338,0.1031,1.0,9.6643,1.0,0.09243226204099755,inf,0.9995835068721366,0.996389891696751,1.0,0.9981949458483754,"#contributetotheworld, #safeaiuniversity","#kampusberdampak, #kampusswastaterbaik, #sustainabilityuniversity"
safeaiuniversity,"contributetotheworld, kampusberdampak, kampusswastaterbaik, sustainabilityuniversity",0.10310048561822936,0.10347403810235338,0.1031,1.0,9.6643,1.0,0.09243226204099755,inf,0.9995835068721366,0.996389891696751,1.0,0.9981949458483754,#safeaiuniversity,"#contributetotheworld, #kampusberdampak, #kampusswastaterbaik, #sustainabilityuniversity"
"creatingthefuture, entrepreneurialuniversity, kampusberdampak, kampusswastaterbaik",safeaiuniversity,0.10347403810235338,0.10310048561822936,0.1031,0.9964,9.6643,1.0,0.09243226204099755,248.44116548375456,0.9999999999999999,0.996389891696751,0.9959749021541867,0.9981949458483754,"#creatingthefuture, #entrepreneurialuniversity, #kampusberdampak, #kampusswastaterbaik",#safeaiuniversity
"contributetotheworld, kampusberdampak, kampusswastaterbaik, sustainabilityuniversity",safeaiuniversity,0.10347403810235338,0.10310048561822936,0.1031,0.9964,9.6643,1.0,0.09243226204099755,248.44116548375456,0.9999999999999999,0.996389891696751,0.9959749021541867,0.9981949458483754,"#contributetotheworld, #kampusberdampak, #kampusswastaterbaik, #sustainabilityuniversity",#safeaiuniversity
"kampusberdampak, kampusswastaterbaik, sustainabilityuniversity","contributetotheworld, safeaiuniversity",0.10347403810235338,0.10310048561822936,0.1031,0.9964,9.6643,1.0,0.09243226204099755,248.44116548375456,0.9999999999999999,0.996389891696751,0.9959749021541867,0.9981949458483754,"#kampusberdampak, #kampusswastaterbaik, #sustainabilityuniversity","#contributetotheworld, #safeaiuniversity"
"contributetotheworld, kampusberdampak, sustainabilityuniversity","kampusswastaterbaik, safeaiuniversity",0.10347403810235338,0.10310048561822936,0.1031,0.9964,9.6643,1.0,0.09243226204099755,248.44116548375456,0.9999999999999999,0.996389891696751,0.9959749021541867,0.9981949458483754,"#contributetotheworld, #kampusberdampak, #sustainabilityuniversity","#kampusswastaterbaik, #safeaiuniversity"
"contributetotheworld, kampusswastaterbaik, safeaiuniversity","kampusberdampak, sustainabilityuniversity",0.10310048561822936,0.10347403810235338,0.1031,1.0,9.6643,1.0,0.09243226204099755,inf,0.9995835068721366,0.996389891696751,1.0,0.9981949458483754,"#contributetotheworld, #kampusswastaterbaik, #safeaiuniversity","#kampusberdampak, #sustainabilityuniversity"
"kampusberdampak, sustainabilityuniversity","contributetotheworld, kampusswastaterbaik, safeaiuniversity",0.10347403810235338,0.10310048561822936,0.1031,0.9964,9.6643,1.0,0.09243226204099755,248.44116548375456,0.9999999999999999,0.996389891696751,0.9959749021541867,0.9981949458483754,"#kampusberdampak, #sustainabilityuniversity","#contributetotheworld, #kampusswastaterbaik, #safeaiuniversity"
"creatingthefuture, entrepreneurialuniversity, kampusberdampak, sustainabilityuniversity","contributetotheworld, kampusswastaterbaik, safeaiuniversity",0.10347403810235338,0.10310048561822936,0.1031,0.9964,9.6643,1.0,0.09243226204099755,248.44116548375456,0.9999999999999999,0.996389891696751,0.9959749021541867,0.9981949458483754,"#creatingthefuture, #entrepreneurialuniversity, #kampusberdampak, #sustainabilityuniversity","#contributetotheworld, #kampusswastaterbaik, #safeaiuniversity"
safeaiuniversity,"contributetotheworld, entrepreneurialuniversity, kampusberdampak",0.10310048561822936,0.10347403810235338,0.1031,1.0,9.6643,1.0,0.09243226204099755,inf,0.9995835068721366,0.996389891696751,1.0,0.9981949458483754,#safeaiuniversity,"#contributetotheworld, #entrepreneurialuniversity, #kampusberdampak"
"contributetotheworld, creatingthefuture, entrepreneurialuniversity, kampusberdampak, kampusswastaterbaik, sustainabilityuniversity",safeaiuniversity,0.10347403810235338,0.10310048561822936,0.1031,0.9964,9.6643,1.0,0.09243226204099755,248.44116548375456,0.9999999999999999,0.996389891696751,0.9959749021541867,0.9981949458483754,"#contributetotheworld, #creatingthefuture, #entrepreneurialuniversity, #kampusberdampak, #kampusswastaterbaik, #sustainabilityuniversity",#safeaiuniversity
"kampusberdampak, sustainabilityuniversity","creatingthefuture, entrepreneurialuniversity, safeaiuniversity",0.10347403810235338,0.10310048561822936,0.1031,0.9964,9.6643,1.0,0.09243226204099755,248.44116548375456,0.9999999999999999,0.996389891696751,0.9959749021541867,0.9981949458483754,"#kampusberdampak, #sustainabilityuniversity","#creatingthefuture, #entrepreneurialuniversity, #safeaiuniversity"
"entrepreneurialuniversity, kampusberdampak","creatingthefuture, safeaiuniversity, sustainabilityuniversity",0.10347403810235338,0.10310048561822936,0.1031,0.9964,9.6643,1.0,0.09243226204099755,248.44116548375456,0.9999999999999999,0.996389891696751,0.9959749021541867,0.9981949458483754,"#entrepreneurialuniversity, #kampusberdampak","#creatingthefuture, #safeaiuniversity, #sustainabilityuniversity"
"creatingthefuture, safeaiuniversity","entrepreneurialuniversity, kampusberdampak, sustainabilityuniversity",0.10310048561822936,0.10347403810235338,0.1031,1.0,9.6643,1.0,0.09243226204099755,inf,0.9995835068721366,0.996389891696751,1.0,0.9981949458483754,"#creatingthefuture, #safeaiuniversity","#entrepreneurialuniversity, #kampusberdampak, #sustainabilityuniversity"
"safeaiuniversity, sustainabilityuniversity","creatingthefuture, entrepreneurialuniversity, kampusberdampak",0.10310048561822936,0.10347403810235338,0.1031,1.0,9.6643,1.0,0.09243226204099755,inf,0.9995835068721366,0.996389891696751,1.0,0.9981949458483754,"#safeaiuniversity, #sustainabilityuniversity","#creatingthefuture, #entrepreneurialuniversity, #kampusberdampak"
"entrepreneurialuniversity, safeaiuniversity","creatingthefuture, kampusberdampak, sustainabilityuniversity",0.10310048561822936,0.10347403810235338,0.1031,1.0,9.6643,1.0,0.09243226204099755,inf,0.9995835068721366,0.996389891696751,1.0,0.9981949458483754,"#entrepreneurialuniversity, #safeaiuniversity","#creatingthefuture, #kampusberdampak, #sustainabilityuniversity"
"creatingthefuture, entrepreneurialuniversity, kampusberdampak, sustainabilityuniversity",safeaiuniversity,0.10347403810235338,0.10310048561822936,0.1031,0.9964,9.6643,1.0,0.09243226204099755,248.44116548375456,0.9999999999999999,0.996389891696751,0.9959749021541867,0.9981949458483754,"#creatingthefuture, #entrepreneurialuniversity, #kampusberdampak, #sustainabilityuniversity",#safeaiuniversity
"contributetotheworld, safeaiuniversity","entrepreneurialuniversity, kampusberdampak",0.10310048561822936,0.10347403810235338,0.1031,1.0,9.6643,1.0,0.09243226204099755,inf,0.9995835068721366,0.996389891696751,1.0,0.9981949458483754,"#contributetotheworld, #safeaiuniversity","#entrepreneurialuniversity, #kampusberdampak"
"creatingthefuture, safeaiuniversity","entrepreneurialuniversity, kampusberdampak, kampusswastaterbaik",0.10310048561822936,0.10347403810235338,0.1031,1.0,9.6643,1.0,0.09243226204099755,inf,0.9995835068721366,0.996389891696751,1.0,0.9981949458483754,"#creatingthefuture, #safeaiuniversity","#entrepreneurialuniversity, #kampusberdampak, #kampusswastaterbaik"
"creatingthefuture, kampusberdampak, kampusswastaterbaik, sustainabilityuniversity","contributetotheworld, entrepreneurialuniversity, safeaiuniversity",0.10347403810235338,0.10310048561822936,0.1031,0.9964,9.6643,1.0,0.09243226204099755,248.44116548375456,0.9999999999999999,0.996389891696751,0.9959749021541867,0.9981949458483754,"#creatingthefuture, #kampusberdampak, #kampusswastaterbaik, #sustainabilityuniversity","#contributetotheworld, #entrepreneurialuniversity, #safeaiuniversity"
"creatingthefuture, entrepreneurialuniversity, kampusberdampak, kampusswastaterbaik","contributetotheworld, safeaiuniversity, sustainabilityuniversity",0.10347403810235338,0.10310048561822936,0.1031,0.9964,9.6643,1.0,0.09243226204099755,248.44116548375456,0.9999999999999999,0.996389891696751,0.9959749021541867,0.9981949458483754,"#creatingthefuture, #entrepreneurialuniversity, #kampusberdampak, #kampusswastaterbaik","#contributetotheworld, #safeaiuniversity, #sustainabilityuniversity"
"contributetotheworld, creatingthefuture, kampusberdampak, kampusswastaterbaik","entrepreneurialuniversity, safeaiuniversity, sustainabilityuniversity",0.10347403810235338,0.10310048561822936,0.1031,0.9964,9.6643,1.0,0.09243226204099755,248.44116548375456,0.9999999999999999,0.996389891696751,0.9959749021541867,0.9981949458483754,"#contributetotheworld, #creatingthefuture, #kampusberdampak, #kampusswastaterbaik","#entrepreneurialuniversity, #safeaiuniversity, #sustainabilityuniversity"
"entrepreneurialuniversity, kampusberdampak, kampusswastaterbaik, sustainabilityuniversity","contributetotheworld, creatingthefuture, safeaiuniversity",0.10347403810235338,0.10310048561822936,0.1031,0.9964,9.6643,1.0,0.09243226204099755,248.44116548375456,0.9999999999999999,0.996389891696751,0.9959749021541867,0.9981949458483754,"#entrepreneurialuniversity, #kampusberdampak, #kampusswastaterbaik, #sustainabilityuniversity","#contributetotheworld, #creatingthefuture, #safeaiuniversity"
"contributetotheworld, kampusberdampak, kampusswastaterbaik, sustainabilityuniversity","creatingthefuture, entrepreneurialuniversity, safeaiuniversity",0.10347403810235338,0.10310048561822936,0.1031,0.9964,9.6643,1.0,0.09243226204099755,248.44116548375456,0.9999999999999999,0.996389891696751,0.9959749021541867,0.9981949458483754,"#contributetotheworld, #kampusberdampak, #kampusswastaterbaik, #sustainabilityuniversity","#creatingthefuture, #entrepreneurialuniversity, #safeaiuniversity"
"contributetotheworld, entrepreneurialuniversity, kampusberdampak, kampusswastaterbaik","creatingthefuture, safeaiuniversity, sustainabilityuniversity",0.10347403810235338,0.10310048561822936,0.1031,0.9964,9.6643,1.0,0.09243226204099755,248.44116548375456,0.9999999999999999,0.996389891696751,0.9959749021541867,0.9981949458483754,"#contributetotheworld, #entrepreneurialuniversity, #kampusberdampak, #kampusswastaterbaik","#creatingthefuture, #safeaiuniversity, #sustainabilityuniversity"
"entrepreneurialuniversity, kampusswastaterbaik, safeaiuniversity","contributetotheworld, creatingthefuture, kampusberdampak",0.10310048561822936,0.10347403810235338,0.1031,1.0,9.6643,1.0,0.09243226204099755,inf,0.9995835068721366,0.996389891696751,1.0,0.9981949458483754,"#entrepreneurialuniversity, #kampusswastaterbaik, #safeaiuniversity","#contributetotheworld, #creatingthefuture, #kampusberdampak"
"contributetotheworld, kampusswastaterbaik, safeaiuniversity","creatingthefuture, entrepreneurialuniversity, kampusberdampak",0.10310048561822936,0.10347403810235338,0.1031,1.0,9.6643,1.0,0.09243226204099755,inf,0.9995835068721366,0.996389891696751,1.0,0.9981949458483754,"#contributetotheworld, #kampusswastaterbaik, #safeaiuniversity","#creatingthefuture, #entrepreneurialuniversity, #kampusberdampak"
"contributetotheworld, creatingthefuture, safeaiuniversity","entrepreneurialuniversity, kampusberdampak, kampusswastaterbaik",0.10310048561822936,0.10347403810235338,0.1031,1.0,9.6643,1.0,0.09243226204099755,inf,0.9995835068721366,0.996389891696751,1.0,0.9981949458483754,"#contributetotheworld, #creatingthefuture, #safeaiuniversity","#entrepreneurialuniversity, #kampusberdampak, #kampusswastaterbaik"
safeaiuniversity,"creatingthefuture, entrepreneurialuniversity, kampusberdampak, sustainabilityuniversity",0.10310048561822936,0.10347403810235338,0.1031,1.0,9.6643,1.0,0.09243226204099755,inf,0.9995835068721366,0.996389891696751,1.0,0.9981949458483754,#safeaiuniversity,"#creatingthefuture, #entrepreneurialuniversity, #kampusberdampak, #sustainabilityuniversity"
"creatingthefuture, entrepreneurialuniversity, kampusberdampak, kampusswastaterbaik, sustainabilityuniversity","contributetotheworld, safeaiuniversity",0.10347403810235338,0.10310048561822936,0.1031,0.9964,9.6643,1.0,0.09243226204099755,248.44116548375456,0.9999999999999999,0.996389891696751,0.9959749021541867,0.9981949458483754,"#creatingthefuture, #entrepreneurialuniversity, #kampusberdampak, #kampusswastaterbaik, #sustainabilityuniversity","#contributetotheworld, #safeaiuniversity"
"contributetotheworld, entrepreneurialuniversity, kampusberdampak",safeaiuniversity,0.10347403810235338,0.10310048561822936,0.1031,0.9964,9.6643,1.0,0.09243226204099755,248.44116548375456,0.9999999999999999,0.996389891696751,0.9959749021541867,0.9981949458483754,"#contributetotheworld, #entrepreneurialuniversity, #kampusberdampak",#safeaiuniversity
"entrepreneurialuniversity, kampusberdampak","contributetotheworld, safeaiuniversity",0.10347403810235338,0.10310048561822936,0.1031,0.9964,9.6643,1.0,0.09243226204099755,248.44116548375456,0.9999999999999999,0.996389891696751,0.9959749021541867,0.9981949458483754,"#entrepreneurialuniversity, #kampusberdampak","#contributetotheworld, #safeaiuniversity"
"creatingthefuture, kampusberdampak, sustainabilityuniversity","entrepreneurialuniversity, safeaiuniversity",0.10347403810235338,0.10310048561822936,0.1031,0.9964,9.6643,1.0,0.09243226204099755,248.44116548375456,0.9999999999999999,0.996389891696751,0.9959749021541867,0.9981949458483754,"#creatingthefuture, #kampusberdampak, #sustainabilityuniversity","#entrepreneurialuniversity, #safeaiuniversity"
"creatingthefuture, entrepreneurialuniversity, kampusberdampak","safeaiuniversity, sustainabilityuniversity",0.10347403810235338,0.10310048561822936,0.1031,0.9964,9.6643,1.0,0.09243226204099755,248.44116548375456,0.9999999999999999,0.996389891696751,0.9959749021541867,0.9981949458483754,"#creatingthefuture, #entrepreneurialuniversity, #kampusberdampak","#safeaiuniversity, #sustainabilityuniversity"
"kampusberdampak, sustainabilityuniversity",safeaiuniversity,0.10347403810235338,0.10310048561822936,0.1031,0.9964,9.6643,1.0,0.09243226204099755,248.44116548375456,0.9999999999999999,0.996389891696751,0.9959749021541867,0.9981949458483754,"#kampusberdampak, #sustainabilityuniversity",#safeaiuniversity
safeaiuniversity,"kampusberdampak, sustainabilityuniversity",0.10310048561822936,0.10347403810235338,0.1031,1.0,9.6643,1.0,0.09243226204099755,inf,0.9995835068721366,0.996389891696751,1.0,0.9981949458483754,#safeaiuniversity,"#kampusberdampak, #sustainabilityuniversity"
"creatingthefuture, safeaiuniversity","contributetotheworld, entrepreneurialuniversity, kampusberdampak, kampusswastaterbaik",0.10310048561822936,0.10347403810235338,0.1031,1.0,9.6643,1.0,0.09243226204099755,inf,0.9995835068721366,0.996389891696751,1.0,0.9981949458483754,"#creatingthefuture, #safeaiuniversity","#contributetotheworld, #entrepreneurialuniversity, #kampusberdampak, #kampusswastaterbaik"
"entrepreneurialuniversity, safeaiuniversity","contributetotheworld, creatingthefuture, kampusberdampak, kampusswastaterbaik",0.10310048561822936,0.10347403810235338,0.1031,1.0,9.6643,1.0,0.09243226204099755,inf,0.9995835068721366,0.996389891696751,1.0,0.9981949458483754,"#entrepreneurialuniversity, #safeaiuniversity","#contributetotheworld, #creatingthefuture, #kampusberdampak, #kampusswastaterbaik"
"entrepreneurialuniversity, kampusberdampak, sustainabilityuniversity","creatingthefuture, safeaiuniversity",0.10347403810235338,0.10310048561822936,0.1031,0.9964,9.6643,1.0,0.09243226204099755,248.44116548375456,0.9999999999999999,0.996389891696751,0.9959749021541867,0.9981949458483754,"#entrepreneurialuniversity, #kampusberdampak, #sustainabilityuniversity","#creatingthefuture, #safeaiuniversity"
"creatingthefuture, safeaiuniversity, sustainabilityuniversity","entrepreneurialuniversity, kampusberdampak",0.10310048561822936,0.10347403810235338,0.1031,1.0,9.6643,1.0,0.09243226204099755,inf,0.9995835068721366,0.996389891696751,1.0,0.9981949458483754,"#creatingthefuture, #safeaiuniversity, #sustainabilityuniversity","#entrepreneurialuniversity, #kampusberdampak"
"creatingthefuture, entrepreneurialuniversity, safeaiuniversity","kampusberdampak, sustainabilityuniversity",0.10310048561822936,0.10347403810235338,0.1031,1.0,9.6643,1.0,0.09243226204099755,inf,0.9995835068721366,0.996389891696751,1.0,0.9981949458483754,"#creatingthefuture, #entrepreneurialuniversity, #safeaiuniversity","#kampusberdampak, #sustainabilityuniversity"
"contributetotheworld, creatingthefuture, kampusswastaterbaik, safeaiuniversity","entrepreneurialuniversity, kampusberdampak",0.10310048561822936,0.10347403810235338,0.1031,1.0,9.6643,1.0,0.09243226204099755,inf,0.9995835068721366,0.996389891696751,1.0,0.9981949458483754,"#contributetotheworld, #creatingthefuture, #kampusswastaterbaik, #safeaiuniversity","#entrepreneurialuniversity, #kampusberdampak"
"entrepreneurialuniversity, kampusberdampak, kampusswastaterbaik","contributetotheworld, creatingthefuture, safeaiuniversity",0.10347403810235338,0.10310048561822936,0.1031,0.9964,9.6643,1.0,0.09243226204099755,248.44116548375456,0.9999999999999999,0.996389891696751,0.9959749021541867,0.9981949458483754,"#entrepreneurialuniversity, #kampusberdampak, #kampusswastaterbaik","#contributetotheworld, #creatingthefuture, #safeaiuniversity"
"creatingthefuture, entrepreneurialuniversity, kampusberdampak","contributetotheworld, kampusswastaterbaik, safeaiuniversity",0.10347403810235338,0.10310048561822936,0.1031,0.9964,9.6643,1.0,0.09243226204099755,248.44116548375456,0.9999999999999999,0.996389891696751,0.9959749021541867,0.9981949458483754,"#creatingthefuture, #entrepreneurialuniversity, #kampusberdampak","#contributetotheworld, #kampusswastaterbaik, #safeaiuniversity"
"entrepreneurialuniversity, kampusberdampak, sustainabilityuniversity","kampusswastaterbaik, safeaiuniversity",0.10347403810235338,0.10310048561822936,0.1031,0.9964,9.6643,1.0,0.09243226204099755,248.44116548375456,0.9999999999999999,0.996389891696751,0.9959749021541867,0.9981949458483754,"#entrepreneurialuniversity, #kampusberdampak, #sustainabilityuniversity","#kampusswastaterbaik, #safeaiuniversity"
"kampusswastaterbaik, safeaiuniversity, sustainabilityuniversity","entrepreneurialuniversity, kampusberdampak",0.10310048561822936,0.10347403810235338,0.1031,1.0,9.6643,1.0,0.09243226204099755,inf,0.9995835068721366,0.996389891696751,1.0,0.9981949458483754,"#kampusswastaterbaik, #safeaiuniversity, #sustainabilityuniversity","#entrepreneurialuniversity, #kampusberdampak"
"entrepreneurialuniversity, kampusswastaterbaik, safeaiuniversity","kampusberdampak, sustainabilityuniversity",0.10310048561822936,0.10347403810235338,0.1031,1.0,9.6643,1.0,0.09243226204099755,inf,0.9995835068721366,0.996389891696751,1.0,0.9981949458483754,"#entrepreneurialuniversity, #kampusswastaterbaik, #safeaiuniversity","#kampusberdampak, #sustainabilityuniversity"
"kampusberdampak, sustainabilityuniversity","creatingthefuture, kampusswastaterbaik, safeaiuniversity",0.10347403810235338,0.10310048561822936,0.1031,0.9964,9.6643,1.0,0.09243226204099755,248.44116548375456,0.9999999999999999,0.996389891696751,0.9959749021541867,0.9981949458483754,"#kampusberdampak, #sustainabilityuniversity","#creatingthefuture, #kampusswastaterbaik, #safeaiuniversity"
"kampusswastaterbaik, safeaiuniversity","creatingthefuture, kampusberdampak, sustainabilityuniversity",0.10310048561822936,0.10347403810235338,0.1031,1.0,9.6643,1.0,0.09243226204099755,inf,0.9995835068721366,0.996389891696751,1.0,0.9981949458483754,"#kampusswastaterbaik, #safeaiuniversity","#creatingthefuture, #kampusberdampak, #sustainabilityuniversity"
"creatingthefuture, safeaiuniversity","kampusberdampak, kampusswastaterbaik, sustainabilityuniversity",0.10310048561822936,0.10347403810235338,0.1031,1.0,9.6643,1.0,0.09243226204099755,inf,0.9995835068721366,0.996389891696751,1.0,0.9981949458483754,"#creatingthefuture, #safeaiuniversity","#kampusberdampak, #kampusswastaterbaik, #sustainabilityuniversity"
safeaiuniversity,"creatingthefuture, kampusberdampak, kampusswastaterbaik, sustainabilityuniversity",0.10310048561822936,0.10347403810235338,0.1031,1.0,9.6643,1.0,0.09243226204099755,inf,0.9995835068721366,0.996389891696751,1.0,0.9981949458483754,#safeaiuniversity,"#creatingthefuture, #kampusberdampak, #kampusswastaterbaik, #sustainabilityuniversity"
"creatingthefuture, kampusberdampak, kampusswastaterbaik, sustainabilityuniversity",safeaiuniversity,0.10347403810235338,0.10310048561822936,0.1031,0.9964,9.6643,1.0,0.09243226204099755,248.44116548375456,0.9999999999999999,0.996389891696751,0.9959749021541867,0.9981949458483754,"#creatingthefuture, #kampusberdampak, #kampusswastaterbaik, #sustainabilityuniversity",#safeaiuniversity
"kampusberdampak, kampusswastaterbaik, sustainabilityuniversity","creatingthefuture, safeaiuniversity",0.10347403810235338,0.10310048561822936,0.1031,0.9964,9.6643,1.0,0.09243226204099755,248.44116548375456,0.9999999999999999,0.996389891696751,0.9959749021541867,0.9981949458483754,"#kampusberdampak, #kampusswastaterbaik, #sustainabilityuniversity","#creatingthefuture, #safeaiuniversity"
"creatingthefuture, kampusberdampak, sustainabilityuniversity","kampusswastaterbaik, safeaiuniversity",0.10347403810235338,0.10310048561822936,0.1031,0.9964,9.6643,1.0,0.09243226204099755,248.44116548375456,0.9999999999999999,0.996389891696751,0.9959749021541867,0.9981949458483754,"#creatingthefuture, #kampusberdampak, #sustainabilityuniversity","#kampusswastaterbaik, #safeaiuniversity"
"creatingthefuture, kampusswastaterbaik, safeaiuniversity","kampusberdampak, sustainabilityuniversity",0.10310048561822936,0.10347403810235338,0.1031,1.0,9.6643,1.0,0.09243226204099755,inf,0.9995835068721366,0.996389891696751,1.0,0.9981949458483754,"#creatingthefuture, #kampusswastaterbaik, #safeaiuniversity","#kampusberdampak, #sustainabilityuniversity"
"contributetotheworld, safeaiuniversity","creatingthefuture, entrepreneurialuniversity, kampusberdampak, kampusswastaterbaik",0.10310048561822936,0.10347403810235338,0.1031,1.0,9.6643,1.0,0.09243226204099755,inf,0.9995835068721366,0.996389891696751,1.0,0.9981949458483754,"#contributetotheworld, #safeaiuniversity","#creatingthefuture, #entrepreneurialuniversity, #kampusberdampak, #kampusswastaterbaik"
safeaiuniversity,"contributetotheworld, creatingthefuture, entrepreneurialuniversity, kampusberdampak, kampusswastaterbaik",0.10310048561822936,0.10347403810235338,0.1031,1.0,9.6643,1.0,0.09243226204099755,inf,0.9995835068721366,0.996389891696751,1.0,0.9981949458483754,#safeaiuniversity,"#contributetotheworld, #creatingthefuture, #entrepreneurialuniversity, #kampusberdampak, #kampusswastaterbaik"
"contributetotheworld, creatingthefuture, kampusberdampak, kampusswastaterbaik","entrepreneurialuniversity, safeaiuniversity",0.10347403810235338,0.10310048561822936,0.1031,0.9964,9.6643,1.0,0.09243226204099755,248.44116548375456,0.9999999999999999,0.996389891696751,0.9959749021541867,0.9981949458483754,"#contributetotheworld, #creatingthefuture, #kampusberdampak, #kampusswastaterbaik","#entrepreneurialuniversity, #safeaiuniversity"
"contributetotheworld, entrepreneurialuniversity, kampusberdampak, kampusswastaterbaik","creatingthefuture, safeaiuniversity",0.10347403810235338,0.10310048561822936,0.1031,0.9964,9.6643,1.0,0.09243226204099755,248.44116548375456,0.9999999999999999,0.996389891696751,0.9959749021541867,0.9981949458483754,"#contributetotheworld, #entrepreneurialuniversity, #kampusberdampak, #kampusswastaterbaik","#creatingthefuture, #safeaiuniversity"
"contributetotheworld, creatingthefuture, entrepreneurialuniversity, kampusberdampak","kampusswastaterbaik, safeaiuniversity",0.10347403810235338,0.10310048561822936,0.1031,0.9964,9.6643,1.0,0.09243226204099755,248.44116548375456,0.9999999999999999,0.996389891696751,0.9959749021541867,0.9981949458483754,"#contributetotheworld, #creatingthefuture, #entrepreneurialuniversity, #kampusberdampak","#kampusswastaterbaik, #safeaiuniversity"
"contributetotheworld, creatingthefuture, kampusberdampak",safeaiuniversity,0.10347403810235338,0.10310048561822936,0.1031,0.9964,9.6643,1.0,0.09243226204099755,248.44116548375456,0.9999999999999999,0.996389891696751,0.9959749021541867,0.9981949458483754,"#contributetotheworld, #creatingthefuture, #kampusberdampak",#safeaiuniversity
"kampusberdampak, sustainabilityuniversity","entrepreneurialuniversity, kampusswastaterbaik, safeaiuniversity",0.10347403810235338,0.10310048561822936,0.1031,0.9964,9.6643,1.0,0.09243226204099755,248.44116548375456,0.9999999999999999,0.996389891696751,0.9959749021541867,0.9981949458483754,"#kampusberdampak, #sustainabilityuniversity","#entrepreneurialuniversity, #kampusswastaterbaik, #safeaiuniversity"
"entrepreneurialuniversity, kampusberdampak","kampusswastaterbaik, safeaiuniversity, sustainabilityuniversity",0.10347403810235338,0.10310048561822936,0.1031,0.9964,9.6643,1.0,0.09243226204099755,248.44116548375456,0.9999999999999999,0.996389891696751,0.9959749021541867,0.9981949458483754,"#entrepreneurialuniversity, #kampusberdampak","#kampusswastaterbaik, #safeaiuniversity, #sustainabilityuniversity"
"kampusswastaterbaik, safeaiuniversity","entrepreneurialuniversity, kampusberdampak, sustainabilityuniversity",0.10310048561822936,0.10347403810235338,0.1031,1.0,9.6643,1.0,0.09243226204099755,inf,0.9995835068721366,0.996389891696751,1.0,0.9981949458483754,"#kampusswastaterbaik, #safeaiuniversity","#entrepreneurialuniversity, #kampusberdampak, #sustainabilityuniversity"
"safeaiuniversity, sustainabilityuniversity","entrepreneurialuniversity, kampusberdampak, kampusswastaterbaik",0.10310048561822936,0.10347403810235338,0.1031,1.0,9.6643,1.0,0.09243226204099755,inf,0.9995835068721366,0.996389891696751,1.0,0.9981949458483754,"#safeaiuniversity, #sustainabilityuniversity","#entrepreneurialuniversity, #kampusberdampak, #kampusswastaterbaik"
"entrepreneurialuniversity, safeaiuniversity","kampusberdampak, kampusswastaterbaik, sustainabilityuniversity",0.10310048561822936,0.10347403810235338,0.1031,1.0,9.6643,1.0,0.09243226204099755,inf,0.9995835068721366,0.996389891696751,1.0,0.9981949458483754,"#entrepreneurialuniversity, #safeaiuniversity","#kampusberdampak, #kampusswastaterbaik, #sustainabilityuniversity"
safeaiuniversity,"entrepreneurialuniversity, kampusberdampak, kampusswastaterbaik, sustainabilityuniversity",0.10310048561822936,0.10347403810235338,0.1031,1.0,9.6643,1.0,0.09243226204099755,inf,0.9995835068721366,0.996389891696751,1.0,0.9981949458483754,#safeaiuniversity,"#entrepreneurialuniversity, #kampusberdampak, #kampusswastaterbaik, #sustainabilityuniversity"
safeaiuniversity,"contributetotheworld, creatingthefuture, kampusberdampak",0.10310048561822936,0.10347403810235338,0.1031,1.0,9.6643,1.0,0.09243226204099755,inf,0.9995835068721366,0.996389891696751,1.0,0.9981949458483754,#safeaiuniversity,"#contributetotheworld, #creatingthefuture, #kampusberdampak"
"entrepreneurialuniversity, kampusberdampak, kampusswastaterbaik, sustainabilityuniversity",safeaiuniversity,0.10347403810235338,0.10310048561822936,0.1031,0.9964,9.6643,1.0,0.09243226204099755,248.44116548375456,0.9999999999999999,0.996389891696751,0.9959749021541867,0.9981949458483754,"#entrepreneurialuniversity, #kampusberdampak, #kampusswastaterbaik, #sustainabilityuniversity",#safeaiuniversity
"kampusberdampak, kampusswastaterbaik, sustainabilityuniversity","entrepreneurialuniversity, safeaiuniversity",0.10347403810235338,0.10310048561822936,0.1031,0.9964,9.6643,1.0,0.09243226204099755,248.44116548375456,0.9999999999999999,0.996389891696751,0.9959749021541867,0.9981949458483754,"#kampusberdampak, #kampusswastaterbaik, #sustainabilityuniversity","#entrepreneurialuniversity, #safeaiuniversity"
"entrepreneurialuniversity, kampusberdampak, kampusswastaterbaik","safeaiuniversity, sustainabilityuniversity",0.10347403810235338,0.10310048561822936,0.1031,0.9964,9.6643,1.0,0.09243226204099755,248.44116548375456,0.9999999999999999,0.996389891696751,0.9959749021541867,0.9981949458483754,"#entrepreneurialuniversity, #kampusberdampak, #kampusswastaterbaik","#safeaiuniversity, #sustainabilityuniversity"
"entrepreneurialuniversity, kampusberdampak","contributetotheworld, creatingthefuture, kampusswastaterbaik, safeaiuniversity",0.10347403810235338,0.10310048561822936,0.1031,0.9964,9.6643,1.0,0.09243226204099755,248.44116548375456,0.9999999999999999,0.996389891696751,0.9959749021541867,0.9981949458483754,"#entrepreneurialuniversity, #kampusberdampak","#contributetotheworld, #creatingthefuture, #kampusswastaterbaik, #safeaiuniversity"
"kampusswastaterbaik, safeaiuniversity","contributetotheworld, creatingthefuture, entrepreneurialuniversity, kampusberdampak",0.10310048561822936,0.10347403810235338,0.1031,1.0,9.6643,1.0,0.09243226204099755,inf,0.9995835068721366,0.996389891696751,1.0,0.9981949458483754,"#kampusswastaterbaik, #safeaiuniversity","#contributetotheworld, #creatingthefuture, #entrepreneurialuniversity, #kampusberdampak"
"creatingthefuture, entrepreneurialuniversity, kampusberdampak, kampusswastaterbaik","safeaiuniversity, sustainabilityuniversity",0.10347403810235338,0.10310048561822936,0.1031,0.9964,9.6643,1.0,0.09243226204099755,248.44116548375456,0.9999999999999999,0.996389891696751,0.9959749021541867,0.9981949458483754,"#creatingthefuture, #entrepreneurialuniversity, #kampusberdampak, #kampusswastaterbaik","#safeaiuniversity, #sustainabilityuniversity"
"entrepreneurialuniversity, safeaiuniversity, sustainabilityuniversity","contributetotheworld, creatingthefuture, kampusberdampak, kampusswastaterbaik",0.10310048561822936,0.10347403810235338,0.1031,1.0,9.6643,1.0,0.09243226204099755,inf,0.9995835068721366,0.996389891696751,1.0,0.9981949458483754,"#entrepreneurialuniversity, #safeaiuniversity, #sustainabilityuniversity","#contributetotheworld, #creatingthefuture, #kampusberdampak, #kampusswastaterbaik"
"contributetotheworld, safeaiuniversity, sustainabilityuniversity","creatingthefuture, entrepreneurialuniversity, kampusberdampak, kampusswastaterbaik",0.10310048561822936,0.10347403810235338,0.1031,1.0,9.6643,1.0,0.09243226204099755,inf,0.9995835068721366,0.996389891696751,1.0,0.9981949458483754,"#contributetotheworld, #safeaiuniversity, #sustainabilityuniversity","#creatingthefuture, #entrepreneurialuniversity, #kampusberdampak, #kampusswastaterbaik"
"contributetotheworld, entrepreneurialuniversity, safeaiuniversity","creatingthefuture, kampusberdampak, kampusswastaterbaik, sustainabilityuniversity",0.10310048561822936,0.10347403810235338,0.1031,1.0,9.6643,1.0,0.09243226204099755,inf,0.9995835068721366,0.996389891696751,1.0,0.9981949458483754,"#contributetotheworld, #entrepreneurialuniversity, #safeaiuniversity","#creatingthefuture, #kampusberdampak, #kampusswastaterbaik, #sustainabilityuniversity"
"creatingthefuture, kampusberdampak, sustainabilityuniversity","contributetotheworld, kampusswastaterbaik, safeaiuniversity",0.10347403810235338,0.10310048561822936,0.1031,0.9964,9.6643,1.0,0.09243226204099755,248.44116548375456,0.9999999999999999,0.996389891696751,0.9959749021541867,0.9981949458483754,"#creatingthefuture, #kampusberdampak, #sustainabilityuniversity","#contributetotheworld, #kampusswastaterbaik, #safeaiuniversity"
"contributetotheworld, creatingthefuture, kampusberdampak","kampusswastaterbaik, safeaiuniversity, sustainabilityuniversity",0.10347403810235338,0.10310048561822936,0.1031,0.9964,9.6643,1.0,0.09243226204099755,248.44116548375456,0.9999999999999999,0.996389891696751,0.9959749021541867,0.9981949458483754,"#contributetotheworld, #creatingthefuture, #kampusberdampak","#kampusswastaterbaik, #safeaiuniversity, #sustainabilityuniversity"
"contributetotheworld, kampusberdampak, sustainabilityuniversity","creatingthefuture, kampusswastaterbaik, safeaiuniversity",0.10347403810235338,0.10310048561822936,0.1031,0.9964,9.6643,1.0,0.09243226204099755,248.44116548375456,0.9999999999999999,0.996389891696751,0.9959749021541867,0.9981949458483754,"#contributetotheworld, #kampusberdampak, #sustainabilityuniversity","#creatingthefuture, #kampusswastaterbaik, #safeaiuniversity"
"creatingthefuture, kampusswastaterbaik, safeaiuniversity","contributetotheworld, kampusberdampak, sustainabilityuniversity",0.10310048561822936,0.10347403810235338,0.1031,1.0,9.6643,1.0,0.09243226204099755,inf,0.9995835068721366,0.996389891696751,1.0,0.9981949458483754,"#creatingthefuture, #kampusswastaterbaik, #safeaiuniversity","#contributetotheworld, #kampusberdampak, #sustainabilityuniversity"
"kampusswastaterbaik, safeaiuniversity, sustainabilityuniversity","contributetotheworld, creatingthefuture, kampusberdampak",0.10310048561822936,0.10347403810235338,0.1031,1.0,9.6643,1.0,0.09243226204099755,inf,0.9995835068721366,0.996389891696751,1.0,0.9981949458483754,"#kampusswastaterbaik, #safeaiuniversity, #sustainabilityuniversity","#contributetotheworld, #creatingthefuture, #kampusberdampak"
"contributetotheworld, kampusswastaterbaik, safeaiuniversity","creatingthefuture, kampusberdampak, sustainabilityuniversity",0.10310048561822936,0.10347403810235338,0.1031,1.0,9.6643,1.0,0.09243226204099755,inf,0.9995835068721366,0.996389891696751,1.0,0.9981949458483754,"#contributetotheworld, #kampusswastaterbaik, #safeaiuniversity","#creatingthefuture, #kampusberdampak, #sustainabilityuniversity"
"contributetotheworld, creatingthefuture, safeaiuniversity","entrepreneurialuniversity, kampusberdampak",0.10310048561822936,0.10347403810235338,0.1031,1.0,9.6643,1.0,0.09243226204099755,inf,0.9995835068721366,0.996389891696751,1.0,0.9981949458483754,"#contributetotheworld, #creatingthefuture, #safeaiuniversity","#entrepreneurialuniversity, #kampusberdampak"
"entrepreneurialuniversity, kampusberdampak","contributetotheworld, creatingthefuture, safeaiuniversity",0.10347403810235338,0.10310048561822936,0.1031,0.9964,9.6643,1.0,0.09243226204099755,248.44116548375456,0.9999999999999999,0.996389891696751,0.9959749021541867,0.9981949458483754,"#entrepreneurialuniversity, #kampusberdampak","#contributetotheworld, #creatingthefuture, #safeaiuniversity"
"creatingthefuture, safeaiuniversity","contributetotheworld, entrepreneurialuniversity, kampusberdampak",0.10310048561822936,0.10347403810235338,0.1031,1.0,9.6643,1.0,0.09243226204099755,inf,0.9995835068721366,0.996389891696751,1.0,0.9981949458483754,"#creatingthefuture, #safeaiuniversity","#contributetotheworld, #entrepreneurialuniversity, #kampusberdampak"
"entrepreneurialuniversity, safeaiuniversity","contributetotheworld, creatingthefuture, kampusberdampak",0.10310048561822936,0.10347403810235338,0.1031,1.0,9.6643,1.0,0.09243226204099755,inf,0.9995835068721366,0.996389891696751,1.0,0.9981949458483754,"#entrepreneurialuniversity, #safeaiuniversity","#contributetotheworld, #creatingthefuture, #kampusberdampak"
"contributetotheworld, safeaiuniversity","creatingthefuture, entrepreneurialuniversity, kampusberdampak",0.10310048561822936,0.10347403810235338,0.1031,1.0,9.6643,1.0,0.09243226204099755,inf,0.9995835068721366,0.996389891696751,1.0,0.9981949458483754,"#contributetotheworld, #safeaiuniversity","#creatingthefuture, #entrepreneurialuniversity, #kampusberdampak"
"creatingthefuture, entrepreneurialuniversity, kampusberdampak, kampusswastaterbaik","contributetotheworld, safeaiuniversity",0.10347403810235338,0.10310048561822936,0.1031,0.9964,9.6643,1.0,0.09243226204099755,248.44116548375456,0.9999999999999999,0.996389891696751,0.9959749021541867,0.9981949458483754,"#creatingthefuture, #entrepreneurialuniversity, #kampusberdampak, #kampusswastaterbaik","#contributetotheworld, #safeaiuniversity"
"creatingthefuture, entrepreneurialuniversity, kampusberdampak, kampusswastaterbaik, sustainabilityuniversity",safeaiuniversity,0.10347403810235338,0.10310048561822936,0.1031,0.9964,9.6643,1.0,0.09243226204099755,248.44116548375456,0.9999999999999999,0.996389891696751,0.9959749021541867,0.9981949458483754,"#creatingthefuture, #entrepreneurialuniversity, #kampusberdampak, #kampusswastaterbaik, #sustainabilityuniversity",#safeaiuniversity
"contributetotheworld, creatingthefuture, entrepreneurialuniversity, kampusberdampak, kampusswastaterbaik","safeaiuniversity, sustainabilityuniversity",0.10347403810235338,0.10310048561822936,0.1031,0.9964,9.6643,1.0,0.09243226204099755,248.44116548375456,0.9999999999999999,0.996389891696751,0.9959749021541867,0.9981949458483754,"#contributetotheworld, #creatingthefuture, #entrepreneurialuniversity, #kampusberdampak, #kampusswastaterbaik","#safeaiuniversity, #sustainabilityuniversity"
"contributetotheworld, entrepreneurialuniversity, kampusberdampak, kampusswastaterbaik, sustainabilityuniversity","creatingthefuture, safeaiuniversity",0.10347403810235338,0.10310048561822936,0.1031,0.9964,9.6643,1.0,0.09243226204099755,248.44116548375456,0.9999999999999999,0.996389891696751,0.9959749021541867,0.9981949458483754,"#contributetotheworld, #entrepreneurialuniversity, #kampusberdampak, #kampusswastaterbaik, #sustainabilityuniversity","#creatingthefuture, #safeaiuniversity"
"contributetotheworld, creatingthefuture, entrepreneurialuniversity, kampusberdampak, sustainabilityuniversity","kampusswastaterbaik, safeaiuniversity",0.10347403810235338,0.10310048561822936,0.1031,0.9964,9.6643,1.0,0.09243226204099755,248.44116548375456,0.9999999999999999,0.996389891696751,0.9959749021541867,0.9981949458483754,"#contributetotheworld, #creatingthefuture, #entrepreneurialuniversity, #kampusberdampak, #sustainabilityuniversity","#kampusswastaterbaik, #safeaiuniversity"
"contributetotheworld, creatingthefuture, kampusswastaterbaik, safeaiuniversity, sustainabilityuniversity","entrepreneurialuniversity, kampusberdampak",0.10310048561822936,0.10347403810235338,0.1031,1.0,9.6643,1.0,0.09243226204099755,inf,0.9995835068721366,0.996389891696751,1.0,0.9981949458483754,"#contributetotheworld, #creatingthefuture, #kampusswastaterbaik, #safeaiuniversity, #sustainabilityuniversity","#entrepreneurialuniversity, #kampusberdampak"
"contributetotheworld, creatingthefuture, entrepreneurialuniversity, kampusswastaterbaik, safeaiuniversity","kampusberdampak, sustainabilityuniversity",0.10310048561822936,0.10347403810235338,0.1031,1.0,9.6643,1.0,0.09243226204099755,inf,0.9995835068721366,0.996389891696751,1.0,0.9981949458483754,"#contributetotheworld, #creatingthefuture, #entrepreneurialuniversity, #kampusswastaterbaik, #safeaiuniversity","#kampusberdampak, #sustainabilityuniversity"
"contributetotheworld, creatingthefuture, entrepreneurialuniversity, kampusberdampak, kampusswastaterbaik",safeaiuniversity,0.10347403810235338,0.10310048561822936,0.1031,0.9964,9.6643,1.0,0.09243226204099755,248.44116548375456,0.9999999999999999,0.996389891696751,0.9959749021541867,0.9981949458483754,"#contributetotheworld, #creatingthefuture, #entrepreneurialuniversity, #kampusberdampak, #kampusswastaterbaik",#safeaiuniversity
"contributetotheworld, creatingthefuture, kampusberdampak","entrepreneurialuniversity, kampusswastaterbaik, safeaiuniversity",0.10347403810235338,0.10310048561822936,0.1031,0.9964,9.6643,1.0,0.09243226204099755,248.44116548375456,0.9999999999999999,0.996389891696751,0.9959749021541867,0.9981949458483754,"#contributetotheworld, #creatingthefuture, #kampusberdampak","#entrepreneurialuniversity, #kampusswastaterbaik, #safeaiuniversity"
"contributetotheworld, entrepreneurialuniversity, kampusberdampak","creatingthefuture, kampusswastaterbaik, safeaiuniversity",0.10347403810235338,0.10310048561822936,0.1031,0.9964,9.6643,1.0,0.09243226204099755,248.44116548375456,0.9999999999999999,0.996389891696751,0.9959749021541867,0.9981949458483754,"#contributetotheworld, #entrepreneurialuniversity, #kampusberdampak","#creatingthefuture, #kampusswastaterbaik, #safeaiuniversity"
"creatingthefuture, kampusswastaterbaik, safeaiuniversity","contributetotheworld, entrepreneurialuniversity, kampusberdampak",0.10310048561822936,0.10347403810235338,0.1031,1.0,9.6643,1.0,0.09243226204099755,inf,0.9995835068721366,0.996389891696751,1.0,0.9981949458483754,"#creatingthefuture, #kampusswastaterbaik, #safeaiuniversity","#contributetotheworld, #entrepreneurialuniversity, #kampusberdampak"
"contributetotheworld, kampusberdampak, kampusswastaterbaik, sustainabilityuniversity","entrepreneurialuniversity, safeaiuniversity",0.10347403810235338,0.10310048561822936,0.1031,0.9964,9.6643,1.0,0.09243226204099755,248.44116548375456,0.9999999999999999,0.996389891696751,0.9959749021541867,0.9981949458483754,"#contributetotheworld, #kampusberdampak, #kampusswastaterbaik, #sustainabilityuniversity","#entrepreneurialuniversity, #safeaiuniversity"
"contributetotheworld, entrepreneurialuniversity, kampusberdampak, kampusswastaterbaik","safeaiuniversity, sustainabilityuniversity",0.10347403810235338,0.10310048561822936,0.1031,0.9964,9.6643,1.0,0.09243226204099755,248.44116548375456,0.9999999999999999,0.996389891696751,0.9959749021541867,0.9981949458483754,"#contributetotheworld, #entrepreneurialuniversity, #kampusberdampak, #kampusswastaterbaik","#safeaiuniversity, #sustainabilityuniversity"
"contributetotheworld, entrepreneurialuniversity, kampusberdampak, sustainabilityuniversity","kampusswastaterbaik, safeaiuniversity",0.10347403810235338,0.10310048561822936,0.1031,0.9964,9.6643,1.0,0.09243226204099755,248.44116548375456,0.9999999999999999,0.996389891696751,0.9959749021541867,0.9981949458483754,"#contributetotheworld, #entrepreneurialuniversity, #kampusberdampak, #sustainabilityuniversity","#kampusswastaterbaik, #safeaiuniversity"
"contributetotheworld, kampusswastaterbaik, safeaiuniversity, sustainabilityuniversity","entrepreneurialuniversity, kampusberdampak",0.10310048561822936,0.10347403810235338,0.1031,1.0,9.6643,1.0,0.09243226204099755,inf,0.9995835068721366,0.996389891696751,1.0,0.9981949458483754,"#contributetotheworld, #kampusswastaterbaik, #safeaiuniversity, #sustainabilityuniversity","#entrepreneurialuniversity, #kampusberdampak"
"contributetotheworld, entrepreneurialuniversity, kampusswastaterbaik, safeaiuniversity","kampusberdampak, sustainabilityuniversity",0.10310048561822936,0.10347403810235338,0.1031,1.0,9.6643,1.0,0.09243226204099755,inf,0.9995835068721366,0.996389891696751,1.0,0.9981949458483754,"#contributetotheworld, #entrepreneurialuniversity, #kampusswastaterbaik, #safeaiuniversity","#kampusberdampak, #sustainabilityuniversity"
"entrepreneurialuniversity, kampusberdampak, kampusswastaterbaik","contributetotheworld, safeaiuniversity, sustainabilityuniversity",0.10347403810235338,0.10310048561822936,0.1031,0.9964,9.6643,1.0,0.09243226204099755,248.44116548375456,0.9999999999999999,0.996389891696751,0.9959749021541867,0.9981949458483754,"#entrepreneurialuniversity, #kampusberdampak, #kampusswastaterbaik","#contributetotheworld, #safeaiuniversity, #sustainabilityuniversity"
"creatingthefuture, kampusberdampak","contributetotheworld, entrepreneurialuniversity, safeaiuniversity",0.1038475905864774,0.10310048561822936,0.1031,0.9928,9.6295,1.0,0.09239374859848049,124.66903249906689,1.0000000000000002,0.9928057553956835,0.9919787618468324,0.9964028776978417,"#creatingthefuture, #kampusberdampak","#contributetotheworld, #entrepreneurialuniversity, #safeaiuniversity"
"contributetotheworld, entrepreneurialuniversity, safeaiuniversity","creatingthefuture, kampusberdampak",0.10310048561822936,0.1038475905864774,0.1031,1.0,9.6295,1.0,0.09239374859848049,inf,0.9991670137442734,0.9928057553956835,1.0,0.9964028776978417,"#contributetotheworld, #entrepreneurialuniversity, #safeaiuniversity","#creatingthefuture, #kampusberdampak"
"creatingthefuture, kampusberdampak","contributetotheworld, kampusswastaterbaik, safeaiuniversity, sustainabilityuniversity",0.1038475905864774,0.10310048561822936,0.1031,0.9928,9.6295,1.0,0.09239374859848049,124.66903249906689,1.0000000000000002,0.9928057553956835,0.9919787618468324,0.9964028776978417,"#creatingthefuture, #kampusberdampak","#contributetotheworld, #kampusswastaterbaik, #safeaiuniversity, #sustainabilityuniversity"
"contributetotheworld, entrepreneurialuniversity, kampusswastaterbaik, safeaiuniversity, sustainabilityuniversity","creatingthefuture, kampusberdampak",0.10310048561822936,0.1038475905864774,0.1031,1.0,9.6295,1.0,0.09239374859848049,inf,0.9991670137442734,0.9928057553956835,1.0,0.9964028776978417,"#contributetotheworld, #entrepreneurialuniversity, #kampusswastaterbaik, #safeaiuniversity, #sustainabilityuniversity","#creatingthefuture, #kampusberdampak"
"contributetotheworld, kampusswastaterbaik, safeaiuniversity, sustainabilityuniversity","creatingthefuture, kampusberdampak",0.10310048561822936,0.1038475905864774,0.1031,1.0,9.6295,1.0,0.09239374859848049,inf,0.9991670137442734,0.9928057553956835,1.0,0.9964028776978417,"#contributetotheworld, #kampusswastaterbaik, #safeaiuniversity, #sustainabilityuniversity","#creatingthefuture, #kampusberdampak"
"creatingthefuture, kampusberdampak, kampusswastaterbaik","contributetotheworld, safeaiuniversity, sustainabilityuniversity",0.1038475905864774,0.10310048561822936,0.1031,0.9928,9.6295,1.0,0.09239374859848049,124.66903249906689,1.0000000000000002,0.9928057553956835,0.9919787618468324,0.9964028776978417,"#creatingthefuture, #kampusberdampak, #kampusswastaterbaik","#contributetotheworld, #safeaiuniversity, #sustainabilityuniversity"
"creatingthefuture, kampusberdampak","contributetotheworld, safeaiuniversity",0.1038475905864774,0.10310048561822936,0.1031,0.9928,9.6295,1.0,0.09239374859848049,124.66903249906689,1.0000000000000002,0.9928057553956835,0.9919787618468324,0.9964028776978417,"#creatingthefuture, #kampusberdampak","#contributetotheworld, #safeaiuniversity"
"creatingthefuture, kampusberdampak","contributetotheworld, entrepreneurialuniversity, kampusswastaterbaik, safeaiuniversity",0.1038475905864774,0.10310048561822936,0.1031,0.9928,9.6295,1.0,0.09239374859848049,124.66903249906689,1.0000000000000002,0.9928057553956835,0.9919787618468324,0.9964028776978417,"#creatingthefuture, #kampusberdampak","#contributetotheworld, #entrepreneurialuniversity, #kampusswastaterbaik, #safeaiuniversity"
"creatingthefuture, kampusberdampak, kampusswastaterbaik","contributetotheworld, entrepreneurialuniversity, safeaiuniversity, sustainabilityuniversity",0.1038475905864774,0.10310048561822936,0.1031,0.9928,9.6295,1.0,0.09239374859848049,124.66903249906689,1.0000000000000002,0.9928057553956835,0.9919787618468324,0.9964028776978417,"#creatingthefuture, #kampusberdampak, #kampusswastaterbaik","#contributetotheworld, #entrepreneurialuniversity, #safeaiuniversity, #sustainabilityuniversity"
"entrepreneurialuniversity, safeaiuniversity, sustainabilityuniversity","creatingthefuture, kampusberdampak",0.10310048561822936,0.1038475905864774,0.1031,1.0,9.6295,1.0,0.09239374859848049,inf,0.9991670137442734,0.9928057553956835,1.0,0.9964028776978417,"#entrepreneurialuniversity, #safeaiuniversity, #sustainabilityuniversity","#creatingthefuture, #kampusberdampak"
"contributetotheworld, kampusswastaterbaik, safeaiuniversity","creatingthefuture, kampusberdampak",0.10310048561822936,0.1038475905864774,0.1031,1.0,9.6295,1.0,0.09239374859848049,inf,0.9991670137442734,0.9928057553956835,1.0,0.9964028776978417,"#contributetotheworld, #kampusswastaterbaik, #safeaiuniversity","#creatingthefuture, #kampusberdampak"
"creatingthefuture, kampusberdampak, kampusswastaterbaik","contributetotheworld, safeaiuniversity",0.1038475905864774,0.10310048561822936,0.1031,0.9928,9.6295,1.0,0.09239374859848049,124.66903249906689,1.0000000000000002,0.9928057553956835,0.9919787618468324,0.9964028776978417,"#creatingthefuture, #kampusberdampak, #kampusswastaterbaik","#contributetotheworld, #safeaiuniversity"
"safeaiuniversity, sustainabilityuniversity","creatingthefuture, kampusberdampak",0.10310048561822936,0.1038475905864774,0.1031,1.0,9.6295,1.0,0.09239374859848049,inf,0.9991670137442734,0.9928057553956835,1.0,0.9964028776978417,"#safeaiuniversity, #sustainabilityuniversity","#creatingthefuture, #kampusberdampak"
"creatingthefuture, kampusberdampak","contributetotheworld, kampusswastaterbaik, safeaiuniversity",0.1038475905864774,0.10310048561822936,0.1031,0.9928,9.6295,1.0,0.09239374859848049,124.66903249906689,1.0000000000000002,0.9928057553956835,0.9919787618468324,0.9964028776978417,"#creatingthefuture, #kampusberdampak","#contributetotheworld, #kampusswastaterbaik, #safeaiuniversity"
"contributetotheworld, entrepreneurialuniversity, kampusswastaterbaik, safeaiuniversity","creatingthefuture, kampusberdampak",0.10310048561822936,0.1038475905864774,0.1031,1.0,9.6295,1.0,0.09239374859848049,inf,0.9991670137442734,0.9928057553956835,1.0,0.9964028776978417,"#contributetotheworld, #entrepreneurialuniversity, #kampusswastaterbaik, #safeaiuniversity","#creatingthefuture, #kampusberdampak"
"creatingthefuture, kampusberdampak, kampusswastaterbaik","safeaiuniversity, sustainabilityuniversity",0.1038475905864774,0.10310048561822936,0.1031,0.9928,9.6295,1.0,0.09239374859848049,124.66903249906689,1.0000000000000002,0.9928057553956835,0.9919787618468324,0.9964028776978417,"#creatingthefuture, #kampusberdampak, #kampusswastaterbaik","#safeaiuniversity, #sustainabilityuniversity"
"creatingthefuture, kampusberdampak, kampusswastaterbaik","contributetotheworld, entrepreneurialuniversity, safeaiuniversity",0.1038475905864774,0.10310048561822936,0.1031,0.9928,9.6295,1.0,0.09239374859848049,124.66903249906689,1.0000000000000002,0.9928057553956835,0.9919787618468324,0.9964028776978417,"#creatingthefuture, #kampusberdampak, #kampusswastaterbaik","#contributetotheworld, #entrepreneurialuniversity, #safeaiuniversity"
"kampusswastaterbaik, safeaiuniversity, sustainabilityuniversity","creatingthefuture, kampusberdampak",0.10310048561822936,0.1038475905864774,0.1031,1.0,9.6295,1.0,0.09239374859848049,inf,0.9991670137442734,0.9928057553956835,1.0,0.9964028776978417,"#kampusswastaterbaik, #safeaiuniversity, #sustainabilityuniversity","#creatingthefuture, #kampusberdampak"
"creatingthefuture, kampusberdampak","kampusswastaterbaik, safeaiuniversity, sustainabilityuniversity",0.1038475905864774,0.10310048561822936,0.1031,0.9928,9.6295,1.0,0.09239374859848049,124.66903249906689,1.0000000000000002,0.9928057553956835,0.9919787618468324,0.9964028776978417,"#creatingthefuture, #kampusberdampak","#kampusswastaterbaik, #safeaiuniversity, #sustainabilityuniversity"
"kampusswastaterbaik, safeaiuniversity","creatingthefuture, kampusberdampak",0.10310048561822936,0.1038475905864774,0.1031,1.0,9.6295,1.0,0.09239374859848049,inf,0.9991670137442734,0.9928057553956835,1.0,0.9964028776978417,"#kampusswastaterbaik, #safeaiuniversity","#creatingthefuture, #kampusberdampak"
"creatingthefuture, kampusberdampak","safeaiuniversity, sustainabilityuniversity",0.1038475905864774,0.10310048561822936,0.1031,0.9928,9.6295,1.0,0.09239374859848049,124.66903249906689,1.0000000000000002,0.9928057553956835,0.9919787618468324,0.9964028776978417,"#creatingthefuture, #kampusberdampak","#safeaiuniversity, #sustainabilityuniversity"
"creatingthefuture, kampusberdampak","kampusswastaterbaik, safeaiuniversity",0.1038475905864774,0.10310048561822936,0.1031,0.9928,9.6295,1.0,0.09239374859848049,124.66903249906689,1.0000000000000002,0.9928057553956835,0.9919787618468324,0.9964028776978417,"#creatingthefuture, #kampusberdampak","#kampusswastaterbaik, #safeaiuniversity"
"contributetotheworld, safeaiuniversity","creatingthefuture, kampusberdampak, kampusswastaterbaik",0.10310048561822936,0.1038475905864774,0.1031,1.0,9.6295,1.0,0.09239374859848049,inf,0.9991670137442734,0.9928057553956835,1.0,0.9964028776978417,"#contributetotheworld, #safeaiuniversity","#creatingthefuture, #kampusberdampak, #kampusswastaterbaik"
"contributetotheworld, entrepreneurialuniversity, safeaiuniversity","creatingthefuture, kampusberdampak, kampusswastaterbaik",0.10310048561822936,0.1038475905864774,0.1031,1.0,9.6295,1.0,0.09239374859848049,inf,0.9991670137442734,0.9928057553956835,1.0,0.9964028776978417,"#contributetotheworld, #entrepreneurialuniversity, #safeaiuniversity","#creatingthefuture, #kampusberdampak, #kampusswastaterbaik"
"safeaiuniversity, sustainabilityuniversity","creatingthefuture, kampusberdampak, kampusswastaterbaik",0.10310048561822936,0.1038475905864774,0.1031,1.0,9.6295,1.0,0.09239374859848049,inf,0.9991670137442734,0.9928057553956835,1.0,0.9964028776978417,"#safeaiuniversity, #sustainabilityuniversity","#creatingthefuture, #kampusberdampak, #kampusswastaterbaik"
"entrepreneurialuniversity, kampusswastaterbaik, safeaiuniversity, sustainabilityuniversity","creatingthefuture, kampusberdampak",0.10310048561822936,0.1038475905864774,0.1031,1.0,9.6295,1.0,0.09239374859848049,inf,0.9991670137442734,0.9928057553956835,1.0,0.9964028776978417,"#entrepreneurialuniversity, #kampusswastaterbaik, #safeaiuniversity, #sustainabilityuniversity","#creatingthefuture, #kampusberdampak"
"creatingthefuture, kampusberdampak, kampusswastaterbaik","entrepreneurialuniversity, safeaiuniversity, sustainabilityuniversity",0.1038475905864774,0.10310048561822936,0.1031,0.9928,9.6295,1.0,0.09239374859848049,124.66903249906689,1.0000000000000002,0.9928057553956835,0.9919787618468324,0.9964028776978417,"#creatingthefuture, #kampusberdampak, #kampusswastaterbaik","#entrepreneurialuniversity, #safeaiuniversity, #sustainabilityuniversity"
safeaiuniversity,"creatingthefuture, kampusberdampak",0.10310048561822936,0.1038475905864774,0.1031,1.0,9.6295,1.0,0.09239374859848049,inf,0.9991670137442734,0.9928057553956835,1.0,0.9964028776978417,#safeaiuniversity,"#creatingthefuture, #kampusberdampak"
"creatingthefuture, kampusberdampak",safeaiuniversity,0.1038475905864774,0.10310048561822936,0.1031,0.9928,9.6295,1.0,0.09239374859848049,124.66903249906689,1.0000000000000002,0.9928057553956835,0.9919787618468324,0.9964028776978417,"#creatingthefuture, #kampusberdampak",#safeaiuniversity
"creatingthefuture, kampusberdampak","entrepreneurialuniversity, kampusswastaterbaik, safeaiuniversity",0.1038475905864774,0.10310048561822936,0.1031,0.9928,9.6295,1.0,0.09239374859848049,124.66903249906689,1.0000000000000002,0.9928057553956835,0.9919787618468324,0.9964028776978417,"#creatingthefuture, #kampusberdampak","#entrepreneurialuniversity, #kampusswastaterbaik, #safeaiuniversity"
"creatingthefuture, kampusberdampak, kampusswastaterbaik",safeaiuniversity,0.1038475905864774,0.10310048561822936,0.1031,0.9928,9.6295,1.0,0.09239374859848049,124.66903249906689,1.0000000000000002,0.9928057553956835,0.9919787618468324,0.9964028776978417,"#creatingthefuture, #kampusberdampak, #kampusswastaterbaik",#safeaiuniversity
"entrepreneurialuniversity, kampusswastaterbaik, safeaiuniversity","creatingthefuture, kampusberdampak",0.10310048561822936,0.1038475905864774,0.1031,1.0,9.6295,1.0,0.09239374859848049,inf,0.9991670137442734,0.9928057553956835,1.0,0.9964028776978417,"#entrepreneurialuniversity, #kampusswastaterbaik, #safeaiuniversity","#creatingthefuture, #kampusberdampak"
"creatingthefuture, kampusberdampak, kampusswastaterbaik","entrepreneurialuniversity, safeaiuniversity",0.1038475905864774,0.10310048561822936,0.1031,0.9928,9.6295,1.0,0.09239374859848049,124.66903249906689,1.0000000000000002,0.9928057553956835,0.9919787618468324,0.9964028776978417,"#creatingthefuture, #kampusberdampak, #kampusswastaterbaik","#entrepreneurialuniversity, #safeaiuniversity"
"creatingthefuture, kampusberdampak","entrepreneurialuniversity, safeaiuniversity, sustainabilityuniversity",0.1038475905864774,0.10310048561822936,0.1031,0.9928,9.6295,1.0,0.09239374859848049,124.66903249906689,1.0000000000000002,0.9928057553956835,0.9919787618468324,0.9964028776978417,"#creatingthefuture, #kampusberdampak","#entrepreneurialuniversity, #safeaiuniversity, #sustainabilityuniversity"
"contributetotheworld, safeaiuniversity, sustainabilityuniversity","creatingthefuture, kampusberdampak",0.10310048561822936,0.1038475905864774,0.1031,1.0,9.6295,1.0,0.09239374859848049,inf,0.9991670137442734,0.9928057553956835,1.0,0.9964028776978417,"#contributetotheworld, #safeaiuniversity, #sustainabilityuniversity","#creatingthefuture, #kampusberdampak"
"entrepreneurialuniversity, safeaiuniversity","creatingthefuture, kampusberdampak, kampusswastaterbaik",0.10310048561822936,0.1038475905864774,0.1031,1.0,9.6295,1.0,0.09239374859848049,inf,0.9991670137442734,0.9928057553956835,1.0,0.9964028776978417,"#entrepreneurialuniversity, #safeaiuniversity","#creatingthefuture, #kampusberdampak, #kampusswastaterbaik"
safeaiuniversity,"creatingthefuture, kampusberdampak, kampusswastaterbaik",0.10310048561822936,0.1038475905864774,0.1031,1.0,9.6295,1.0,0.09239374859848049,inf,0.9991670137442734,0.9928057553956835,1.0,0.9964028776978417,#safeaiuniversity,"#creatingthefuture, #kampusberdampak, #kampusswastaterbaik"
"creatingthefuture, kampusberdampak","contributetotheworld, safeaiuniversity, sustainabilityuniversity",0.1038475905864774,0.10310048561822936,0.1031,0.9928,9.6295,1.0,0.09239374859848049,124.66903249906689,1.0000000000000002,0.9928057553956835,0.9919787618468324,0.9964028776978417,"#creatingthefuture, #kampusberdampak","#contributetotheworld, #safeaiuniversity, #sustainabilityuniversity"
"entrepreneurialuniversity, safeaiuniversity, sustainabilityuniversity","creatingthefuture, kampusberdampak, kampusswastaterbaik",0.10310048561822936,0.1038475905864774,0.1031,1.0,9.6295,1.0,0.09239374859848049,inf,0.9991670137442734,0.9928057553956835,1.0,0.9964028776978417,"#entrepreneurialuniversity, #safeaiuniversity, #sustainabilityuniversity","#creatingthefuture, #kampusberdampak, #kampusswastaterbaik"
"creatingthefuture, kampusberdampak","entrepreneurialuniversity, kampusswastaterbaik, safeaiuniversity, sustainabilityuniversity",0.1038475905864774,0.10310048561822936,0.1031,0.9928,9.6295,1.0,0.09239374859848049,124.66903249906689,1.0000000000000002,0.9928057553956835,0.9919787618468324,0.9964028776978417,"#creatingthefuture, #kampusberdampak","#entrepreneurialuniversity, #kampusswastaterbaik, #safeaiuniversity, #sustainabilityuniversity"
"entrepreneurialuniversity, safeaiuniversity","creatingthefuture, kampusberdampak",0.10310048561822936,0.1038475905864774,0.1031,1.0,9.6295,1.0,0.09239374859848049,inf,0.9991670137442734,0.9928057553956835,1.0,0.9964028776978417,"#entrepreneurialuniversity, #safeaiuniversity","#creatingthefuture, #kampusberdampak"
"contributetotheworld, entrepreneurialuniversity, safeaiuniversity, sustainabilityuniversity","creatingthefuture, kampusberdampak, kampusswastaterbaik",0.10310048561822936,0.1038475905864774,0.1031,1.0,9.6295,1.0,0.09239374859848049,inf,0.9991670137442734,0.9928057553956835,1.0,0.9964028776978417,"#contributetotheworld, #entrepreneurialuniversity, #safeaiuniversity, #sustainabilityuniversity","#creatingthefuture, #kampusberdampak, #kampusswastaterbaik"
"creatingthefuture, kampusberdampak","contributetotheworld, entrepreneurialuniversity, safeaiuniversity, sustainabilityuniversity",0.1038475905864774,0.10310048561822936,0.1031,0.9928,9.6295,1.0,0.09239374859848049,124.66903249906689,1.0000000000000002,0.9928057553956835,0.9919787618468324,0.9964028776978417,"#creatingthefuture, #kampusberdampak","#contributetotheworld, #entrepreneurialuniversity, #safeaiuniversity, #sustainabilityuniversity"
"contributetotheworld, safeaiuniversity","creatingthefuture, kampusberdampak",0.10310048561822936,0.1038475905864774,0.1031,1.0,9.6295,1.0,0.09239374859848049,inf,0.9991670137442734,0.9928057553956835,1.0,0.9964028776978417,"#contributetotheworld, #safeaiuniversity","#creatingthefuture, #kampusberdampak"
"creatingthefuture, kampusberdampak","contributetotheworld, entrepreneurialuniversity, kampusswastaterbaik, safeaiuniversity, sustainabilityuniversity",0.1038475905864774,0.10310048561822936,0.1031,0.9928,9.6295,1.0,0.09239374859848049,124.66903249906689,1.0000000000000002,0.9928057553956835,0.9919787618468324,0.9964028776978417,"#creatingthefuture, #kampusberdampak","#contributetotheworld, #entrepreneurialuniversity, #kampusswastaterbaik, #safeaiuniversity, #sustainabilityuniversity"
"creatingthefuture, kampusberdampak","entrepreneurialuniversity, safeaiuniversity",0.1038475905864774,0.10310048561822936,0.1031,0.9928,9.6295,1.0,0.09239374859848049,124.66903249906689,1.0000000000000002,0.9928057553956835,0.9919787618468324,0.9964028776978417,"#creatingthefuture, #kampusberdampak","#entrepreneurialuniversity, #safeaiuniversity"
"contributetotheworld, safeaiuniversity, sustainabilityuniversity","creatingthefuture, kampusberdampak, kampusswastaterbaik",0.10310048561822936,0.1038475905864774,0.1031,1.0,9.6295,1.0,0.09239374859848049,inf,0.9991670137442734,0.9928057553956835,1.0,0.9964028776978417,"#contributetotheworld, #safeaiuniversity, #sustainabilityuniversity","#creatingthefuture, #kampusberdampak, #kampusswastaterbaik"
"contributetotheworld, entrepreneurialuniversity, safeaiuniversity, sustainabilityuniversity","creatingthefuture, kampusberdampak",0.10310048561822936,0.1038475905864774,0.1031,1.0,9.6295,1.0,0.09239374859848049,inf,0.9991670137442734,0.9928057553956835,1.0,0.9964028776978417,"#contributetotheworld, #entrepreneurialuniversity, #safeaiuniversity, #sustainabilityuniversity","#creatingthefuture, #kampusberdampak"
"entrepreneurialuniversity, kampusberdampak","contributetotheworld, creatingthefuture, kampusswastaterbaik, sustainabilityuniversity",0.10347403810235338,0.13410534180052297,0.1035,1.0,7.4568,1.0,0.08959761685515694,inf,0.9658333333333333,0.7715877437325905,1.0,0.8857938718662952,"#entrepreneurialuniversity, #kampusberdampak","#contributetotheworld, #creatingthefuture, #kampusswastaterbaik, #sustainabilityuniversity"
safeaiuniversity,"contributetotheworld, entrepreneurialuniversity, kampusswastaterbaik, sustainabilityuniversity",0.10310048561822936,0.13410534180052297,0.1031,1.0,7.4568,1.0,0.08927415975459681,inf,0.9654310703873387,0.7688022284122563,1.0,0.8844011142061281,#safeaiuniversity,"#contributetotheworld, #entrepreneurialuniversity, #kampusswastaterbaik, #sustainabilityuniversity"
"contributetotheworld, entrepreneurialuniversity, kampusswastaterbaik, sustainabilityuniversity",safeaiuniversity,0.13410534180052297,0.10310048561822936,0.1031,0.7688,7.4568,1.0,0.08927415975459681,3.879360550157298,0.9999999999999999,0.7688022284122563,0.7422255582922158,0.8844011142061281,"#contributetotheworld, #entrepreneurialuniversity, #kampusswastaterbaik, #sustainabilityuniversity",#safeaiuniversity
"creatingthefuture, entrepreneurialuniversity, kampusberdampak, safeaiuniversity","contributetotheworld, kampusswastaterbaik, sustainabilityuniversity",0.10310048561822936,0.13410534180052297,0.1031,1.0,7.4568,1.0,0.08927415975459681,inf,0.9654310703873387,0.7688022284122563,1.0,0.8844011142061281,"#creatingthefuture, #entrepreneurialuniversity, #kampusberdampak, #safeaiuniversity","#contributetotheworld, #kampusswastaterbaik, #sustainabilityuniversity"
"creatingthefuture, safeaiuniversity","contributetotheworld, kampusswastaterbaik, sustainabilityuniversity",0.10310048561822936,0.13410534180052297,0.1031,1.0,7.4568,1.0,0.08927415975459681,inf,0.9654310703873387,0.7688022284122563,1.0,0.8844011142061281,"#creatingthefuture, #safeaiuniversity","#contributetotheworld, #kampusswastaterbaik, #sustainabilityuniversity"
"contributetotheworld, creatingthefuture, entrepreneurialuniversity, kampusswastaterbaik, sustainabilityuniversity",safeaiuniversity,0.13410534180052297,0.10310048561822936,0.1031,0.7688,7.4568,1.0,0.08927415975459681,3.879360550157298,0.9999999999999999,0.7688022284122563,0.7422255582922158,0.8844011142061281,"#contributetotheworld, #creatingthefuture, #entrepreneurialuniversity, #kampusswastaterbaik, #sustainabilityuniversity",#safeaiuniversity
"kampusberdampak, safeaiuniversity","contributetotheworld, entrepreneurialuniversity, kampusswastaterbaik, sustainabilityuniversity",0.10310048561822936,0.13410534180052297,0.1031,1.0,7.4568,1.0,0.08927415975459681,inf,0.9654310703873387,0.7688022284122563,1.0,0.8844011142061281,"#kampusberdampak, #safeaiuniversity","#contributetotheworld, #entrepreneurialuniversity, #kampusswastaterbaik, #sustainabilityuniversity"
"creatingthefuture, kampusberdampak, safeaiuniversity","contributetotheworld, entrepreneurialuniversity, kampusswastaterbaik, sustainabilityuniversity",0.10310048561822936,0.13410534180052297,0.1031,1.0,7.4568,1.0,0.08927415975459681,inf,0.9654310703873387,0.7688022284122563,1.0,0.8844011142061281,"#creatingthefuture, #kampusberdampak, #safeaiuniversity","#contributetotheworld, #entrepreneurialuniversity, #kampusswastaterbaik, #sustainabilityuniversity"
"contributetotheworld, creatingthefuture, kampusswastaterbaik, sustainabilityuniversity",safeaiuniversity,0.13410534180052297,0.10310048561822936,0.1031,0.7688,7.4568,1.0,0.08927415975459681,3.879360550157298,0.9999999999999999,0.7688022284122563,0.7422255582922158,0.8844011142061281,"#contributetotheworld, #creatingthefuture, #kampusswastaterbaik, #sustainabilityuniversity",#safeaiuniversity
"contributetotheworld, kampusswastaterbaik, sustainabilityuniversity","creatingthefuture, entrepreneurialuniversity, safeaiuniversity",0.13410534180052297,0.10310048561822936,0.1031,0.7688,7.4568,1.0,0.08927415975459681,3.879360550157298,0.9999999999999999,0.7688022284122563,0.7422255582922158,0.8844011142061281,"#contributetotheworld, #kampusswastaterbaik, #sustainabilityuniversity","#creatingthefuture, #entrepreneurialuniversity, #safeaiuniversity"
safeaiuniversity,"contributetotheworld, creatingthefuture, kampusswastaterbaik, sustainabilityuniversity",0.10310048561822936,0.13410534180052297,0.1031,1.0,7.4568,1.0,0.08927415975459681,inf,0.9654310703873387,0.7688022284122563,1.0,0.8844011142061281,#safeaiuniversity,"#contributetotheworld, #creatingthefuture, #kampusswastaterbaik, #sustainabilityuniversity"
"kampusberdampak, safeaiuniversity","contributetotheworld, creatingthefuture, entrepreneurialuniversity, kampusswastaterbaik, sustainabilityuniversity",0.10310048561822936,0.13410534180052297,0.1031,1.0,7.4568,1.0,0.08927415975459681,inf,0.9654310703873387,0.7688022284122563,1.0,0.8844011142061281,"#kampusberdampak, #safeaiuniversity","#contributetotheworld, #creatingthefuture, #entrepreneurialuniversity, #kampusswastaterbaik, #sustainabilityuniversity"
"creatingthefuture, kampusberdampak, safeaiuniversity","contributetotheworld, kampusswastaterbaik, sustainabilityuniversity",0.10310048561822936,0.13410534180052297,0.1031,1.0,7.4568,1.0,0.08927415975459681,inf,0.9654310703873387,0.7688022284122563,1.0,0.8844011142061281,"#creatingthefuture, #kampusberdampak, #safeaiuniversity","#contributetotheworld, #kampusswastaterbaik, #sustainabilityuniversity"
"contributetotheworld, kampusswastaterbaik, sustainabilityuniversity",safeaiuniversity,0.13410534180052297,0.10310048561822936,0.1031,0.7688,7.4568,1.0,0.08927415975459681,3.879360550157298,0.9999999999999999,0.7688022284122563,0.7422255582922158,0.8844011142061281,"#contributetotheworld, #kampusswastaterbaik, #sustainabilityuniversity",#safeaiuniversity
"creatingthefuture, entrepreneurialuniversity, kampusberdampak","contributetotheworld, kampusswastaterbaik, sustainabilityuniversity",0.10347403810235338,0.13410534180052297,0.1035,1.0,7.4568,1.0,0.08959761685515694,inf,0.9658333333333333,0.7715877437325905,1.0,0.8857938718662952,"#creatingthefuture, #entrepreneurialuniversity, #kampusberdampak","#contributetotheworld, #kampusswastaterbaik, #sustainabilityuniversity"
"entrepreneurialuniversity, kampusberdampak, safeaiuniversity","contributetotheworld, kampusswastaterbaik, sustainabilityuniversity",0.10310048561822936,0.13410534180052297,0.1031,1.0,7.4568,1.0,0.08927415975459681,inf,0.9654310703873387,0.7688022284122563,1.0,0.8844011142061281,"#entrepreneurialuniversity, #kampusberdampak, #safeaiuniversity","#contributetotheworld, #kampusswastaterbaik, #sustainabilityuniversity"
"entrepreneurialuniversity, kampusberdampak","contributetotheworld, kampusswastaterbaik, sustainabilityuniversity",0.10347403810235338,0.13410534180052297,0.1035,1.0,7.4568,1.0,0.08959761685515694,inf,0.9658333333333333,0.7715877437325905,1.0,0.8857938718662952,"#entrepreneurialuniversity, #kampusberdampak","#contributetotheworld, #kampusswastaterbaik, #sustainabilityuniversity"
"contributetotheworld, kampusswastaterbaik, sustainabilityuniversity","kampusberdampak, safeaiuniversity",0.13410534180052297,0.10310048561822936,0.1031,0.7688,7.4568,1.0,0.08927415975459681,3.879360550157298,0.9999999999999999,0.7688022284122563,0.7422255582922158,0.8844011142061281,"#contributetotheworld, #kampusswastaterbaik, #sustainabilityuniversity","#kampusberdampak, #safeaiuniversity"
"contributetotheworld, kampusswastaterbaik, sustainabilityuniversity","entrepreneurialuniversity, kampusberdampak",0.13410534180052297,0.10347403810235338,0.1035,0.7716,7.4568,1.0,0.08959761685515694,3.9250343941616483,0.9999999999999999,0.7715877437325905,0.7452251624883937,0.8857938718662952,"#contributetotheworld, #kampusswastaterbaik, #sustainabilityuniversity","#entrepreneurialuniversity, #kampusberdampak"
"contributetotheworld, kampusswastaterbaik, sustainabilityuniversity","entrepreneurialuniversity, safeaiuniversity",0.13410534180052297,0.10310048561822936,0.1031,0.7688,7.4568,1.0,0.08927415975459681,3.879360550157298,0.9999999999999999,0.7688022284122563,0.7422255582922158,0.8844011142061281,"#contributetotheworld, #kampusswastaterbaik, #sustainabilityuniversity","#entrepreneurialuniversity, #safeaiuniversity"
safeaiuniversity,"contributetotheworld, kampusswastaterbaik, sustainabilityuniversity",0.10310048561822936,0.13410534180052297,0.1031,1.0,7.4568,1.0,0.08927415975459681,inf,0.9654310703873387,0.7688022284122563,1.0,0.8844011142061281,#safeaiuniversity,"#contributetotheworld, #kampusswastaterbaik, #sustainabilityuniversity"
"contributetotheworld, creatingthefuture, kampusswastaterbaik, sustainabilityuniversity","entrepreneurialuniversity, safeaiuniversity",0.13410534180052297,0.10310048561822936,0.1031,0.7688,7.4568,1.0,0.08927415975459681,3.879360550157298,0.9999999999999999,0.7688022284122563,0.7422255582922158,0.8844011142061281,"#contributetotheworld, #creatingthefuture, #kampusswastaterbaik, #sustainabilityuniversity","#entrepreneurialuniversity, #safeaiuniversity"
"contributetotheworld, kampusswastaterbaik, sustainabilityuniversity","creatingthefuture, safeaiuniversity",0.13410534180052297,0.10310048561822936,0.1031,0.7688,7.4568,1.0,0.08927415975459681,3.879360550157298,0.9999999999999999,0.7688022284122563,0.7422255582922158,0.8844011142061281,"#contributetotheworld, #kampusswastaterbaik, #sustainabilityuniversity","#creatingthefuture, #safeaiuniversity"
"kampusberdampak, safeaiuniversity","contributetotheworld, kampusswastaterbaik, sustainabilityuniversity",0.10310048561822936,0.13410534180052297,0.1031,1.0,7.4568,1.0,0.08927415975459681,inf,0.9654310703873387,0.7688022284122563,1.0,0.8844011142061281,"#kampusberdampak, #safeaiuniversity","#contributetotheworld, #kampusswastaterbaik, #sustainabilityuniversity"
"contributetotheworld, kampusswastaterbaik, sustainabilityuniversity","creatingthefuture, entrepreneurialuniversity, kampusberdampak",0.13410534180052297,0.10347403810235338,0.1035,0.7716,7.4568,1.0,0.08959761685515694,3.9250343941616483,0.9999999999999999,0.7715877437325905,0.7452251624883937,0.8857938718662952,"#contributetotheworld, #kampusswastaterbaik, #sustainabilityuniversity","#creatingthefuture, #entrepreneurialuniversity, #kampusberdampak"
"contributetotheworld, creatingthefuture, kampusswastaterbaik, sustainabilityuniversity","entrepreneurialuniversity, kampusberdampak, safeaiuniversity",0.13410534180052297,0.10310048561822936,0.1031,0.7688,7.4568,1.0,0.08927415975459681,3.879360550157298,0.9999999999999999,0.7688022284122563,0.7422255582922158,0.8844011142061281,"#contributetotheworld, #creatingthefuture, #kampusswastaterbaik, #sustainabilityuniversity","#entrepreneurialuniversity, #kampusberdampak, #safeaiuniversity"
"contributetotheworld, kampusswastaterbaik, sustainabilityuniversity","creatingthefuture, kampusberdampak, safeaiuniversity",0.13410534180052297,0.10310048561822936,0.1031,0.7688,7.4568,1.0,0.08927415975459681,3.879360550157298,0.9999999999999999,0.7688022284122563,0.7422255582922158,0.8844011142061281,"#contributetotheworld, #kampusswastaterbaik, #sustainabilityuniversity","#creatingthefuture, #kampusberdampak, #safeaiuniversity"
"creatingthefuture, safeaiuniversity","contributetotheworld, entrepreneurialuniversity, kampusswastaterbaik, sustainabilityuniversity",0.10310048561822936,0.13410534180052297,0.1031,1.0,7.4568,1.0,0.08927415975459681,inf,0.9654310703873387,0.7688022284122563,1.0,0.8844011142061281,"#creatingthefuture, #safeaiuniversity","#contributetotheworld, #entrepreneurialuniversity, #kampusswastaterbaik, #sustainabilityuniversity"
"kampusberdampak, safeaiuniversity","contributetotheworld, creatingthefuture, kampusswastaterbaik, sustainabilityuniversity",0.10310048561822936,0.13410534180052297,0.1031,1.0,7.4568,1.0,0.08927415975459681,inf,0.9654310703873387,0.7688022284122563,1.0,0.8844011142061281,"#kampusberdampak, #safeaiuniversity","#contributetotheworld, #creatingthefuture, #kampusswastaterbaik, #sustainabilityuniversity"
"entrepreneurialuniversity, safeaiuniversity","contributetotheworld, creatingthefuture, kampusswastaterbaik, sustainabilityuniversity",0.10310048561822936,0.13410534180052297,0.1031,1.0,7.4568,1.0,0.08927415975459681,inf,0.9654310703873387,0.7688022284122563,1.0,0.8844011142061281,"#entrepreneurialuniversity, #safeaiuniversity","#contributetotheworld, #creatingthefuture, #kampusswastaterbaik, #sustainabilityuniversity"
"contributetotheworld, entrepreneurialuniversity, kampusswastaterbaik, sustainabilityuniversity","kampusberdampak, safeaiuniversity",0.13410534180052297,0.10310048561822936,0.1031,0.7688,7.4568,1.0,0.08927415975459681,3.879360550157298,0.9999999999999999,0.7688022284122563,0.7422255582922158,0.8844011142061281,"#contributetotheworld, #entrepreneurialuniversity, #kampusswastaterbaik, #sustainabilityuniversity","#kampusberdampak, #safeaiuniversity"
safeaiuniversity,"contributetotheworld, creatingthefuture, entrepreneurialuniversity, kampusswastaterbaik, sustainabilityuniversity",0.10310048561822936,0.13410534180052297,0.1031,1.0,7.4568,1.0,0.08927415975459681,inf,0.9654310703873387,0.7688022284122563,1.0,0.8844011142061281,#safeaiuniversity,"#contributetotheworld, #creatingthefuture, #entrepreneurialuniversity, #kampusswastaterbaik, #sustainabilityuniversity"
"contributetotheworld, creatingthefuture, kampusswastaterbaik, sustainabilityuniversity","entrepreneurialuniversity, kampusberdampak",0.13410534180052297,0.10347403810235338,0.1035,0.7716,7.4568,1.0,0.08959761685515694,3.9250343941616483,0.9999999999999999,0.7715877437325905,0.7452251624883937,0.8857938718662952,"#contributetotheworld, #creatingthefuture, #kampusswastaterbaik, #sustainabilityuniversity","#entrepreneurialuniversity, #kampusberdampak"
"creatingthefuture, entrepreneurialuniversity, safeaiuniversity","contributetotheworld, kampusswastaterbaik, sustainabilityuniversity",0.10310048561822936,0.13410534180052297,0.1031,1.0,7.4568,1.0,0.08927415975459681,inf,0.9654310703873387,0.7688022284122563,1.0,0.8844011142061281,"#creatingthefuture, #entrepreneurialuniversity, #safeaiuniversity","#contributetotheworld, #kampusswastaterbaik, #sustainabilityuniversity"
"entrepreneurialuniversity, kampusberdampak, safeaiuniversity","contributetotheworld, creatingthefuture, kampusswastaterbaik, sustainabilityuniversity",0.10310048561822936,0.13410534180052297,0.1031,1.0,7.4568,1.0,0.08927415975459681,inf,0.9654310703873387,0.7688022284122563,1.0,0.8844011142061281,"#entrepreneurialuniversity, #kampusberdampak, #safeaiuniversity","#contributetotheworld, #creatingthefuture, #kampusswastaterbaik, #sustainabilityuniversity"
"contributetotheworld, creatingthefuture, entrepreneurialuniversity, kampusswastaterbaik, sustainabilityuniversity","kampusberdampak, safeaiuniversity",0.13410534180052297,0.10310048561822936,0.1031,0.7688,7.4568,1.0,0.08927415975459681,3.879360550157298,0.9999999999999999,0.7688022284122563,0.7422255582922158,0.8844011142061281,"#contributetotheworld, #creatingthefuture, #entrepreneurialuniversity, #kampusswastaterbaik, #sustainabilityuniversity","#kampusberdampak, #safeaiuniversity"
"contributetotheworld, entrepreneurialuniversity, kampusswastaterbaik, sustainabilityuniversity","creatingthefuture, safeaiuniversity",0.13410534180052297,0.10310048561822936,0.1031,0.7688,7.4568,1.0,0.08927415975459681,3.879360550157298,0.9999999999999999,0.7688022284122563,0.7422255582922158,0.8844011142061281,"#contributetotheworld, #entrepreneurialuniversity, #kampusswastaterbaik, #sustainabilityuniversity","#creatingthefuture, #safeaiuniversity"
"entrepreneurialuniversity, safeaiuniversity","contributetotheworld, kampusswastaterbaik, sustainabilityuniversity",0.10310048561822936,0.13410534180052297,0.1031,1.0,7.4568,1.0,0.08927415975459681,inf,0.9654310703873387,0.7688022284122563,1.0,0.8844011142061281,"#entrepreneurialuniversity, #safeaiuniversity","#contributetotheworld, #kampusswastaterbaik, #sustainabilityuniversity"
"contributetotheworld, kampusswastaterbaik, sustainabilityuniversity","entrepreneurialuniversity, kampusberdampak, safeaiuniversity",0.13410534180052297,0.10310048561822936,0.1031,0.7688,7.4568,1.0,0.08927415975459681,3.879360550157298,0.9999999999999999,0.7688022284122563,0.7422255582922158,0.8844011142061281,"#contributetotheworld, #kampusswastaterbaik, #sustainabilityuniversity","#entrepreneurialuniversity, #kampusberdampak, #safeaiuniversity"
"contributetotheworld, entrepreneurialuniversity, kampusswastaterbaik, sustainabilityuniversity","creatingthefuture, kampusberdampak, safeaiuniversity",0.13410534180052297,0.10310048561822936,0.1031,0.7688,7.4568,1.0,0.08927415975459681,3.879360550157298,0.9999999999999999,0.7688022284122563,0.7422255582922158,0.8844011142061281,"#contributetotheworld, #entrepreneurialuniversity, #kampusswastaterbaik, #sustainabilityuniversity","#creatingthefuture, #kampusberdampak, #safeaiuniversity"
"contributetotheworld, kampusswastaterbaik, sustainabilityuniversity","creatingthefuture, entrepreneurialuniversity, kampusberdampak, safeaiuniversity",0.13410534180052297,0.10310048561822936,0.1031,0.7688,7.4568,1.0,0.08927415975459681,3.879360550157298,0.9999999999999999,0.7688022284122563,0.7422255582922158,0.8844011142061281,"#contributetotheworld, #kampusswastaterbaik, #sustainabilityuniversity","#creatingthefuture, #entrepreneurialuniversity, #kampusberdampak, #safeaiuniversity"
"contributetotheworld, creatingthefuture, kampusswastaterbaik, sustainabilityuniversity","kampusberdampak, safeaiuniversity",0.13410534180052297,0.10310048561822936,0.1031,0.7688,7.4568,1.0,0.08927415975459681,3.879360550157298,0.9999999999999999,0.7688022284122563,0.7422255582922158,0.8844011142061281,"#contributetotheworld, #creatingthefuture, #kampusswastaterbaik, #sustainabilityuniversity","#kampusberdampak, #safeaiuniversity"
"contributetotheworld, entrepreneurialuniversity, kampusswastaterbaik","creatingthefuture, kampusberdampak, safeaiuniversity",0.134478894284647,0.10310048561822936,0.1031,0.7667,7.4361,1.0,0.08923564631207972,3.8438550616361606,1.0,0.7666666666666667,0.7398445092322644,0.8833333333333333,"#contributetotheworld, #entrepreneurialuniversity, #kampusswastaterbaik","#creatingthefuture, #kampusberdampak, #safeaiuniversity"
"kampusberdampak, sustainabilityuniversity","contributetotheworld, creatingthefuture, kampusswastaterbaik",0.10347403810235338,0.134478894284647,0.1035,1.0,7.4361,1.0,0.08955896387118147,inf,0.9654166666666667,0.7694444444444445,1.0,0.8847222222222222,"#kampusberdampak, #sustainabilityuniversity","#contributetotheworld, #creatingthefuture, #kampusswastaterbaik"
"creatingthefuture, safeaiuniversity, sustainabilityuniversity","contributetotheworld, entrepreneurialuniversity, kampusswastaterbaik",0.10310048561822936,0.134478894284647,0.1031,1.0,7.4361,1.0,0.08923564631207972,inf,0.9650145772594753,0.7666666666666667,1.0,0.8833333333333333,"#creatingthefuture, #safeaiuniversity, #sustainabilityuniversity","#contributetotheworld, #entrepreneurialuniversity, #kampusswastaterbaik"
"entrepreneurialuniversity, safeaiuniversity, sustainabilityuniversity","contributetotheworld, creatingthefuture, kampusswastaterbaik",0.10310048561822936,0.134478894284647,0.1031,1.0,7.4361,1.0,0.08923564631207972,inf,0.9650145772594753,0.7666666666666667,1.0,0.8833333333333333,"#entrepreneurialuniversity, #safeaiuniversity, #sustainabilityuniversity","#contributetotheworld, #creatingthefuture, #kampusswastaterbaik"
"contributetotheworld, creatingthefuture, kampusswastaterbaik","kampusberdampak, safeaiuniversity",0.134478894284647,0.10310048561822936,0.1031,0.7667,7.4361,1.0,0.08923564631207972,3.8438550616361606,1.0,0.7666666666666667,0.7398445092322644,0.8833333333333333,"#contributetotheworld, #creatingthefuture, #kampusswastaterbaik","#kampusberdampak, #safeaiuniversity"
"kampusberdampak, safeaiuniversity","contributetotheworld, creatingthefuture, kampusswastaterbaik",0.10310048561822936,0.134478894284647,0.1031,1.0,7.4361,1.0,0.08923564631207972,inf,0.9650145772594753,0.7666666666666667,1.0,0.8833333333333333,"#kampusberdampak, #safeaiuniversity","#contributetotheworld, #creatingthefuture, #kampusswastaterbaik"
"kampusberdampak, safeaiuniversity","contributetotheworld, creatingthefuture, entrepreneurialuniversity, kampusswastaterbaik",0.10310048561822936,0.134478894284647,0.1031,1.0,7.4361,1.0,0.08923564631207972,inf,0.9650145772594753,0.7666666666666667,1.0,0.8833333333333333,"#kampusberdampak, #safeaiuniversity","#contributetotheworld, #creatingthefuture, #entrepreneurialuniversity, #kampusswastaterbaik"
"kampusberdampak, safeaiuniversity, sustainabilityuniversity","contributetotheworld, creatingthefuture, entrepreneurialuniversity, kampusswastaterbaik",0.10310048561822936,0.134478894284647,0.1031,1.0,7.4361,1.0,0.08923564631207972,inf,0.9650145772594753,0.7666666666666667,1.0,0.8833333333333333,"#kampusberdampak, #safeaiuniversity, #sustainabilityuniversity","#contributetotheworld, #creatingthefuture, #entrepreneurialuniversity, #kampusswastaterbaik"
"entrepreneurialuniversity, safeaiuniversity","contributetotheworld, creatingthefuture, kampusswastaterbaik",0.10310048561822936,0.134478894284647,0.1031,1.0,7.4361,1.0,0.08923564631207972,inf,0.9650145772594753,0.7666666666666667,1.0,0.8833333333333333,"#entrepreneurialuniversity, #safeaiuniversity","#contributetotheworld, #creatingthefuture, #kampusswastaterbaik"
safeaiuniversity,"contributetotheworld, creatingthefuture, entrepreneurialuniversity, kampusswastaterbaik",0.10310048561822936,0.134478894284647,0.1031,1.0,7.4361,1.0,0.08923564631207972,inf,0.9650145772594753,0.7666666666666667,1.0,0.8833333333333333,#safeaiuniversity,"#contributetotheworld, #creatingthefuture, #entrepreneurialuniversity, #kampusswastaterbaik"
"contributetotheworld, creatingthefuture, kampusswastaterbaik","entrepreneurialuniversity, kampusberdampak, safeaiuniversity",0.134478894284647,0.10310048561822936,0.1031,0.7667,7.4361,1.0,0.08923564631207972,3.8438550616361606,1.0,0.7666666666666667,0.7398445092322644,0.8833333333333333,"#contributetotheworld, #creatingthefuture, #kampusswastaterbaik","#entrepreneurialuniversity, #kampusberdampak, #safeaiuniversity"
"contributetotheworld, creatingthefuture, kampusswastaterbaik","entrepreneurialuniversity, kampusberdampak, sustainabilityuniversity",0.134478894284647,0.10347403810235338,0.1035,0.7694,7.4361,1.0,0.08955896387118147,3.8885463407608776,1.0,0.7694444444444445,0.7428344907407408,0.8847222222222222,"#contributetotheworld, #creatingthefuture, #kampusswastaterbaik","#entrepreneurialuniversity, #kampusberdampak, #sustainabilityuniversity"
"contributetotheworld, creatingthefuture, kampusswastaterbaik","kampusberdampak, safeaiuniversity, sustainabilityuniversity",0.134478894284647,0.10310048561822936,0.1031,0.7667,7.4361,1.0,0.08923564631207972,3.8438550616361606,1.0,0.7666666666666667,0.7398445092322644,0.8833333333333333,"#contributetotheworld, #creatingthefuture, #kampusswastaterbaik","#kampusberdampak, #safeaiuniversity, #sustainabilityuniversity"
"contributetotheworld, creatingthefuture, kampusswastaterbaik","entrepreneurialuniversity, kampusberdampak, safeaiuniversity, sustainabilityuniversity",0.134478894284647,0.10310048561822936,0.1031,0.7667,7.4361,1.0,0.08923564631207972,3.8438550616361606,1.0,0.7666666666666667,0.7398445092322644,0.8833333333333333,"#contributetotheworld, #creatingthefuture, #kampusswastaterbaik","#entrepreneurialuniversity, #kampusberdampak, #safeaiuniversity, #sustainabilityuniversity"
"contributetotheworld, entrepreneurialuniversity, kampusswastaterbaik","creatingthefuture, kampusberdampak, safeaiuniversity, sustainabilityuniversity",0.134478894284647,0.10310048561822936,0.1031,0.7667,7.4361,1.0,0.08923564631207972,3.8438550616361606,1.0,0.7666666666666667,0.7398445092322644,0.8833333333333333,"#contributetotheworld, #entrepreneurialuniversity, #kampusswastaterbaik","#creatingthefuture, #kampusberdampak, #safeaiuniversity, #sustainabilityuniversity"
"kampusberdampak, safeaiuniversity, sustainabilityuniversity","contributetotheworld, entrepreneurialuniversity, kampusswastaterbaik",0.10310048561822936,0.134478894284647,0.1031,1.0,7.4361,1.0,0.08923564631207972,inf,0.9650145772594753,0.7666666666666667,1.0,0.8833333333333333,"#kampusberdampak, #safeaiuniversity, #sustainabilityuniversity","#contributetotheworld, #entrepreneurialuniversity, #kampusswastaterbaik"
"kampusberdampak, safeaiuniversity, sustainabilityuniversity","contributetotheworld, creatingthefuture, kampusswastaterbaik",0.10310048561822936,0.134478894284647,0.1031,1.0,7.4361,1.0,0.08923564631207972,inf,0.9650145772594753,0.7666666666666667,1.0,0.8833333333333333,"#kampusberdampak, #safeaiuniversity, #sustainabilityuniversity","#contributetotheworld, #creatingthefuture, #kampusswastaterbaik"
"contributetotheworld, entrepreneurialuniversity, kampusswastaterbaik","creatingthefuture, kampusberdampak, sustainabilityuniversity",0.134478894284647,0.10347403810235338,0.1035,0.7694,7.4361,1.0,0.08955896387118147,3.8885463407608776,1.0,0.7694444444444445,0.7428344907407408,0.8847222222222222,"#contributetotheworld, #entrepreneurialuniversity, #kampusswastaterbaik","#creatingthefuture, #kampusberdampak, #sustainabilityuniversity"
"contributetotheworld, entrepreneurialuniversity, kampusswastaterbaik","kampusberdampak, safeaiuniversity, sustainabilityuniversity",0.134478894284647,0.10310048561822936,0.1031,0.7667,7.4361,1.0,0.08923564631207972,3.8438550616361606,1.0,0.7666666666666667,0.7398445092322644,0.8833333333333333,"#contributetotheworld, #entrepreneurialuniversity, #kampusswastaterbaik","#kampusberdampak, #safeaiuniversity, #sustainabilityuniversity"
"contributetotheworld, entrepreneurialuniversity, kampusswastaterbaik","kampusberdampak, sustainabilityuniversity",0.134478894284647,0.10347403810235338,0.1035,0.7694,7.4361,1.0,0.08955896387118147,3.8885463407608776,1.0,0.7694444444444445,0.7428344907407408,0.8847222222222222,"#contributetotheworld, #entrepreneurialuniversity, #kampusswastaterbaik","#kampusberdampak, #sustainabilityuniversity"
"entrepreneurialuniversity, kampusberdampak, sustainabilityuniversity","contributetotheworld, creatingthefuture, kampusswastaterbaik",0.10347403810235338,0.134478894284647,0.1035,1.0,7.4361,1.0,0.08955896387118147,inf,0.9654166666666667,0.7694444444444445,1.0,0.8847222222222222,"#entrepreneurialuniversity, #kampusberdampak, #sustainabilityuniversity","#contributetotheworld, #creatingthefuture, #kampusswastaterbaik"
"contributetotheworld, creatingthefuture, entrepreneurialuniversity, kampusswastaterbaik","kampusberdampak, sustainabilityuniversity",0.134478894284647,0.10347403810235338,0.1035,0.7694,7.4361,1.0,0.08955896387118147,3.8885463407608776,1.0,0.7694444444444445,0.7428344907407408,0.8847222222222222,"#contributetotheworld, #creatingthefuture, #entrepreneurialuniversity, #kampusswastaterbaik","#kampusberdampak, #sustainabilityuniversity"
"contributetotheworld, creatingthefuture, entrepreneurialuniversity, kampusswastaterbaik","kampusberdampak, safeaiuniversity, sustainabilityuniversity",0.134478894284647,0.10310048561822936,0.1031,0.7667,7.4361,1.0,0.08923564631207972,3.8438550616361606,1.0,0.7666666666666667,0.7398445092322644,0.8833333333333333,"#contributetotheworld, #creatingthefuture, #entrepreneurialuniversity, #kampusswastaterbaik","#kampusberdampak, #safeaiuniversity, #sustainabilityuniversity"
"contributetotheworld, entrepreneurialuniversity, kampusswastaterbaik","safeaiuniversity, sustainabilityuniversity",0.134478894284647,0.10310048561822936,0.1031,0.7667,7.4361,1.0,0.08923564631207972,3.8438550616361606,1.0,0.7666666666666667,0.7398445092322644,0.8833333333333333,"#contributetotheworld, #entrepreneurialuniversity, #kampusswastaterbaik","#safeaiuniversity, #sustainabilityuniversity"
"creatingthefuture, kampusberdampak, sustainabilityuniversity","contributetotheworld, entrepreneurialuniversity, kampusswastaterbaik",0.10347403810235338,0.134478894284647,0.1035,1.0,7.4361,1.0,0.08955896387118147,inf,0.9654166666666667,0.7694444444444445,1.0,0.8847222222222222,"#creatingthefuture, #kampusberdampak, #sustainabilityuniversity","#contributetotheworld, #entrepreneurialuniversity, #kampusswastaterbaik"
"entrepreneurialuniversity, kampusberdampak","contributetotheworld, creatingthefuture, kampusswastaterbaik",0.10347403810235338,0.134478894284647,0.1035,1.0,7.4361,1.0,0.08955896387118147,inf,0.9654166666666667,0.7694444444444445,1.0,0.8847222222222222,"#entrepreneurialuniversity, #kampusberdampak","#contributetotheworld, #creatingthefuture, #kampusswastaterbaik"
"contributetotheworld, creatingthefuture, kampusswastaterbaik","entrepreneurialuniversity, safeaiuniversity",0.134478894284647,0.10310048561822936,0.1031,0.7667,7.4361,1.0,0.08923564631207972,3.8438550616361606,1.0,0.7666666666666667,0.7398445092322644,0.8833333333333333,"#contributetotheworld, #creatingthefuture, #kampusswastaterbaik","#entrepreneurialuniversity, #safeaiuniversity"
"contributetotheworld, creatingthefuture, entrepreneurialuniversity, kampusswastaterbaik",safeaiuniversity,0.134478894284647,0.10310048561822936,0.1031,0.7667,7.4361,1.0,0.08923564631207972,3.8438550616361606,1.0,0.7666666666666667,0.7398445092322644,0.8833333333333333,"#contributetotheworld, #creatingthefuture, #entrepreneurialuniversity, #kampusswastaterbaik",#safeaiuniversity
safeaiuniversity,"contributetotheworld, creatingthefuture, kampusswastaterbaik",0.10310048561822936,0.134478894284647,0.1031,1.0,7.4361,1.0,0.08923564631207972,inf,0.9650145772594753,0.7666666666666667,1.0,0.8833333333333333,#safeaiuniversity,"#contributetotheworld, #creatingthefuture, #kampusswastaterbaik"
"contributetotheworld, entrepreneurialuniversity, kampusswastaterbaik","creatingthefuture, safeaiuniversity",0.134478894284647,0.10310048561822936,0.1031,0.7667,7.4361,1.0,0.08923564631207972,3.8438550616361606,1.0,0.7666666666666667,0.7398445092322644,0.8833333333333333,"#contributetotheworld, #entrepreneurialuniversity, #kampusswastaterbaik","#creatingthefuture, #safeaiuniversity"
"contributetotheworld, entrepreneurialuniversity, kampusswastaterbaik","kampusberdampak, safeaiuniversity",0.134478894284647,0.10310048561822936,0.1031,0.7667,7.4361,1.0,0.08923564631207972,3.8438550616361606,1.0,0.7666666666666667,0.7398445092322644,0.8833333333333333,"#contributetotheworld, #entrepreneurialuniversity, #kampusswastaterbaik","#kampusberdampak, #safeaiuniversity"
"kampusberdampak, sustainabilityuniversity","contributetotheworld, entrepreneurialuniversity, kampusswastaterbaik",0.10347403810235338,0.134478894284647,0.1035,1.0,7.4361,1.0,0.08955896387118147,inf,0.9654166666666667,0.7694444444444445,1.0,0.8847222222222222,"#kampusberdampak, #sustainabilityuniversity","#contributetotheworld, #entrepreneurialuniversity, #kampusswastaterbaik"
"kampusberdampak, safeaiuniversity","contributetotheworld, entrepreneurialuniversity, kampusswastaterbaik",0.10310048561822936,0.134478894284647,0.1031,1.0,7.4361,1.0,0.08923564631207972,inf,0.9650145772594753,0.7666666666666667,1.0,0.8833333333333333,"#kampusberdampak, #safeaiuniversity","#contributetotheworld, #entrepreneurialuniversity, #kampusswastaterbaik"
"contributetotheworld, creatingthefuture, entrepreneurialuniversity, kampusswastaterbaik","safeaiuniversity, sustainabilityuniversity",0.134478894284647,0.10310048561822936,0.1031,0.7667,7.4361,1.0,0.08923564631207972,3.8438550616361606,1.0,0.7666666666666667,0.7398445092322644,0.8833333333333333,"#contributetotheworld, #creatingthefuture, #entrepreneurialuniversity, #kampusswastaterbaik","#safeaiuniversity, #sustainabilityuniversity"
"safeaiuniversity, sustainabilityuniversity","contributetotheworld, entrepreneurialuniversity, kampusswastaterbaik",0.10310048561822936,0.134478894284647,0.1031,1.0,7.4361,1.0,0.08923564631207972,inf,0.9650145772594753,0.7666666666666667,1.0,0.8833333333333333,"#safeaiuniversity, #sustainabilityuniversity","#contributetotheworld, #entrepreneurialuniversity, #kampusswastaterbaik"
"kampusberdampak, sustainabilityuniversity","contributetotheworld, creatingthefuture, entrepreneurialuniversity, kampusswastaterbaik",0.10347403810235338,0.134478894284647,0.1035,1.0,7.4361,1.0,0.08955896387118147,inf,0.9654166666666667,0.7694444444444445,1.0,0.8847222222222222,"#kampusberdampak, #sustainabilityuniversity","#contributetotheworld, #creatingthefuture, #entrepreneurialuniversity, #kampusswastaterbaik"
"creatingthefuture, kampusberdampak, safeaiuniversity, sustainabilityuniversity","contributetotheworld, entrepreneurialuniversity, kampusswastaterbaik",0.10310048561822936,0.134478894284647,0.1031,1.0,7.4361,1.0,0.08923564631207972,inf,0.9650145772594753,0.7666666666666667,1.0,0.8833333333333333,"#creatingthefuture, #kampusberdampak, #safeaiuniversity, #sustainabilityuniversity","#contributetotheworld, #entrepreneurialuniversity, #kampusswastaterbaik"
"contributetotheworld, creatingthefuture, kampusswastaterbaik","safeaiuniversity, sustainabilityuniversity",0.134478894284647,0.10310048561822936,0.1031,0.7667,7.4361,1.0,0.08923564631207972,3.8438550616361606,1.0,0.7666666666666667,0.7398445092322644,0.8833333333333333,"#contributetotheworld, #creatingthefuture, #kampusswastaterbaik","#safeaiuniversity, #sustainabilityuniversity"
safeaiuniversity,"contributetotheworld, entrepreneurialuniversity, kampusswastaterbaik",0.10310048561822936,0.134478894284647,0.1031,1.0,7.4361,1.0,0.08923564631207972,inf,0.9650145772594753,0.7666666666666667,1.0,0.8833333333333333,#safeaiuniversity,"#contributetotheworld, #entrepreneurialuniversity, #kampusswastaterbaik"
"entrepreneurialuniversity, kampusberdampak, safeaiuniversity, sustainabilityuniversity","contributetotheworld, creatingthefuture, kampusswastaterbaik",0.10310048561822936,0.134478894284647,0.1031,1.0,7.4361,1.0,0.08923564631207972,inf,0.9650145772594753,0.7666666666666667,1.0,0.8833333333333333,"#entrepreneurialuniversity, #kampusberdampak, #safeaiuniversity, #sustainabilityuniversity","#contributetotheworld, #creatingthefuture, #kampusswastaterbaik"
"safeaiuniversity, sustainabilityuniversity","contributetotheworld, creatingthefuture, kampusswastaterbaik",0.10310048561822936,0.134478894284647,0.1031,1.0,7.4361,1.0,0.08923564631207972,inf,0.9650145772594753,0.7666666666666667,1.0,0.8833333333333333,"#safeaiuniversity, #sustainabilityuniversity","#contributetotheworld, #creatingthefuture, #kampusswastaterbaik"
"contributetotheworld, creatingthefuture, kampusswastaterbaik","entrepreneurialuniversity, safeaiuniversity, sustainabilityuniversity",0.134478894284647,0.10310048561822936,0.1031,0.7667,7.4361,1.0,0.08923564631207972,3.8438550616361606,1.0,0.7666666666666667,0.7398445092322644,0.8833333333333333,"#contributetotheworld, #creatingthefuture, #kampusswastaterbaik","#entrepreneurialuniversity, #safeaiuniversity, #sustainabilityuniversity"
"contributetotheworld, entrepreneurialuniversity, kampusswastaterbaik",safeaiuniversity,0.134478894284647,0.10310048561822936,0.1031,0.7667,7.4361,1.0,0.08923564631207972,3.8438550616361606,1.0,0.7666666666666667,0.7398445092322644,0.8833333333333333,"#contributetotheworld, #entrepreneurialuniversity, #kampusswastaterbaik",#safeaiuniversity
"contributetotheworld, entrepreneurialuniversity, kampusswastaterbaik","creatingthefuture, safeaiuniversity, sustainabilityuniversity",0.134478894284647,0.10310048561822936,0.1031,0.7667,7.4361,1.0,0.08923564631207972,3.8438550616361606,1.0,0.7666666666666667,0.7398445092322644,0.8833333333333333,"#contributetotheworld, #entrepreneurialuniversity, #kampusswastaterbaik","#creatingthefuture, #safeaiuniversity, #sustainabilityuniversity"
"creatingthefuture, kampusberdampak, safeaiuniversity","contributetotheworld, entrepreneurialuniversity, kampusswastaterbaik",0.10310048561822936,0.134478894284647,0.1031,1.0,7.4361,1.0,0.08923564631207972,inf,0.9650145772594753,0.7666666666666667,1.0,0.8833333333333333,"#creatingthefuture, #kampusberdampak, #safeaiuniversity","#contributetotheworld, #entrepreneurialuniversity, #kampusswastaterbaik"
"contributetotheworld, creatingthefuture, kampusswastaterbaik","kampusberdampak, sustainabilityuniversity",0.134478894284647,0.10347403810235338,0.1035,0.7694,7.4361,1.0,0.08955896387118147,3.8885463407608776,1.0,0.7694444444444445,0.7428344907407408,0.8847222222222222,"#contributetotheworld, #creatingthefuture, #kampusswastaterbaik","#kampusberdampak, #sustainabilityuniversity"
"safeaiuniversity, sustainabilityuniversity","contributetotheworld, creatingthefuture, entrepreneurialuniversity, kampusswastaterbaik",0.10310048561822936,0.134478894284647,0.1031,1.0,7.4361,1.0,0.08923564631207972,inf,0.9650145772594753,0.7666666666666667,1.0,0.8833333333333333,"#safeaiuniversity, #sustainabilityuniversity","#contributetotheworld, #creatingthefuture, #entrepreneurialuniversity, #kampusswastaterbaik"
"creatingthefuture, safeaiuniversity","contributetotheworld, entrepreneurialuniversity, kampusswastaterbaik",0.10310048561822936,0.134478894284647,0.1031,1.0,7.4361,1.0,0.08923564631207972,inf,0.9650145772594753,0.7666666666666667,1.0,0.8833333333333333,"#creatingthefuture, #safeaiuniversity","#contributetotheworld, #entrepreneurialuniversity, #kampusswastaterbaik"
"contributetotheworld, creatingthefuture, kampusswastaterbaik","entrepreneurialuniversity, kampusberdampak",0.134478894284647,0.10347403810235338,0.1035,0.7694,7.4361,1.0,0.08955896387118147,3.8885463407608776,1.0,0.7694444444444445,0.7428344907407408,0.8847222222222222,"#contributetotheworld, #creatingthefuture, #kampusswastaterbaik","#entrepreneurialuniversity, #kampusberdampak"
"contributetotheworld, creatingthefuture, kampusswastaterbaik",safeaiuniversity,0.134478894284647,0.10310048561822936,0.1031,0.7667,7.4361,1.0,0.08923564631207972,3.8438550616361606,1.0,0.7666666666666667,0.7398445092322644,0.8833333333333333,"#contributetotheworld, #creatingthefuture, #kampusswastaterbaik",#safeaiuniversity
"entrepreneurialuniversity, kampusberdampak, safeaiuniversity","contributetotheworld, creatingthefuture, kampusswastaterbaik",0.10310048561822936,0.134478894284647,0.1031,1.0,7.4361,1.0,0.08923564631207972,inf,0.9650145772594753,0.7666666666666667,1.0,0.8833333333333333,"#entrepreneurialuniversity, #kampusberdampak, #safeaiuniversity","#contributetotheworld, #creatingthefuture, #kampusswastaterbaik"
"contributetotheworld, creatingthefuture, entrepreneurialuniversity, kampusswastaterbaik","kampusberdampak, safeaiuniversity",0.134478894284647,0.10310048561822936,0.1031,0.7667,7.4361,1.0,0.08923564631207972,3.8438550616361606,1.0,0.7666666666666667,0.7398445092322644,0.8833333333333333,"#contributetotheworld, #creatingthefuture, #entrepreneurialuniversity, #kampusswastaterbaik","#kampusberdampak, #safeaiuniversity"
"creatingthefuture, kampusberdampak","contributetotheworld, kampusswastaterbaik, sustainabilityuniversity",0.1038475905864774,0.13410534180052297,0.1035,0.9964,7.43,1.0,0.08954752147159306,240.71871497945614,0.9656956945056832,0.7694444444444445,0.9958457737692503,0.8839953107152161,"#creatingthefuture, #kampusberdampak","#contributetotheworld, #kampusswastaterbaik, #sustainabilityuniversity"
"creatingthefuture, kampusberdampak","contributetotheworld, entrepreneurialuniversity, kampusswastaterbaik, sustainabilityuniversity",0.1038475905864774,0.13410534180052297,0.1035,0.9964,7.43,1.0,0.08954752147159306,240.71871497945614,0.9656956945056832,0.7694444444444445,0.9958457737692503,0.8839953107152161,"#creatingthefuture, #kampusberdampak","#contributetotheworld, #entrepreneurialuniversity, #kampusswastaterbaik, #sustainabilityuniversity"
"contributetotheworld, entrepreneurialuniversity, kampusswastaterbaik, sustainabilityuniversity","creatingthefuture, kampusberdampak",0.13410534180052297,0.1038475905864774,0.1035,0.7716,7.43,1.0,0.08954752147159306,3.9233989631640807,0.9994408848658902,0.7694444444444445,0.745118962055917,0.8839953107152161,"#contributetotheworld, #entrepreneurialuniversity, #kampusswastaterbaik, #sustainabilityuniversity","#creatingthefuture, #kampusberdampak"
"contributetotheworld, kampusswastaterbaik, sustainabilityuniversity","creatingthefuture, kampusberdampak",0.13410534180052297,0.1038475905864774,0.1035,0.7716,7.43,1.0,0.08954752147159306,3.9233989631640807,0.9994408848658902,0.7694444444444445,0.745118962055917,0.8839953107152161,"#contributetotheworld, #kampusswastaterbaik, #sustainabilityuniversity","#creatingthefuture, #kampusberdampak"
"entrepreneurialuniversity, kampusberdampak, kampusswastaterbaik, safeaiuniversity","contributetotheworld, sustainabilityuniversity",0.10310048561822936,0.134852446768771,0.1031,1.0,7.4155,1.0,0.08919713286956264,inf,0.9645980841316119,0.7645429362880887,1.0,0.8822714681440443,"#entrepreneurialuniversity, #kampusberdampak, #kampusswastaterbaik, #safeaiuniversity","#contributetotheworld, #sustainabilityuniversity"
"contributetotheworld, creatingthefuture, sustainabilityuniversity","kampusberdampak, kampusswastaterbaik, safeaiuniversity",0.134852446768771,0.10310048561822936,0.1031,0.7645,7.4155,1.0,0.08919713286956264,3.809184996374344,1.0,0.7645429362880887,0.7374766515798473,0.8822714681440443,"#contributetotheworld, #creatingthefuture, #sustainabilityuniversity","#kampusberdampak, #kampusswastaterbaik, #safeaiuniversity"
"contributetotheworld, sustainabilityuniversity","creatingthefuture, entrepreneurialuniversity, kampusswastaterbaik, safeaiuniversity",0.134852446768771,0.10310048561822936,0.1031,0.7645,7.4155,1.0,0.08919713286956264,3.809184996374344,1.0,0.7645429362880887,0.7374766515798473,0.8822714681440443,"#contributetotheworld, #sustainabilityuniversity","#creatingthefuture, #entrepreneurialuniversity, #kampusswastaterbaik, #safeaiuniversity"
"entrepreneurialuniversity, safeaiuniversity","contributetotheworld, creatingthefuture, sustainabilityuniversity",0.10310048561822936,0.134852446768771,0.1031,1.0,7.4155,1.0,0.08919713286956264,inf,0.9645980841316119,0.7645429362880887,1.0,0.8822714681440443,"#entrepreneurialuniversity, #safeaiuniversity","#contributetotheworld, #creatingthefuture, #sustainabilityuniversity"
safeaiuniversity,"contributetotheworld, creatingthefuture, entrepreneurialuniversity, sustainabilityuniversity",0.10310048561822936,0.134852446768771,0.1031,1.0,7.4155,1.0,0.08919713286956264,inf,0.9645980841316119,0.7645429362880887,1.0,0.8822714681440443,#safeaiuniversity,"#contributetotheworld, #creatingthefuture, #entrepreneurialuniversity, #sustainabilityuniversity"
"contributetotheworld, creatingthefuture, sustainabilityuniversity","entrepreneurialuniversity, safeaiuniversity",0.134852446768771,0.10310048561822936,0.1031,0.7645,7.4155,1.0,0.08919713286956264,3.809184996374344,1.0,0.7645429362880887,0.7374766515798473,0.8822714681440443,"#contributetotheworld, #creatingthefuture, #sustainabilityuniversity","#entrepreneurialuniversity, #safeaiuniversity"
"contributetotheworld, creatingthefuture, sustainabilityuniversity",safeaiuniversity,0.134852446768771,0.10310048561822936,0.1031,0.7645,7.4155,1.0,0.08919713286956264,3.809184996374344,1.0,0.7645429362880887,0.7374766515798473,0.8822714681440443,"#contributetotheworld, #creatingthefuture, #sustainabilityuniversity",#safeaiuniversity
"contributetotheworld, creatingthefuture, sustainabilityuniversity","entrepreneurialuniversity, kampusswastaterbaik, safeaiuniversity",0.134852446768771,0.10310048561822936,0.1031,0.7645,7.4155,1.0,0.08919713286956264,3.809184996374344,1.0,0.7645429362880887,0.7374766515798473,0.8822714681440443,"#contributetotheworld, #creatingthefuture, #sustainabilityuniversity","#entrepreneurialuniversity, #kampusswastaterbaik, #safeaiuniversity"
"creatingthefuture, kampusberdampak, kampusswastaterbaik, safeaiuniversity","contributetotheworld, sustainabilityuniversity",0.10310048561822936,0.134852446768771,0.1031,1.0,7.4155,1.0,0.08919713286956264,inf,0.9645980841316119,0.7645429362880887,1.0,0.8822714681440443,"#creatingthefuture, #kampusberdampak, #kampusswastaterbaik, #safeaiuniversity","#contributetotheworld, #sustainabilityuniversity"
"kampusswastaterbaik, safeaiuniversity","contributetotheworld, creatingthefuture, entrepreneurialuniversity, sustainabilityuniversity",0.10310048561822936,0.134852446768771,0.1031,1.0,7.4155,1.0,0.08919713286956264,inf,0.9645980841316119,0.7645429362880887,1.0,0.8822714681440443,"#kampusswastaterbaik, #safeaiuniversity","#contributetotheworld, #creatingthefuture, #entrepreneurialuniversity, #sustainabilityuniversity"
"contributetotheworld, entrepreneurialuniversity, sustainabilityuniversity","creatingthefuture, kampusswastaterbaik, safeaiuniversity",0.134852446768771,0.10310048561822936,0.1031,0.7645,7.4155,1.0,0.08919713286956264,3.809184996374344,1.0,0.7645429362880887,0.7374766515798473,0.8822714681440443,"#contributetotheworld, #entrepreneurialuniversity, #sustainabilityuniversity","#creatingthefuture, #kampusswastaterbaik, #safeaiuniversity"
"creatingthefuture, entrepreneurialuniversity, kampusberdampak","contributetotheworld, sustainabilityuniversity",0.10347403810235338,0.134852446768771,0.1035,1.0,7.4155,1.0,0.089520310887206,inf,0.9650000000000001,0.7673130193905817,1.0,0.8836565096952909,"#creatingthefuture, #entrepreneurialuniversity, #kampusberdampak","#contributetotheworld, #sustainabilityuniversity"
"contributetotheworld, sustainabilityuniversity","creatingthefuture, entrepreneurialuniversity, kampusberdampak",0.134852446768771,0.10347403810235338,0.1035,0.7673,7.4155,1.0,0.089520310887206,3.852927050536315,1.0000000000000002,0.7673130193905817,0.7404570637119113,0.8836565096952909,"#contributetotheworld, #sustainabilityuniversity","#creatingthefuture, #entrepreneurialuniversity, #kampusberdampak"
"creatingthefuture, kampusberdampak, kampusswastaterbaik, safeaiuniversity","contributetotheworld, entrepreneurialuniversity, sustainabilityuniversity",0.10310048561822936,0.134852446768771,0.1031,1.0,7.4155,1.0,0.08919713286956264,inf,0.9645980841316119,0.7645429362880887,1.0,0.8822714681440443,"#creatingthefuture, #kampusberdampak, #kampusswastaterbaik, #safeaiuniversity","#contributetotheworld, #entrepreneurialuniversity, #sustainabilityuniversity"
"kampusberdampak, kampusswastaterbaik, safeaiuniversity","contributetotheworld, creatingthefuture, sustainabilityuniversity",0.10310048561822936,0.134852446768771,0.1031,1.0,7.4155,1.0,0.08919713286956264,inf,0.9645980841316119,0.7645429362880887,1.0,0.8822714681440443,"#kampusberdampak, #kampusswastaterbaik, #safeaiuniversity","#contributetotheworld, #creatingthefuture, #sustainabilityuniversity"
"kampusberdampak, kampusswastaterbaik, safeaiuniversity","contributetotheworld, entrepreneurialuniversity, sustainabilityuniversity",0.10310048561822936,0.134852446768771,0.1031,1.0,7.4155,1.0,0.08919713286956264,inf,0.9645980841316119,0.7645429362880887,1.0,0.8822714681440443,"#kampusberdampak, #kampusswastaterbaik, #safeaiuniversity","#contributetotheworld, #entrepreneurialuniversity, #sustainabilityuniversity"
"contributetotheworld, creatingthefuture, sustainabilityuniversity","entrepreneurialuniversity, kampusberdampak",0.134852446768771,0.10347403810235338,0.1035,0.7673,7.4155,1.0,0.089520310887206,3.852927050536315,1.0000000000000002,0.7673130193905817,0.7404570637119113,0.8836565096952909,"#contributetotheworld, #creatingthefuture, #sustainabilityuniversity","#entrepreneurialuniversity, #kampusberdampak"
"entrepreneurialuniversity, kampusberdampak","contributetotheworld, creatingthefuture, sustainabilityuniversity",0.10347403810235338,0.134852446768771,0.1035,1.0,7.4155,1.0,0.089520310887206,inf,0.9650000000000001,0.7673130193905817,1.0,0.8836565096952909,"#entrepreneurialuniversity, #kampusberdampak","#contributetotheworld, #creatingthefuture, #sustainabilityuniversity"
"creatingthefuture, safeaiuniversity","contributetotheworld, entrepreneurialuniversity, sustainabilityuniversity",0.10310048561822936,0.134852446768771,0.1031,1.0,7.4155,1.0,0.08919713286956264,inf,0.9645980841316119,0.7645429362880887,1.0,0.8822714681440443,"#creatingthefuture, #safeaiuniversity","#contributetotheworld, #entrepreneurialuniversity, #sustainabilityuniversity"
"contributetotheworld, entrepreneurialuniversity, sustainabilityuniversity","creatingthefuture, safeaiuniversity",0.134852446768771,0.10310048561822936,0.1031,0.7645,7.4155,1.0,0.08919713286956264,3.809184996374344,1.0,0.7645429362880887,0.7374766515798473,0.8822714681440443,"#contributetotheworld, #entrepreneurialuniversity, #sustainabilityuniversity","#creatingthefuture, #safeaiuniversity"
"creatingthefuture, entrepreneurialuniversity, kampusswastaterbaik, safeaiuniversity","contributetotheworld, sustainabilityuniversity",0.10310048561822936,0.134852446768771,0.1031,1.0,7.4155,1.0,0.08919713286956264,inf,0.9645980841316119,0.7645429362880887,1.0,0.8822714681440443,"#creatingthefuture, #entrepreneurialuniversity, #kampusswastaterbaik, #safeaiuniversity","#contributetotheworld, #sustainabilityuniversity"
"creatingthefuture, kampusberdampak, safeaiuniversity","contributetotheworld, sustainabilityuniversity",0.10310048561822936,0.134852446768771,0.1031,1.0,7.4155,1.0,0.08919713286956264,inf,0.9645980841316119,0.7645429362880887,1.0,0.8822714681440443,"#creatingthefuture, #kampusberdampak, #safeaiuniversity","#contributetotheworld, #sustainabilityuniversity"
"creatingthefuture, entrepreneurialuniversity, kampusberdampak, kampusswastaterbaik","contributetotheworld, sustainabilityuniversity",0.10347403810235338,0.134852446768771,0.1035,1.0,7.4155,1.0,0.089520310887206,inf,0.9650000000000001,0.7673130193905817,1.0,0.8836565096952909,"#creatingthefuture, #entrepreneurialuniversity, #kampusberdampak, #kampusswastaterbaik","#contributetotheworld, #sustainabilityuniversity"
"entrepreneurialuniversity, kampusswastaterbaik, safeaiuniversity","contributetotheworld, creatingthefuture, sustainabilityuniversity",0.10310048561822936,0.134852446768771,0.1031,1.0,7.4155,1.0,0.08919713286956264,inf,0.9645980841316119,0.7645429362880887,1.0,0.8822714681440443,"#entrepreneurialuniversity, #kampusswastaterbaik, #safeaiuniversity","#contributetotheworld, #creatingthefuture, #sustainabilityuniversity"
"contributetotheworld, creatingthefuture, entrepreneurialuniversity, sustainabilityuniversity","kampusberdampak, kampusswastaterbaik, safeaiuniversity",0.134852446768771,0.10310048561822936,0.1031,0.7645,7.4155,1.0,0.08919713286956264,3.809184996374344,1.0,0.7645429362880887,0.7374766515798473,0.8822714681440443,"#contributetotheworld, #creatingthefuture, #entrepreneurialuniversity, #sustainabilityuniversity","#kampusberdampak, #kampusswastaterbaik, #safeaiuniversity"
"entrepreneurialuniversity, kampusberdampak","contributetotheworld, sustainabilityuniversity",0.10347403810235338,0.134852446768771,0.1035,1.0,7.4155,1.0,0.089520310887206,inf,0.9650000000000001,0.7673130193905817,1.0,0.8836565096952909,"#entrepreneurialuniversity, #kampusberdampak","#contributetotheworld, #sustainabilityuniversity"
"contributetotheworld, sustainabilityuniversity","entrepreneurialuniversity, kampusberdampak, kampusswastaterbaik, safeaiuniversity",0.134852446768771,0.10310048561822936,0.1031,0.7645,7.4155,1.0,0.08919713286956264,3.809184996374344,1.0,0.7645429362880887,0.7374766515798473,0.8822714681440443,"#contributetotheworld, #sustainabilityuniversity","#entrepreneurialuniversity, #kampusberdampak, #kampusswastaterbaik, #safeaiuniversity"
"kampusberdampak, kampusswastaterbaik, safeaiuniversity","contributetotheworld, creatingthefuture, entrepreneurialuniversity, sustainabilityuniversity",0.10310048561822936,0.134852446768771,0.1031,1.0,7.4155,1.0,0.08919713286956264,inf,0.9645980841316119,0.7645429362880887,1.0,0.8822714681440443,"#kampusberdampak, #kampusswastaterbaik, #safeaiuniversity","#contributetotheworld, #creatingthefuture, #entrepreneurialuniversity, #sustainabilityuniversity"
"creatingthefuture, entrepreneurialuniversity, kampusberdampak, kampusswastaterbaik, safeaiuniversity","contributetotheworld, sustainabilityuniversity",0.10310048561822936,0.134852446768771,0.1031,1.0,7.4155,1.0,0.08919713286956264,inf,0.9645980841316119,0.7645429362880887,1.0,0.8822714681440443,"#creatingthefuture, #entrepreneurialuniversity, #kampusberdampak, #kampusswastaterbaik, #safeaiuniversity","#contributetotheworld, #sustainabilityuniversity"
"contributetotheworld, creatingthefuture, entrepreneurialuniversity, sustainabilityuniversity",safeaiuniversity,0.134852446768771,0.10310048561822936,0.1031,0.7645,7.4155,1.0,0.08919713286956264,3.809184996374344,1.0,0.7645429362880887,0.7374766515798473,0.8822714681440443,"#contributetotheworld, #creatingthefuture, #entrepreneurialuniversity, #sustainabilityuniversity",#safeaiuniversity
"creatingthefuture, entrepreneurialuniversity, safeaiuniversity","contributetotheworld, sustainabilityuniversity",0.10310048561822936,0.134852446768771,0.1031,1.0,7.4155,1.0,0.08919713286956264,inf,0.9645980841316119,0.7645429362880887,1.0,0.8822714681440443,"#creatingthefuture, #entrepreneurialuniversity, #safeaiuniversity","#contributetotheworld, #sustainabilityuniversity"
"creatingthefuture, safeaiuniversity","contributetotheworld, sustainabilityuniversity",0.10310048561822936,0.134852446768771,0.1031,1.0,7.4155,1.0,0.08919713286956264,inf,0.9645980841316119,0.7645429362880887,1.0,0.8822714681440443,"#creatingthefuture, #safeaiuniversity","#contributetotheworld, #sustainabilityuniversity"
"contributetotheworld, sustainabilityuniversity","creatingthefuture, safeaiuniversity",0.134852446768771,0.10310048561822936,0.1031,0.7645,7.4155,1.0,0.08919713286956264,3.809184996374344,1.0,0.7645429362880887,0.7374766515798473,0.8822714681440443,"#contributetotheworld, #sustainabilityuniversity","#creatingthefuture, #safeaiuniversity"
safeaiuniversity,"contributetotheworld, creatingthefuture, sustainabilityuniversity",0.10310048561822936,0.134852446768771,0.1031,1.0,7.4155,1.0,0.08919713286956264,inf,0.9645980841316119,0.7645429362880887,1.0,0.8822714681440443,#safeaiuniversity,"#contributetotheworld, #creatingthefuture, #sustainabilityuniversity"
"contributetotheworld, sustainabilityuniversity","creatingthefuture, entrepreneurialuniversity, safeaiuniversity",0.134852446768771,0.10310048561822936,0.1031,0.7645,7.4155,1.0,0.08919713286956264,3.809184996374344,1.0,0.7645429362880887,0.7374766515798473,0.8822714681440443,"#contributetotheworld, #sustainabilityuniversity","#creatingthefuture, #entrepreneurialuniversity, #safeaiuniversity"
"contributetotheworld, sustainabilityuniversity","entrepreneurialuniversity, safeaiuniversity",0.134852446768771,0.10310048561822936,0.1031,0.7645,7.4155,1.0,0.08919713286956264,3.809184996374344,1.0,0.7645429362880887,0.7374766515798473,0.8822714681440443,"#contributetotheworld, #sustainabilityuniversity","#entrepreneurialuniversity, #safeaiuniversity"
"contributetotheworld, sustainabilityuniversity","creatingthefuture, kampusberdampak, safeaiuniversity",0.134852446768771,0.10310048561822936,0.1031,0.7645,7.4155,1.0,0.08919713286956264,3.809184996374344,1.0,0.7645429362880887,0.7374766515798473,0.8822714681440443,"#contributetotheworld, #sustainabilityuniversity","#creatingthefuture, #kampusberdampak, #safeaiuniversity"
"creatingthefuture, kampusswastaterbaik, safeaiuniversity","contributetotheworld, sustainabilityuniversity",0.10310048561822936,0.134852446768771,0.1031,1.0,7.4155,1.0,0.08919713286956264,inf,0.9645980841316119,0.7645429362880887,1.0,0.8822714681440443,"#creatingthefuture, #kampusswastaterbaik, #safeaiuniversity","#contributetotheworld, #sustainabilityuniversity"
"kampusberdampak, safeaiuniversity","contributetotheworld, creatingthefuture, sustainabilityuniversity",0.10310048561822936,0.134852446768771,0.1031,1.0,7.4155,1.0,0.08919713286956264,inf,0.9645980841316119,0.7645429362880887,1.0,0.8822714681440443,"#kampusberdampak, #safeaiuniversity","#contributetotheworld, #creatingthefuture, #sustainabilityuniversity"
"kampusswastaterbaik, safeaiuniversity","contributetotheworld, creatingthefuture, sustainabilityuniversity",0.10310048561822936,0.134852446768771,0.1031,1.0,7.4155,1.0,0.08919713286956264,inf,0.9645980841316119,0.7645429362880887,1.0,0.8822714681440443,"#kampusswastaterbaik, #safeaiuniversity","#contributetotheworld, #creatingthefuture, #sustainabilityuniversity"
"contributetotheworld, sustainabilityuniversity","entrepreneurialuniversity, kampusberdampak",0.134852446768771,0.10347403810235338,0.1035,0.7673,7.4155,1.0,0.089520310887206,3.852927050536315,1.0000000000000002,0.7673130193905817,0.7404570637119113,0.8836565096952909,"#contributetotheworld, #sustainabilityuniversity","#entrepreneurialuniversity, #kampusberdampak"
"contributetotheworld, creatingthefuture, sustainabilityuniversity","kampusswastaterbaik, safeaiuniversity",0.134852446768771,0.10310048561822936,0.1031,0.7645,7.4155,1.0,0.08919713286956264,3.809184996374344,1.0,0.7645429362880887,0.7374766515798473,0.8822714681440443,"#contributetotheworld, #creatingthefuture, #sustainabilityuniversity","#kampusswastaterbaik, #safeaiuniversity"
safeaiuniversity,"contributetotheworld, sustainabilityuniversity",0.10310048561822936,0.134852446768771,0.1031,1.0,7.4155,1.0,0.08919713286956264,inf,0.9645980841316119,0.7645429362880887,1.0,0.8822714681440443,#safeaiuniversity,"#contributetotheworld, #sustainabilityuniversity"
"contributetotheworld, creatingthefuture, sustainabilityuniversity","kampusberdampak, safeaiuniversity",0.134852446768771,0.10310048561822936,0.1031,0.7645,7.4155,1.0,0.08919713286956264,3.809184996374344,1.0,0.7645429362880887,0.7374766515798473,0.8822714681440443,"#contributetotheworld, #creatingthefuture, #sustainabilityuniversity","#kampusberdampak, #safeaiuniversity"
"entrepreneurialuniversity, kampusberdampak, kampusswastaterbaik, safeaiuniversity","contributetotheworld, creatingthefuture, sustainabilityuniversity",0.10310048561822936,0.134852446768771,0.1031,1.0,7.4155,1.0,0.08919713286956264,inf,0.9645980841316119,0.7645429362880887,1.0,0.8822714681440443,"#entrepreneurialuniversity, #kampusberdampak, #kampusswastaterbaik, #safeaiuniversity","#contributetotheworld, #creatingthefuture, #sustainabilityuniversity"
safeaiuniversity,"contributetotheworld, entrepreneurialuniversity, sustainabilityuniversity",0.10310048561822936,0.134852446768771,0.1031,1.0,7.4155,1.0,0.08919713286956264,inf,0.9645980841316119,0.7645429362880887,1.0,0.8822714681440443,#safeaiuniversity,"#contributetotheworld, #entrepreneurialuniversity, #sustainabilityuniversity"
"kampusberdampak, kampusswastaterbaik, safeaiuniversity","contributetotheworld, sustainabilityuniversity",0.10310048561822936,0.134852446768771,0.1031,1.0,7.4155,1.0,0.08919713286956264,inf,0.9645980841316119,0.7645429362880887,1.0,0.8822714681440443,"#kampusberdampak, #kampusswastaterbaik, #safeaiuniversity","#contributetotheworld, #sustainabilityuniversity"
"entrepreneurialuniversity, safeaiuniversity","contributetotheworld, sustainabilityuniversity",0.10310048561822936,0.134852446768771,0.1031,1.0,7.4155,1.0,0.08919713286956264,inf,0.9645980841316119,0.7645429362880887,1.0,0.8822714681440443,"#entrepreneurialuniversity, #safeaiuniversity","#contributetotheworld, #sustainabilityuniversity"
"contributetotheworld, sustainabilityuniversity","kampusberdampak, kampusswastaterbaik, safeaiuniversity",0.134852446768771,0.10310048561822936,0.1031,0.7645,7.4155,1.0,0.08919713286956264,3.809184996374344,1.0,0.7645429362880887,0.7374766515798473,0.8822714681440443,"#contributetotheworld, #sustainabilityuniversity","#kampusberdampak, #kampusswastaterbaik, #safeaiuniversity"
"contributetotheworld, entrepreneurialuniversity, sustainabilityuniversity",safeaiuniversity,0.134852446768771,0.10310048561822936,0.1031,0.7645,7.4155,1.0,0.08919713286956264,3.809184996374344,1.0,0.7645429362880887,0.7374766515798473,0.8822714681440443,"#contributetotheworld, #entrepreneurialuniversity, #sustainabilityuniversity",#safeaiuniversity
"contributetotheworld, creatingthefuture, sustainabilityuniversity","entrepreneurialuniversity, kampusberdampak, safeaiuniversity",0.134852446768771,0.10310048561822936,0.1031,0.7645,7.4155,1.0,0.08919713286956264,3.809184996374344,1.0,0.7645429362880887,0.7374766515798473,0.8822714681440443,"#contributetotheworld, #creatingthefuture, #sustainabilityuniversity","#entrepreneurialuniversity, #kampusberdampak, #safeaiuniversity"
"contributetotheworld, sustainabilityuniversity","creatingthefuture, kampusswastaterbaik, safeaiuniversity",0.134852446768771,0.10310048561822936,0.1031,0.7645,7.4155,1.0,0.08919713286956264,3.809184996374344,1.0,0.7645429362880887,0.7374766515798473,0.8822714681440443,"#contributetotheworld, #sustainabilityuniversity","#creatingthefuture, #kampusswastaterbaik, #safeaiuniversity"
"entrepreneurialuniversity, kampusswastaterbaik, safeaiuniversity","contributetotheworld, sustainabilityuniversity",0.10310048561822936,0.134852446768771,0.1031,1.0,7.4155,1.0,0.08919713286956264,inf,0.9645980841316119,0.7645429362880887,1.0,0.8822714681440443,"#entrepreneurialuniversity, #kampusswastaterbaik, #safeaiuniversity","#contributetotheworld, #sustainabilityuniversity"
"contributetotheworld, sustainabilityuniversity","entrepreneurialuniversity, kampusswastaterbaik, safeaiuniversity",0.134852446768771,0.10310048561822936,0.1031,0.7645,7.4155,1.0,0.08919713286956264,3.809184996374344,1.0,0.7645429362880887,0.7374766515798473,0.8822714681440443,"#contributetotheworld, #sustainabilityuniversity","#entrepreneurialuniversity, #kampusswastaterbaik, #safeaiuniversity"
"contributetotheworld, sustainabilityuniversity",safeaiuniversity,0.134852446768771,0.10310048561822936,0.1031,0.7645,7.4155,1.0,0.08919713286956264,3.809184996374344,1.0,0.7645429362880887,0.7374766515798473,0.8822714681440443,"#contributetotheworld, #sustainabilityuniversity",#safeaiuniversity
"contributetotheworld, creatingthefuture, entrepreneurialuniversity, sustainabilityuniversity","kampusswastaterbaik, safeaiuniversity",0.134852446768771,0.10310048561822936,0.1031,0.7645,7.4155,1.0,0.08919713286956264,3.809184996374344,1.0,0.7645429362880887,0.7374766515798473,0.8822714681440443,"#contributetotheworld, #creatingthefuture, #entrepreneurialuniversity, #sustainabilityuniversity","#kampusswastaterbaik, #safeaiuniversity"
"creatingthefuture, kampusswastaterbaik, safeaiuniversity","contributetotheworld, entrepreneurialuniversity, sustainabilityuniversity",0.10310048561822936,0.134852446768771,0.1031,1.0,7.4155,1.0,0.08919713286956264,inf,0.9645980841316119,0.7645429362880887,1.0,0.8822714681440443,"#creatingthefuture, #kampusswastaterbaik, #safeaiuniversity","#contributetotheworld, #entrepreneurialuniversity, #sustainabilityuniversity"
"contributetotheworld, sustainabilityuniversity","creatingthefuture, entrepreneurialuniversity, kampusberdampak, safeaiuniversity",0.134852446768771,0.10310048561822936,0.1031,0.7645,7.4155,1.0,0.08919713286956264,3.809184996374344,1.0,0.7645429362880887,0.7374766515798473,0.8822714681440443,"#contributetotheworld, #sustainabilityuniversity","#creatingthefuture, #entrepreneurialuniversity, #kampusberdampak, #safeaiuniversity"
"contributetotheworld, sustainabilityuniversity","entrepreneurialuniversity, kampusberdampak, kampusswastaterbaik",0.134852446768771,0.10347403810235338,0.1035,0.7673,7.4155,1.0,0.089520310887206,3.852927050536315,1.0000000000000002,0.7673130193905817,0.7404570637119113,0.8836565096952909,"#contributetotheworld, #sustainabilityuniversity","#entrepreneurialuniversity, #kampusberdampak, #kampusswastaterbaik"
"entrepreneurialuniversity, kampusberdampak, kampusswastaterbaik","contributetotheworld, sustainabilityuniversity",0.10347403810235338,0.134852446768771,0.1035,1.0,7.4155,1.0,0.089520310887206,inf,0.9650000000000001,0.7673130193905817,1.0,0.8836565096952909,"#entrepreneurialuniversity, #kampusberdampak, #kampusswastaterbaik","#contributetotheworld, #sustainabilityuniversity"
"kampusberdampak, safeaiuniversity","contributetotheworld, sustainabilityuniversity",0.10310048561822936,0.134852446768771,0.1031,1.0,7.4155,1.0,0.08919713286956264,inf,0.9645980841316119,0.7645429362880887,1.0,0.8822714681440443,"#kampusberdampak, #safeaiuniversity","#contributetotheworld, #sustainabilityuniversity"
"creatingthefuture, kampusberdampak, safeaiuniversity","contributetotheworld, entrepreneurialuniversity, sustainabilityuniversity",0.10310048561822936,0.134852446768771,0.1031,1.0,7.4155,1.0,0.08919713286956264,inf,0.9645980841316119,0.7645429362880887,1.0,0.8822714681440443,"#creatingthefuture, #kampusberdampak, #safeaiuniversity","#contributetotheworld, #entrepreneurialuniversity, #sustainabilityuniversity"
"contributetotheworld, entrepreneurialuniversity, sustainabilityuniversity","kampusswastaterbaik, safeaiuniversity",0.134852446768771,0.10310048561822936,0.1031,0.7645,7.4155,1.0,0.08919713286956264,3.809184996374344,1.0,0.7645429362880887,0.7374766515798473,0.8822714681440443,"#contributetotheworld, #entrepreneurialuniversity, #sustainabilityuniversity","#kampusswastaterbaik, #safeaiuniversity"
"entrepreneurialuniversity, kampusberdampak, kampusswastaterbaik","contributetotheworld, creatingthefuture, sustainabilityuniversity",0.10347403810235338,0.134852446768771,0.1035,1.0,7.4155,1.0,0.089520310887206,inf,0.9650000000000001,0.7673130193905817,1.0,0.8836565096952909,"#entrepreneurialuniversity, #kampusberdampak, #kampusswastaterbaik","#contributetotheworld, #creatingthefuture, #sustainabilityuniversity"
"entrepreneurialuniversity, kampusberdampak, safeaiuniversity","contributetotheworld, sustainabilityuniversity",0.10310048561822936,0.134852446768771,0.1031,1.0,7.4155,1.0,0.08919713286956264,inf,0.9645980841316119,0.7645429362880887,1.0,0.8822714681440443,"#entrepreneurialuniversity, #kampusberdampak, #safeaiuniversity","#contributetotheworld, #sustainabilityuniversity"
"kampusberdampak, safeaiuniversity","contributetotheworld, creatingthefuture, entrepreneurialuniversity, sustainabilityuniversity",0.10310048561822936,0.134852446768771,0.1031,1.0,7.4155,1.0,0.08919713286956264,inf,0.9645980841316119,0.7645429362880887,1.0,0.8822714681440443,"#kampusberdampak, #safeaiuniversity","#contributetotheworld, #creatingthefuture, #entrepreneurialuniversity, #sustainabilityuniversity"
"contributetotheworld, sustainabilityuniversity","kampusberdampak, safeaiuniversity",0.134852446768771,0.10310048561822936,0.1031,0.7645,7.4155,1.0,0.08919713286956264,3.809184996374344,1.0,0.7645429362880887,0.7374766515798473,0.8822714681440443,"#contributetotheworld, #sustainabilityuniversity","#kampusberdampak, #safeaiuniversity"
"contributetotheworld, creatingthefuture, entrepreneurialuniversity, sustainabilityuniversity","kampusberdampak, safeaiuniversity",0.134852446768771,0.10310048561822936,0.1031,0.7645,7.4155,1.0,0.08919713286956264,3.809184996374344,1.0,0.7645429362880887,0.7374766515798473,0.8822714681440443,"#contributetotheworld, #creatingthefuture, #entrepreneurialuniversity, #sustainabilityuniversity","#kampusberdampak, #safeaiuniversity"
"kampusberdampak, safeaiuniversity","contributetotheworld, entrepreneurialuniversity, sustainabilityuniversity",0.10310048561822936,0.134852446768771,0.1031,1.0,7.4155,1.0,0.08919713286956264,inf,0.9645980841316119,0.7645429362880887,1.0,0.8822714681440443,"#kampusberdampak, #safeaiuniversity","#contributetotheworld, #entrepreneurialuniversity, #sustainabilityuniversity"
"contributetotheworld, sustainabilityuniversity","entrepreneurialuniversity, kampusberdampak, safeaiuniversity",0.134852446768771,0.10310048561822936,0.1031,0.7645,7.4155,1.0,0.08919713286956264,3.809184996374344,1.0,0.7645429362880887,0.7374766515798473,0.8822714681440443,"#contributetotheworld, #sustainabilityuniversity","#entrepreneurialuniversity, #kampusberdampak, #safeaiuniversity"
"contributetotheworld, entrepreneurialuniversity, sustainabilityuniversity","kampusberdampak, kampusswastaterbaik, safeaiuniversity",0.134852446768771,0.10310048561822936,0.1031,0.7645,7.4155,1.0,0.08919713286956264,3.809184996374344,1.0,0.7645429362880887,0.7374766515798473,0.8822714681440443,"#contributetotheworld, #entrepreneurialuniversity, #sustainabilityuniversity","#kampusberdampak, #kampusswastaterbaik, #safeaiuniversity"
"contributetotheworld, sustainabilityuniversity","kampusswastaterbaik, safeaiuniversity",0.134852446768771,0.10310048561822936,0.1031,0.7645,7.4155,1.0,0.08919713286956264,3.809184996374344,1.0,0.7645429362880887,0.7374766515798473,0.8822714681440443,"#contributetotheworld, #sustainabilityuniversity","#kampusswastaterbaik, #safeaiuniversity"
"contributetotheworld, entrepreneurialuniversity, sustainabilityuniversity","creatingthefuture, kampusberdampak, safeaiuniversity",0.134852446768771,0.10310048561822936,0.1031,0.7645,7.4155,1.0,0.08919713286956264,3.809184996374344,1.0,0.7645429362880887,0.7374766515798473,0.8822714681440443,"#contributetotheworld, #entrepreneurialuniversity, #sustainabilityuniversity","#creatingthefuture, #kampusberdampak, #safeaiuniversity"
"contributetotheworld, entrepreneurialuniversity, sustainabilityuniversity","kampusberdampak, safeaiuniversity",0.134852446768771,0.10310048561822936,0.1031,0.7645,7.4155,1.0,0.08919713286956264,3.809184996374344,1.0,0.7645429362880887,0.7374766515798473,0.8822714681440443,"#contributetotheworld, #entrepreneurialuniversity, #sustainabilityuniversity","#kampusberdampak, #safeaiuniversity"
"contributetotheworld, sustainabilityuniversity","creatingthefuture, entrepreneurialuniversity, kampusberdampak, kampusswastaterbaik",0.134852446768771,0.10347403810235338,0.1035,0.7673,7.4155,1.0,0.089520310887206,3.852927050536315,1.0000000000000002,0.7673130193905817,0.7404570637119113,0.8836565096952909,"#contributetotheworld, #sustainabilityuniversity","#creatingthefuture, #entrepreneurialuniversity, #kampusberdampak, #kampusswastaterbaik"
"contributetotheworld, creatingthefuture, sustainabilityuniversity","entrepreneurialuniversity, kampusberdampak, kampusswastaterbaik",0.134852446768771,0.10347403810235338,0.1035,0.7673,7.4155,1.0,0.089520310887206,3.852927050536315,1.0000000000000002,0.7673130193905817,0.7404570637119113,0.8836565096952909,"#contributetotheworld, #creatingthefuture, #sustainabilityuniversity","#entrepreneurialuniversity, #kampusberdampak, #kampusswastaterbaik"
"kampusswastaterbaik, safeaiuniversity","contributetotheworld, sustainabilityuniversity",0.10310048561822936,0.134852446768771,0.1031,1.0,7.4155,1.0,0.08919713286956264,inf,0.9645980841316119,0.7645429362880887,1.0,0.8822714681440443,"#kampusswastaterbaik, #safeaiuniversity","#contributetotheworld, #sustainabilityuniversity"
"creatingthefuture, entrepreneurialuniversity, kampusberdampak, safeaiuniversity","contributetotheworld, sustainabilityuniversity",0.10310048561822936,0.134852446768771,0.1031,1.0,7.4155,1.0,0.08919713286956264,inf,0.9645980841316119,0.7645429362880887,1.0,0.8822714681440443,"#creatingthefuture, #entrepreneurialuniversity, #kampusberdampak, #safeaiuniversity","#contributetotheworld, #sustainabilityuniversity"
"entrepreneurialuniversity, kampusberdampak, safeaiuniversity","contributetotheworld, creatingthefuture, sustainabilityuniversity",0.10310048561822936,0.134852446768771,0.1031,1.0,7.4155,1.0,0.08919713286956264,inf,0.9645980841316119,0.7645429362880887,1.0,0.8822714681440443,"#entrepreneurialuniversity, #kampusberdampak, #safeaiuniversity","#contributetotheworld, #creatingthefuture, #sustainabilityuniversity"
"kampusswastaterbaik, safeaiuniversity","contributetotheworld, entrepreneurialuniversity, sustainabilityuniversity",0.10310048561822936,0.134852446768771,0.1031,1.0,7.4155,1.0,0.08919713286956264,inf,0.9645980841316119,0.7645429362880887,1.0,0.8822714681440443,"#kampusswastaterbaik, #safeaiuniversity","#contributetotheworld, #entrepreneurialuniversity, #sustainabilityuniversity"
"contributetotheworld, entrepreneurialuniversity, sustainabilityuniversity","creatingthefuture, kampusberdampak, kampusswastaterbaik, safeaiuniversity",0.134852446768771,0.10310048561822936,0.1031,0.7645,7.4155,1.0,0.08919713286956264,3.809184996374344,1.0,0.7645429362880887,0.7374766515798473,0.8822714681440443,"#contributetotheworld, #entrepreneurialuniversity, #sustainabilityuniversity","#creatingthefuture, #kampusberdampak, #kampusswastaterbaik, #safeaiuniversity"
"contributetotheworld, creatingthefuture, sustainabilityuniversity","entrepreneurialuniversity, kampusberdampak, kampusswastaterbaik, safeaiuniversity",0.134852446768771,0.10310048561822936,0.1031,0.7645,7.4155,1.0,0.08919713286956264,3.809184996374344,1.0,0.7645429362880887,0.7374766515798473,0.8822714681440443,"#contributetotheworld, #creatingthefuture, #sustainabilityuniversity","#entrepreneurialuniversity, #kampusberdampak, #kampusswastaterbaik, #safeaiuniversity"
"contributetotheworld, sustainabilityuniversity","creatingthefuture, entrepreneurialuniversity, kampusberdampak, kampusswastaterbaik, safeaiuniversity",0.134852446768771,0.10310048561822936,0.1031,0.7645,7.4155,1.0,0.08919713286956264,3.809184996374344,1.0,0.7645429362880887,0.7374766515798473,0.8822714681440443,"#contributetotheworld, #sustainabilityuniversity","#creatingthefuture, #entrepreneurialuniversity, #kampusberdampak, #kampusswastaterbaik, #safeaiuniversity"
"contributetotheworld, sustainabilityuniversity","creatingthefuture, kampusberdampak, kampusswastaterbaik, safeaiuniversity",0.134852446768771,0.10310048561822936,0.1031,0.7645,7.4155,1.0,0.08919713286956264,3.809184996374344,1.0,0.7645429362880887,0.7374766515798473,0.8822714681440443,"#contributetotheworld, #sustainabilityuniversity","#creatingthefuture, #kampusberdampak, #kampusswastaterbaik, #safeaiuniversity"
"contributetotheworld, entrepreneurialuniversity, kampusswastaterbaik","creatingthefuture, kampusberdampak",0.134478894284647,0.1038475905864774,0.1035,0.7694,7.4094,1.0,0.08950872894615919,3.8869261131188937,0.9994390854600045,0.7673130193905817,0.7427272937798157,0.8829236610711431,"#contributetotheworld, #entrepreneurialuniversity, #kampusswastaterbaik","#creatingthefuture, #kampusberdampak"
"creatingthefuture, kampusberdampak","contributetotheworld, entrepreneurialuniversity, kampusswastaterbaik",0.1038475905864774,0.134478894284647,0.1035,0.9964,7.4094,1.0,0.08950872894615919,240.61486738886964,0.965277349316728,0.7673130193905817,0.9958439808360476,0.8829236610711431,"#creatingthefuture, #kampusberdampak","#contributetotheworld, #entrepreneurialuniversity, #kampusswastaterbaik"
"contributetotheworld, creatingthefuture","entrepreneurialuniversity, kampusberdampak, kampusswastaterbaik, safeaiuniversity, sustainabilityuniversity",0.13522599925289502,0.10310048561822936,0.1031,0.7624,7.395,1.0,0.08915861942704556,3.775321211700012,1.0,0.7624309392265194,0.7351218760139077,0.8812154696132597,"#contributetotheworld, #creatingthefuture","#entrepreneurialuniversity, #kampusberdampak, #kampusswastaterbaik, #safeaiuniversity, #sustainabilityuniversity"
"contributetotheworld, entrepreneurialuniversity","creatingthefuture, kampusberdampak, kampusswastaterbaik, safeaiuniversity, sustainabilityuniversity",0.13522599925289502,0.10310048561822936,0.1031,0.7624,7.395,1.0,0.08915861942704556,3.775321211700012,1.0,0.7624309392265194,0.7351218760139077,0.8812154696132597,"#contributetotheworld, #entrepreneurialuniversity","#creatingthefuture, #kampusberdampak, #kampusswastaterbaik, #safeaiuniversity, #sustainabilityuniversity"
"contributetotheworld, creatingthefuture","entrepreneurialuniversity, kampusberdampak, safeaiuniversity",0.13522599925289502,0.10310048561822936,0.1031,0.7624,7.395,1.0,0.08915861942704556,3.775321211700012,1.0,0.7624309392265194,0.7351218760139077,0.8812154696132597,"#contributetotheworld, #creatingthefuture","#entrepreneurialuniversity, #kampusberdampak, #safeaiuniversity"
"contributetotheworld, creatingthefuture","kampusberdampak, kampusswastaterbaik, safeaiuniversity, sustainabilityuniversity",0.13522599925289502,0.10310048561822936,0.1031,0.7624,7.395,1.0,0.08915861942704556,3.775321211700012,1.0,0.7624309392265194,0.7351218760139077,0.8812154696132597,"#contributetotheworld, #creatingthefuture","#kampusberdampak, #kampusswastaterbaik, #safeaiuniversity, #sustainabilityuniversity"
"contributetotheworld, creatingthefuture",safeaiuniversity,0.13522599925289502,0.10310048561822936,0.1031,0.7624,7.395,1.0,0.08915861942704556,3.775321211700012,1.0,0.7624309392265194,0.7351218760139077,0.8812154696132597,"#contributetotheworld, #creatingthefuture",#safeaiuniversity
"contributetotheworld, creatingthefuture","entrepreneurialuniversity, safeaiuniversity",0.13522599925289502,0.10310048561822936,0.1031,0.7624,7.395,1.0,0.08915861942704556,3.775321211700012,1.0,0.7624309392265194,0.7351218760139077,0.8812154696132597,"#contributetotheworld, #creatingthefuture","#entrepreneurialuniversity, #safeaiuniversity"
"creatingthefuture, safeaiuniversity","contributetotheworld, entrepreneurialuniversity",0.10310048561822936,0.13522599925289502,0.1031,1.0,7.395,1.0,0.08915861942704556,inf,0.9641815910037485,0.7624309392265194,1.0,0.8812154696132597,"#creatingthefuture, #safeaiuniversity","#contributetotheworld, #entrepreneurialuniversity"
"kampusberdampak, kampusswastaterbaik, safeaiuniversity, sustainabilityuniversity","contributetotheworld, creatingthefuture, entrepreneurialuniversity",0.10310048561822936,0.13522599925289502,0.1031,1.0,7.395,1.0,0.08915861942704556,inf,0.9641815910037485,0.7624309392265194,1.0,0.8812154696132597,"#kampusberdampak, #kampusswastaterbaik, #safeaiuniversity, #sustainabilityuniversity","#contributetotheworld, #creatingthefuture, #entrepreneurialuniversity"
safeaiuniversity,"contributetotheworld, entrepreneurialuniversity",0.10310048561822936,0.13522599925289502,0.1031,1.0,7.395,1.0,0.08915861942704556,inf,0.9641815910037485,0.7624309392265194,1.0,0.8812154696132597,#safeaiuniversity,"#contributetotheworld, #entrepreneurialuniversity"
"creatingthefuture, kampusberdampak, kampusswastaterbaik, safeaiuniversity","contributetotheworld, entrepreneurialuniversity",0.10310048561822936,0.13522599925289502,0.1031,1.0,7.395,1.0,0.08915861942704556,inf,0.9641815910037485,0.7624309392265194,1.0,0.8812154696132597,"#creatingthefuture, #kampusberdampak, #kampusswastaterbaik, #safeaiuniversity","#contributetotheworld, #entrepreneurialuniversity"
"contributetotheworld, creatingthefuture, entrepreneurialuniversity","kampusberdampak, kampusswastaterbaik, safeaiuniversity, sustainabilityuniversity",0.13522599925289502,0.10310048561822936,0.1031,0.7624,7.395,1.0,0.08915861942704556,3.775321211700012,1.0,0.7624309392265194,0.7351218760139077,0.8812154696132597,"#contributetotheworld, #creatingthefuture, #entrepreneurialuniversity","#kampusberdampak, #kampusswastaterbaik, #safeaiuniversity, #sustainabilityuniversity"
"entrepreneurialuniversity, kampusberdampak, kampusswastaterbaik, safeaiuniversity","contributetotheworld, creatingthefuture",0.10310048561822936,0.13522599925289502,0.1031,1.0,7.395,1.0,0.08915861942704556,inf,0.9641815910037485,0.7624309392265194,1.0,0.8812154696132597,"#entrepreneurialuniversity, #kampusberdampak, #kampusswastaterbaik, #safeaiuniversity","#contributetotheworld, #creatingthefuture"
"kampusberdampak, kampusswastaterbaik, safeaiuniversity","contributetotheworld, entrepreneurialuniversity",0.10310048561822936,0.13522599925289502,0.1031,1.0,7.395,1.0,0.08915861942704556,inf,0.9641815910037485,0.7624309392265194,1.0,0.8812154696132597,"#kampusberdampak, #kampusswastaterbaik, #safeaiuniversity","#contributetotheworld, #entrepreneurialuniversity"
"contributetotheworld, entrepreneurialuniversity","kampusberdampak, kampusswastaterbaik, safeaiuniversity",0.13522599925289502,0.10310048561822936,0.1031,0.7624,7.395,1.0,0.08915861942704556,3.775321211700012,1.0,0.7624309392265194,0.7351218760139077,0.8812154696132597,"#contributetotheworld, #entrepreneurialuniversity","#kampusberdampak, #kampusswastaterbaik, #safeaiuniversity"
"kampusberdampak, kampusswastaterbaik, sustainabilityuniversity","contributetotheworld, creatingthefuture, entrepreneurialuniversity",0.10347403810235338,0.13522599925289502,0.1035,1.0,7.395,1.0,0.08948165790323051,inf,0.9645833333333333,0.7651933701657458,1.0,0.8825966850828729,"#kampusberdampak, #kampusswastaterbaik, #sustainabilityuniversity","#contributetotheworld, #creatingthefuture, #entrepreneurialuniversity"
"contributetotheworld, entrepreneurialuniversity",safeaiuniversity,0.13522599925289502,0.10310048561822936,0.1031,0.7624,7.395,1.0,0.08915861942704556,3.775321211700012,1.0,0.7624309392265194,0.7351218760139077,0.8812154696132597,"#contributetotheworld, #entrepreneurialuniversity",#safeaiuniversity
"contributetotheworld, creatingthefuture, entrepreneurialuniversity","kampusberdampak, kampusswastaterbaik, sustainabilityuniversity",0.13522599925289502,0.10347403810235338,0.1035,0.7652,7.395,1.0,0.08948165790323051,3.8181458612582126,1.0,0.7651933701657458,0.7380927716390424,0.8825966850828729,"#contributetotheworld, #creatingthefuture, #entrepreneurialuniversity","#kampusberdampak, #kampusswastaterbaik, #sustainabilityuniversity"
"contributetotheworld, entrepreneurialuniversity","creatingthefuture, kampusberdampak, kampusswastaterbaik, sustainabilityuniversity",0.13522599925289502,0.10347403810235338,0.1035,0.7652,7.395,1.0,0.08948165790323051,3.8181458612582126,1.0,0.7651933701657458,0.7380927716390424,0.8825966850828729,"#contributetotheworld, #entrepreneurialuniversity","#creatingthefuture, #kampusberdampak, #kampusswastaterbaik, #sustainabilityuniversity"
"contributetotheworld, entrepreneurialuniversity","kampusberdampak, safeaiuniversity, sustainabilityuniversity",0.13522599925289502,0.10310048561822936,0.1031,0.7624,7.395,1.0,0.08915861942704556,3.775321211700012,1.0,0.7624309392265194,0.7351218760139077,0.8812154696132597,"#contributetotheworld, #entrepreneurialuniversity","#kampusberdampak, #safeaiuniversity, #sustainabilityuniversity"
"kampusberdampak, safeaiuniversity, sustainabilityuniversity","contributetotheworld, creatingthefuture, entrepreneurialuniversity",0.10310048561822936,0.13522599925289502,0.1031,1.0,7.395,1.0,0.08915861942704556,inf,0.9641815910037485,0.7624309392265194,1.0,0.8812154696132597,"#kampusberdampak, #safeaiuniversity, #sustainabilityuniversity","#contributetotheworld, #creatingthefuture, #entrepreneurialuniversity"
"contributetotheworld, creatingthefuture","entrepreneurialuniversity, kampusberdampak, kampusswastaterbaik, sustainabilityuniversity",0.13522599925289502,0.10347403810235338,0.1035,0.7652,7.395,1.0,0.08948165790323051,3.8181458612582126,1.0,0.7651933701657458,0.7380927716390424,0.8825966850828729,"#contributetotheworld, #creatingthefuture","#entrepreneurialuniversity, #kampusberdampak, #kampusswastaterbaik, #sustainabilityuniversity"
"kampusberdampak, safeaiuniversity, sustainabilityuniversity","contributetotheworld, entrepreneurialuniversity",0.10310048561822936,0.13522599925289502,0.1031,1.0,7.395,1.0,0.08915861942704556,inf,0.9641815910037485,0.7624309392265194,1.0,0.8812154696132597,"#kampusberdampak, #safeaiuniversity, #sustainabilityuniversity","#contributetotheworld, #entrepreneurialuniversity"
"kampusswastaterbaik, safeaiuniversity, sustainabilityuniversity","contributetotheworld, entrepreneurialuniversity",0.10310048561822936,0.13522599925289502,0.1031,1.0,7.395,1.0,0.08915861942704556,inf,0.9641815910037485,0.7624309392265194,1.0,0.8812154696132597,"#kampusswastaterbaik, #safeaiuniversity, #sustainabilityuniversity","#contributetotheworld, #entrepreneurialuniversity"
"contributetotheworld, entrepreneurialuniversity","kampusswastaterbaik, safeaiuniversity, sustainabilityuniversity",0.13522599925289502,0.10310048561822936,0.1031,0.7624,7.395,1.0,0.08915861942704556,3.775321211700012,1.0,0.7624309392265194,0.7351218760139077,0.8812154696132597,"#contributetotheworld, #entrepreneurialuniversity","#kampusswastaterbaik, #safeaiuniversity, #sustainabilityuniversity"
"kampusberdampak, kampusswastaterbaik, sustainabilityuniversity","contributetotheworld, entrepreneurialuniversity",0.10347403810235338,0.13522599925289502,0.1035,1.0,7.395,1.0,0.08948165790323051,inf,0.9645833333333333,0.7651933701657458,1.0,0.8825966850828729,"#kampusberdampak, #kampusswastaterbaik, #sustainabilityuniversity","#contributetotheworld, #entrepreneurialuniversity"
"contributetotheworld, creatingthefuture","kampusswastaterbaik, safeaiuniversity",0.13522599925289502,0.10310048561822936,0.1031,0.7624,7.395,1.0,0.08915861942704556,3.775321211700012,1.0,0.7624309392265194,0.7351218760139077,0.8812154696132597,"#contributetotheworld, #creatingthefuture","#kampusswastaterbaik, #safeaiuniversity"
"contributetotheworld, creatingthefuture","kampusberdampak, safeaiuniversity",0.13522599925289502,0.10310048561822936,0.1031,0.7624,7.395,1.0,0.08915861942704556,3.775321211700012,1.0,0.7624309392265194,0.7351218760139077,0.8812154696132597,"#contributetotheworld, #creatingthefuture","#kampusberdampak, #safeaiuniversity"
"kampusberdampak, safeaiuniversity","contributetotheworld, creatingthefuture",0.10310048561822936,0.13522599925289502,0.1031,1.0,7.395,1.0,0.08915861942704556,inf,0.9641815910037485,0.7624309392265194,1.0,0.8812154696132597,"#kampusberdampak, #safeaiuniversity","#contributetotheworld, #creatingthefuture"
"contributetotheworld, entrepreneurialuniversity","creatingthefuture, kampusberdampak, safeaiuniversity, sustainabilityuniversity",0.13522599925289502,0.10310048561822936,0.1031,0.7624,7.395,1.0,0.08915861942704556,3.775321211700012,1.0,0.7624309392265194,0.7351218760139077,0.8812154696132597,"#contributetotheworld, #entrepreneurialuniversity","#creatingthefuture, #kampusberdampak, #safeaiuniversity, #sustainabilityuniversity"
"contributetotheworld, creatingthefuture","entrepreneurialuniversity, kampusberdampak, safeaiuniversity, sustainabilityuniversity",0.13522599925289502,0.10310048561822936,0.1031,0.7624,7.395,1.0,0.08915861942704556,3.775321211700012,1.0,0.7624309392265194,0.7351218760139077,0.8812154696132597,"#contributetotheworld, #creatingthefuture","#entrepreneurialuniversity, #kampusberdampak, #safeaiuniversity, #sustainabilityuniversity"
"contributetotheworld, creatingthefuture","entrepreneurialuniversity, kampusberdampak, sustainabilityuniversity",0.13522599925289502,0.10347403810235338,0.1035,0.7652,7.395,1.0,0.08948165790323051,3.8181458612582126,1.0,0.7651933701657458,0.7380927716390424,0.8825966850828729,"#contributetotheworld, #creatingthefuture","#entrepreneurialuniversity, #kampusberdampak, #sustainabilityuniversity"
"kampusberdampak, sustainabilityuniversity","contributetotheworld, creatingthefuture, entrepreneurialuniversity",0.10347403810235338,0.13522599925289502,0.1035,1.0,7.395,1.0,0.08948165790323051,inf,0.9645833333333333,0.7651933701657458,1.0,0.8825966850828729,"#kampusberdampak, #sustainabilityuniversity","#contributetotheworld, #creatingthefuture, #entrepreneurialuniversity"
"contributetotheworld, entrepreneurialuniversity","creatingthefuture, safeaiuniversity",0.13522599925289502,0.10310048561822936,0.1031,0.7624,7.395,1.0,0.08915861942704556,3.775321211700012,1.0,0.7624309392265194,0.7351218760139077,0.8812154696132597,"#contributetotheworld, #entrepreneurialuniversity","#creatingthefuture, #safeaiuniversity"
safeaiuniversity,"contributetotheworld, creatingthefuture, entrepreneurialuniversity",0.10310048561822936,0.13522599925289502,0.1031,1.0,7.395,1.0,0.08915861942704556,inf,0.9641815910037485,0.7624309392265194,1.0,0.8812154696132597,#safeaiuniversity,"#contributetotheworld, #creatingthefuture, #entrepreneurialuniversity"
"kampusswastaterbaik, safeaiuniversity","contributetotheworld, creatingthefuture",0.10310048561822936,0.13522599925289502,0.1031,1.0,7.395,1.0,0.08915861942704556,inf,0.9641815910037485,0.7624309392265194,1.0,0.8812154696132597,"#kampusswastaterbaik, #safeaiuniversity","#contributetotheworld, #creatingthefuture"
"entrepreneurialuniversity, safeaiuniversity","contributetotheworld, creatingthefuture",0.10310048561822936,0.13522599925289502,0.1031,1.0,7.395,1.0,0.08915861942704556,inf,0.9641815910037485,0.7624309392265194,1.0,0.8812154696132597,"#entrepreneurialuniversity, #safeaiuniversity","#contributetotheworld, #creatingthefuture"
"safeaiuniversity, sustainabilityuniversity","contributetotheworld, entrepreneurialuniversity",0.10310048561822936,0.13522599925289502,0.1031,1.0,7.395,1.0,0.08915861942704556,inf,0.9641815910037485,0.7624309392265194,1.0,0.8812154696132597,"#safeaiuniversity, #sustainabilityuniversity","#contributetotheworld, #entrepreneurialuniversity"
"contributetotheworld, entrepreneurialuniversity","kampusberdampak, kampusswastaterbaik, sustainabilityuniversity",0.13522599925289502,0.10347403810235338,0.1035,0.7652,7.395,1.0,0.08948165790323051,3.8181458612582126,1.0,0.7651933701657458,0.7380927716390424,0.8825966850828729,"#contributetotheworld, #entrepreneurialuniversity","#kampusberdampak, #kampusswastaterbaik, #sustainabilityuniversity"
"contributetotheworld, entrepreneurialuniversity","kampusberdampak, sustainabilityuniversity",0.13522599925289502,0.10347403810235338,0.1035,0.7652,7.395,1.0,0.08948165790323051,3.8181458612582126,1.0,0.7651933701657458,0.7380927716390424,0.8825966850828729,"#contributetotheworld, #entrepreneurialuniversity","#kampusberdampak, #sustainabilityuniversity"
"contributetotheworld, creatingthefuture, entrepreneurialuniversity","kampusberdampak, safeaiuniversity, sustainabilityuniversity",0.13522599925289502,0.10310048561822936,0.1031,0.7624,7.395,1.0,0.08915861942704556,3.775321211700012,1.0,0.7624309392265194,0.7351218760139077,0.8812154696132597,"#contributetotheworld, #creatingthefuture, #entrepreneurialuniversity","#kampusberdampak, #safeaiuniversity, #sustainabilityuniversity"
"contributetotheworld, entrepreneurialuniversity","safeaiuniversity, sustainabilityuniversity",0.13522599925289502,0.10310048561822936,0.1031,0.7624,7.395,1.0,0.08915861942704556,3.775321211700012,1.0,0.7624309392265194,0.7351218760139077,0.8812154696132597,"#contributetotheworld, #entrepreneurialuniversity","#safeaiuniversity, #sustainabilityuniversity"
"kampusberdampak, kampusswastaterbaik, safeaiuniversity, sustainabilityuniversity","contributetotheworld, entrepreneurialuniversity",0.10310048561822936,0.13522599925289502,0.1031,1.0,7.395,1.0,0.08915861942704556,inf,0.9641815910037485,0.7624309392265194,1.0,0.8812154696132597,"#kampusberdampak, #kampusswastaterbaik, #safeaiuniversity, #sustainabilityuniversity","#contributetotheworld, #entrepreneurialuniversity"
"contributetotheworld, creatingthefuture, entrepreneurialuniversity","kampusberdampak, safeaiuniversity",0.13522599925289502,0.10310048561822936,0.1031,0.7624,7.395,1.0,0.08915861942704556,3.775321211700012,1.0,0.7624309392265194,0.7351218760139077,0.8812154696132597,"#contributetotheworld, #creatingthefuture, #entrepreneurialuniversity","#kampusberdampak, #safeaiuniversity"
"kampusberdampak, safeaiuniversity","contributetotheworld, creatingthefuture, entrepreneurialuniversity",0.10310048561822936,0.13522599925289502,0.1031,1.0,7.395,1.0,0.08915861942704556,inf,0.9641815910037485,0.7624309392265194,1.0,0.8812154696132597,"#kampusberdampak, #safeaiuniversity","#contributetotheworld, #creatingthefuture, #entrepreneurialuniversity"
"entrepreneurialuniversity, kampusberdampak, safeaiuniversity","contributetotheworld, creatingthefuture",0.10310048561822936,0.13522599925289502,0.1031,1.0,7.395,1.0,0.08915861942704556,inf,0.9641815910037485,0.7624309392265194,1.0,0.8812154696132597,"#entrepreneurialuniversity, #kampusberdampak, #safeaiuniversity","#contributetotheworld, #creatingthefuture"
"kampusberdampak, kampusswastaterbaik, safeaiuniversity","contributetotheworld, creatingthefuture",0.10310048561822936,0.13522599925289502,0.1031,1.0,7.395,1.0,0.08915861942704556,inf,0.9641815910037485,0.7624309392265194,1.0,0.8812154696132597,"#kampusberdampak, #kampusswastaterbaik, #safeaiuniversity","#contributetotheworld, #creatingthefuture"
"contributetotheworld, creatingthefuture, entrepreneurialuniversity","kampusberdampak, sustainabilityuniversity",0.13522599925289502,0.10347403810235338,0.1035,0.7652,7.395,1.0,0.08948165790323051,3.8181458612582126,1.0,0.7651933701657458,0.7380927716390424,0.8825966850828729,"#contributetotheworld, #creatingthefuture, #entrepreneurialuniversity","#kampusberdampak, #sustainabilityuniversity"
"entrepreneurialuniversity, kampusswastaterbaik, safeaiuniversity","contributetotheworld, creatingthefuture",0.10310048561822936,0.13522599925289502,0.1031,1.0,7.395,1.0,0.08915861942704556,inf,0.9641815910037485,0.7624309392265194,1.0,0.8812154696132597,"#entrepreneurialuniversity, #kampusswastaterbaik, #safeaiuniversity","#contributetotheworld, #creatingthefuture"
"contributetotheworld, creatingthefuture, entrepreneurialuniversity","kampusswastaterbaik, safeaiuniversity",0.13522599925289502,0.10310048561822936,0.1031,0.7624,7.395,1.0,0.08915861942704556,3.775321211700012,1.0,0.7624309392265194,0.7351218760139077,0.8812154696132597,"#contributetotheworld, #creatingthefuture, #entrepreneurialuniversity","#kampusswastaterbaik, #safeaiuniversity"
"contributetotheworld, creatingthefuture","entrepreneurialuniversity, kampusswastaterbaik, safeaiuniversity",0.13522599925289502,0.10310048561822936,0.1031,0.7624,7.395,1.0,0.08915861942704556,3.775321211700012,1.0,0.7624309392265194,0.7351218760139077,0.8812154696132597,"#contributetotheworld, #creatingthefuture","#entrepreneurialuniversity, #kampusswastaterbaik, #safeaiuniversity"
"contributetotheworld, entrepreneurialuniversity","creatingthefuture, kampusswastaterbaik, safeaiuniversity",0.13522599925289502,0.10310048561822936,0.1031,0.7624,7.395,1.0,0.08915861942704556,3.775321211700012,1.0,0.7624309392265194,0.7351218760139077,0.8812154696132597,"#contributetotheworld, #entrepreneurialuniversity","#creatingthefuture, #kampusswastaterbaik, #safeaiuniversity"
"kampusswastaterbaik, safeaiuniversity","contributetotheworld, creatingthefuture, entrepreneurialuniversity",0.10310048561822936,0.13522599925289502,0.1031,1.0,7.395,1.0,0.08915861942704556,inf,0.9641815910037485,0.7624309392265194,1.0,0.8812154696132597,"#kampusswastaterbaik, #safeaiuniversity","#contributetotheworld, #creatingthefuture, #entrepreneurialuniversity"
"contributetotheworld, creatingthefuture","entrepreneurialuniversity, kampusberdampak",0.13522599925289502,0.10347403810235338,0.1035,0.7652,7.395,1.0,0.08948165790323051,3.8181458612582126,1.0,0.7651933701657458,0.7380927716390424,0.8825966850828729,"#contributetotheworld, #creatingthefuture","#entrepreneurialuniversity, #kampusberdampak"
"kampusberdampak, kampusswastaterbaik, sustainabilityuniversity","contributetotheworld, creatingthefuture",0.10347403810235338,0.13522599925289502,0.1035,1.0,7.395,1.0,0.08948165790323051,inf,0.9645833333333333,0.7651933701657458,1.0,0.8825966850828729,"#kampusberdampak, #kampusswastaterbaik, #sustainabilityuniversity","#contributetotheworld, #creatingthefuture"
"creatingthefuture, safeaiuniversity, sustainabilityuniversity","contributetotheworld, entrepreneurialuniversity",0.10310048561822936,0.13522599925289502,0.1031,1.0,7.395,1.0,0.08915861942704556,inf,0.9641815910037485,0.7624309392265194,1.0,0.8812154696132597,"#creatingthefuture, #safeaiuniversity, #sustainabilityuniversity","#contributetotheworld, #entrepreneurialuniversity"
"contributetotheworld, entrepreneurialuniversity","creatingthefuture, safeaiuniversity, sustainabilityuniversity",0.13522599925289502,0.10310048561822936,0.1031,0.7624,7.395,1.0,0.08915861942704556,3.775321211700012,1.0,0.7624309392265194,0.7351218760139077,0.8812154696132597,"#contributetotheworld, #entrepreneurialuniversity","#creatingthefuture, #safeaiuniversity, #sustainabilityuniversity"
"kampusberdampak, safeaiuniversity","contributetotheworld, entrepreneurialuniversity",0.10310048561822936,0.13522599925289502,0.1031,1.0,7.395,1.0,0.08915861942704556,inf,0.9641815910037485,0.7624309392265194,1.0,0.8812154696132597,"#kampusberdampak, #safeaiuniversity","#contributetotheworld, #entrepreneurialuniversity"
"contributetotheworld, creatingthefuture, entrepreneurialuniversity","kampusberdampak, kampusswastaterbaik, safeaiuniversity",0.13522599925289502,0.10310048561822936,0.1031,0.7624,7.395,1.0,0.08915861942704556,3.775321211700012,1.0,0.7624309392265194,0.7351218760139077,0.8812154696132597,"#contributetotheworld, #creatingthefuture, #entrepreneurialuniversity","#kampusberdampak, #kampusswastaterbaik, #safeaiuniversity"
"entrepreneurialuniversity, kampusberdampak, kampusswastaterbaik, safeaiuniversity, sustainabilityuniversity","contributetotheworld, creatingthefuture",0.10310048561822936,0.13522599925289502,0.1031,1.0,7.395,1.0,0.08915861942704556,inf,0.9641815910037485,0.7624309392265194,1.0,0.8812154696132597,"#entrepreneurialuniversity, #kampusberdampak, #kampusswastaterbaik, #safeaiuniversity, #sustainabilityuniversity","#contributetotheworld, #creatingthefuture"
"creatingthefuture, kampusswastaterbaik, safeaiuniversity","contributetotheworld, entrepreneurialuniversity",0.10310048561822936,0.13522599925289502,0.1031,1.0,7.395,1.0,0.08915861942704556,inf,0.9641815910037485,0.7624309392265194,1.0,0.8812154696132597,"#creatingthefuture, #kampusswastaterbaik, #safeaiuniversity","#contributetotheworld, #entrepreneurialuniversity"
"entrepreneurialuniversity, kampusberdampak","contributetotheworld, creatingthefuture",0.10347403810235338,0.13522599925289502,0.1035,1.0,7.395,1.0,0.08948165790323051,inf,0.9645833333333333,0.7651933701657458,1.0,0.8825966850828729,"#entrepreneurialuniversity, #kampusberdampak","#contributetotheworld, #creatingthefuture"
"entrepreneurialuniversity, kampusswastaterbaik, safeaiuniversity, sustainabilityuniversity","contributetotheworld, creatingthefuture",0.10310048561822936,0.13522599925289502,0.1031,1.0,7.395,1.0,0.08915861942704556,inf,0.9641815910037485,0.7624309392265194,1.0,0.8812154696132597,"#entrepreneurialuniversity, #kampusswastaterbaik, #safeaiuniversity, #sustainabilityuniversity","#contributetotheworld, #creatingthefuture"
"contributetotheworld, creatingthefuture","kampusberdampak, kampusswastaterbaik, sustainabilityuniversity",0.13522599925289502,0.10347403810235338,0.1035,0.7652,7.395,1.0,0.08948165790323051,3.8181458612582126,1.0,0.7651933701657458,0.7380927716390424,0.8825966850828729,"#contributetotheworld, #creatingthefuture","#kampusberdampak, #kampusswastaterbaik, #sustainabilityuniversity"
"creatingthefuture, kampusswastaterbaik, safeaiuniversity, sustainabilityuniversity","contributetotheworld, entrepreneurialuniversity",0.10310048561822936,0.13522599925289502,0.1031,1.0,7.395,1.0,0.08915861942704556,inf,0.9641815910037485,0.7624309392265194,1.0,0.8812154696132597,"#creatingthefuture, #kampusswastaterbaik, #safeaiuniversity, #sustainabilityuniversity","#contributetotheworld, #entrepreneurialuniversity"
"kampusberdampak, sustainabilityuniversity","contributetotheworld, entrepreneurialuniversity",0.10347403810235338,0.13522599925289502,0.1035,1.0,7.395,1.0,0.08948165790323051,inf,0.9645833333333333,0.7651933701657458,1.0,0.8825966850828729,"#kampusberdampak, #sustainabilityuniversity","#contributetotheworld, #entrepreneurialuniversity"
"entrepreneurialuniversity, kampusberdampak, kampusswastaterbaik, sustainabilityuniversity","contributetotheworld, creatingthefuture",0.10347403810235338,0.13522599925289502,0.1035,1.0,7.395,1.0,0.08948165790323051,inf,0.9645833333333333,0.7651933701657458,1.0,0.8825966850828729,"#entrepreneurialuniversity, #kampusberdampak, #kampusswastaterbaik, #sustainabilityuniversity","#contributetotheworld, #creatingthefuture"
"creatingthefuture, kampusberdampak, kampusswastaterbaik, sustainabilityuniversity","contributetotheworld, entrepreneurialuniversity",0.10347403810235338,0.13522599925289502,0.1035,1.0,7.395,1.0,0.08948165790323051,inf,0.9645833333333333,0.7651933701657458,1.0,0.8825966850828729,"#creatingthefuture, #kampusberdampak, #kampusswastaterbaik, #sustainabilityuniversity","#contributetotheworld, #entrepreneurialuniversity"
"contributetotheworld, entrepreneurialuniversity","kampusberdampak, kampusswastaterbaik, safeaiuniversity, sustainabilityuniversity",0.13522599925289502,0.10310048561822936,0.1031,0.7624,7.395,1.0,0.08915861942704556,3.775321211700012,1.0,0.7624309392265194,0.7351218760139077,0.8812154696132597,"#contributetotheworld, #entrepreneurialuniversity","#kampusberdampak, #kampusswastaterbaik, #safeaiuniversity, #sustainabilityuniversity"
"contributetotheworld, creatingthefuture","kampusberdampak, safeaiuniversity, sustainabilityuniversity",0.13522599925289502,0.10310048561822936,0.1031,0.7624,7.395,1.0,0.08915861942704556,3.775321211700012,1.0,0.7624309392265194,0.7351218760139077,0.8812154696132597,"#contributetotheworld, #creatingthefuture","#kampusberdampak, #safeaiuniversity, #sustainabilityuniversity"
"contributetotheworld, creatingthefuture","kampusswastaterbaik, safeaiuniversity, sustainabilityuniversity",0.13522599925289502,0.10310048561822936,0.1031,0.7624,7.395,1.0,0.08915861942704556,3.775321211700012,1.0,0.7624309392265194,0.7351218760139077,0.8812154696132597,"#contributetotheworld, #creatingthefuture","#kampusswastaterbaik, #safeaiuniversity, #sustainabilityuniversity"
"kampusberdampak, safeaiuniversity, sustainabilityuniversity","contributetotheworld, creatingthefuture",0.10310048561822936,0.13522599925289502,0.1031,1.0,7.395,1.0,0.08915861942704556,inf,0.9641815910037485,0.7624309392265194,1.0,0.8812154696132597,"#kampusberdampak, #safeaiuniversity, #sustainabilityuniversity","#contributetotheworld, #creatingthefuture"
"kampusswastaterbaik, safeaiuniversity, sustainabilityuniversity","contributetotheworld, creatingthefuture",0.10310048561822936,0.13522599925289502,0.1031,1.0,7.395,1.0,0.08915861942704556,inf,0.9641815910037485,0.7624309392265194,1.0,0.8812154696132597,"#kampusswastaterbaik, #safeaiuniversity, #sustainabilityuniversity","#contributetotheworld, #creatingthefuture"
"creatingthefuture, kampusberdampak, kampusswastaterbaik, safeaiuniversity, sustainabilityuniversity","contributetotheworld, entrepreneurialuniversity",0.10310048561822936,0.13522599925289502,0.1031,1.0,7.395,1.0,0.08915861942704556,inf,0.9641815910037485,0.7624309392265194,1.0,0.8812154696132597,"#creatingthefuture, #kampusberdampak, #kampusswastaterbaik, #safeaiuniversity, #sustainabilityuniversity","#contributetotheworld, #entrepreneurialuniversity"
"kampusswastaterbaik, safeaiuniversity","contributetotheworld, entrepreneurialuniversity",0.10310048561822936,0.13522599925289502,0.1031,1.0,7.395,1.0,0.08915861942704556,inf,0.9641815910037485,0.7624309392265194,1.0,0.8812154696132597,"#kampusswastaterbaik, #safeaiuniversity","#contributetotheworld, #entrepreneurialuniversity"
"contributetotheworld, entrepreneurialuniversity","kampusswastaterbaik, safeaiuniversity",0.13522599925289502,0.10310048561822936,0.1031,0.7624,7.395,1.0,0.08915861942704556,3.775321211700012,1.0,0.7624309392265194,0.7351218760139077,0.8812154696132597,"#contributetotheworld, #entrepreneurialuniversity","#kampusswastaterbaik, #safeaiuniversity"
"contributetotheworld, entrepreneurialuniversity","kampusberdampak, safeaiuniversity",0.13522599925289502,0.10310048561822936,0.1031,0.7624,7.395,1.0,0.08915861942704556,3.775321211700012,1.0,0.7624309392265194,0.7351218760139077,0.8812154696132597,"#contributetotheworld, #entrepreneurialuniversity","#kampusberdampak, #safeaiuniversity"
"contributetotheworld, creatingthefuture","safeaiuniversity, sustainabilityuniversity",0.13522599925289502,0.10310048561822936,0.1031,0.7624,7.395,1.0,0.08915861942704556,3.775321211700012,1.0,0.7624309392265194,0.7351218760139077,0.8812154696132597,"#contributetotheworld, #creatingthefuture","#safeaiuniversity, #sustainabilityuniversity"
"safeaiuniversity, sustainabilityuniversity","contributetotheworld, creatingthefuture",0.10310048561822936,0.13522599925289502,0.1031,1.0,7.395,1.0,0.08915861942704556,inf,0.9641815910037485,0.7624309392265194,1.0,0.8812154696132597,"#safeaiuniversity, #sustainabilityuniversity","#contributetotheworld, #creatingthefuture"
"entrepreneurialuniversity, safeaiuniversity, sustainabilityuniversity","contributetotheworld, creatingthefuture",0.10310048561822936,0.13522599925289502,0.1031,1.0,7.395,1.0,0.08915861942704556,inf,0.9641815910037485,0.7624309392265194,1.0,0.8812154696132597,"#entrepreneurialuniversity, #safeaiuniversity, #sustainabilityuniversity","#contributetotheworld, #creatingthefuture"
"contributetotheworld, entrepreneurialuniversity","creatingthefuture, kampusberdampak, sustainabilityuniversity",0.13522599925289502,0.10347403810235338,0.1035,0.7652,7.395,1.0,0.08948165790323051,3.8181458612582126,1.0,0.7651933701657458,0.7380927716390424,0.8825966850828729,"#contributetotheworld, #entrepreneurialuniversity","#creatingthefuture, #kampusberdampak, #sustainabilityuniversity"
"creatingthefuture, kampusberdampak, sustainabilityuniversity","contributetotheworld, entrepreneurialuniversity",0.10347403810235338,0.13522599925289502,0.1035,1.0,7.395,1.0,0.08948165790323051,inf,0.9645833333333333,0.7651933701657458,1.0,0.8825966850828729,"#creatingthefuture, #kampusberdampak, #sustainabilityuniversity","#contributetotheworld, #entrepreneurialuniversity"
"contributetotheworld, entrepreneurialuniversity","creatingthefuture, kampusberdampak, safeaiuniversity",0.13522599925289502,0.10310048561822936,0.1031,0.7624,7.395,1.0,0.08915861942704556,3.775321211700012,1.0,0.7624309392265194,0.7351218760139077,0.8812154696132597,"#contributetotheworld, #entrepreneurialuniversity","#creatingthefuture, #kampusberdampak, #safeaiuniversity"
"contributetotheworld, creatingthefuture","entrepreneurialuniversity, kampusberdampak, kampusswastaterbaik",0.13522599925289502,0.10347403810235338,0.1035,0.7652,7.395,1.0,0.08948165790323051,3.8181458612582126,1.0,0.7651933701657458,0.7380927716390424,0.8825966850828729,"#contributetotheworld, #creatingthefuture","#entrepreneurialuniversity, #kampusberdampak, #kampusswastaterbaik"
"entrepreneurialuniversity, kampusberdampak, sustainabilityuniversity","contributetotheworld, creatingthefuture",0.10347403810235338,0.13522599925289502,0.1035,1.0,7.395,1.0,0.08948165790323051,inf,0.9645833333333333,0.7651933701657458,1.0,0.8825966850828729,"#entrepreneurialuniversity, #kampusberdampak, #sustainabilityuniversity","#contributetotheworld, #creatingthefuture"
"contributetotheworld, entrepreneurialuniversity","creatingthefuture, kampusswastaterbaik, safeaiuniversity, sustainabilityuniversity",0.13522599925289502,0.10310048561822936,0.1031,0.7624,7.395,1.0,0.08915861942704556,3.775321211700012,1.0,0.7624309392265194,0.7351218760139077,0.8812154696132597,"#contributetotheworld, #entrepreneurialuniversity","#creatingthefuture, #kampusswastaterbaik, #safeaiuniversity, #sustainabilityuniversity"
"creatingthefuture, kampusberdampak, safeaiuniversity","contributetotheworld, entrepreneurialuniversity",0.10310048561822936,0.13522599925289502,0.1031,1.0,7.395,1.0,0.08915861942704556,inf,0.9641815910037485,0.7624309392265194,1.0,0.8812154696132597,"#creatingthefuture, #kampusberdampak, #safeaiuniversity","#contributetotheworld, #entrepreneurialuniversity"
"entrepreneurialuniversity, kampusberdampak, kampusswastaterbaik","contributetotheworld, creatingthefuture",0.10347403810235338,0.13522599925289502,0.1035,1.0,7.395,1.0,0.08948165790323051,inf,0.9645833333333333,0.7651933701657458,1.0,0.8825966850828729,"#entrepreneurialuniversity, #kampusberdampak, #kampusswastaterbaik","#contributetotheworld, #creatingthefuture"
"creatingthefuture, kampusberdampak, safeaiuniversity, sustainabilityuniversity","contributetotheworld, entrepreneurialuniversity",0.10310048561822936,0.13522599925289502,0.1031,1.0,7.395,1.0,0.08915861942704556,inf,0.9641815910037485,0.7624309392265194,1.0,0.8812154696132597,"#creatingthefuture, #kampusberdampak, #safeaiuniversity, #sustainabilityuniversity","#contributetotheworld, #entrepreneurialuniversity"
"entrepreneurialuniversity, kampusberdampak, safeaiuniversity, sustainabilityuniversity","contributetotheworld, creatingthefuture",0.10310048561822936,0.13522599925289502,0.1031,1.0,7.395,1.0,0.08915861942704556,inf,0.9641815910037485,0.7624309392265194,1.0,0.8812154696132597,"#entrepreneurialuniversity, #kampusberdampak, #safeaiuniversity, #sustainabilityuniversity","#contributetotheworld, #creatingthefuture"
"contributetotheworld, creatingthefuture","kampusberdampak, sustainabilityuniversity",0.13522599925289502,0.10347403810235338,0.1035,0.7652,7.395,1.0,0.08948165790323051,3.8181458612582126,1.0,0.7651933701657458,0.7380927716390424,0.8825966850828729,"#contributetotheworld, #creatingthefuture","#kampusberdampak, #sustainabilityuniversity"
"kampusberdampak, sustainabilityuniversity","contributetotheworld, creatingthefuture",0.10347403810235338,0.13522599925289502,0.1035,1.0,7.395,1.0,0.08948165790323051,inf,0.9645833333333333,0.7651933701657458,1.0,0.8825966850828729,"#kampusberdampak, #sustainabilityuniversity","#contributetotheworld, #creatingthefuture"
safeaiuniversity,"contributetotheworld, creatingthefuture",0.10310048561822936,0.13522599925289502,0.1031,1.0,7.395,1.0,0.08915861942704556,inf,0.9641815910037485,0.7624309392265194,1.0,0.8812154696132597,#safeaiuniversity,"#contributetotheworld, #creatingthefuture"
"kampusberdampak, kampusswastaterbaik, safeaiuniversity","contributetotheworld, creatingthefuture, entrepreneurialuniversity",0.10310048561822936,0.13522599925289502,0.1031,1.0,7.395,1.0,0.08915861942704556,inf,0.9641815910037485,0.7624309392265194,1.0,0.8812154696132597,"#kampusberdampak, #kampusswastaterbaik, #safeaiuniversity","#contributetotheworld, #creatingthefuture, #entrepreneurialuniversity"
"contributetotheworld, creatingthefuture","entrepreneurialuniversity, kampusberdampak, kampusswastaterbaik, safeaiuniversity",0.13522599925289502,0.10310048561822936,0.1031,0.7624,7.395,1.0,0.08915861942704556,3.775321211700012,1.0,0.7624309392265194,0.7351218760139077,0.8812154696132597,"#contributetotheworld, #creatingthefuture","#entrepreneurialuniversity, #kampusberdampak, #kampusswastaterbaik, #safeaiuniversity"
"contributetotheworld, entrepreneurialuniversity","creatingthefuture, kampusberdampak, kampusswastaterbaik, safeaiuniversity",0.13522599925289502,0.10310048561822936,0.1031,0.7624,7.395,1.0,0.08915861942704556,3.775321211700012,1.0,0.7624309392265194,0.7351218760139077,0.8812154696132597,"#contributetotheworld, #entrepreneurialuniversity","#creatingthefuture, #kampusberdampak, #kampusswastaterbaik, #safeaiuniversity"
"contributetotheworld, creatingthefuture, entrepreneurialuniversity","safeaiuniversity, sustainabilityuniversity",0.13522599925289502,0.10310048561822936,0.1031,0.7624,7.395,1.0,0.08915861942704556,3.775321211700012,1.0,0.7624309392265194,0.7351218760139077,0.8812154696132597,"#contributetotheworld, #creatingthefuture, #entrepreneurialuniversity","#safeaiuniversity, #sustainabilityuniversity"
"contributetotheworld, creatingthefuture, entrepreneurialuniversity","kampusswastaterbaik, safeaiuniversity, sustainabilityuniversity",0.13522599925289502,0.10310048561822936,0.1031,0.7624,7.395,1.0,0.08915861942704556,3.775321211700012,1.0,0.7624309392265194,0.7351218760139077,0.8812154696132597,"#contributetotheworld, #creatingthefuture, #entrepreneurialuniversity","#kampusswastaterbaik, #safeaiuniversity, #sustainabilityuniversity"
"kampusberdampak, kampusswastaterbaik, safeaiuniversity, sustainabilityuniversity","contributetotheworld, creatingthefuture",0.10310048561822936,0.13522599925289502,0.1031,1.0,7.395,1.0,0.08915861942704556,inf,0.9641815910037485,0.7624309392265194,1.0,0.8812154696132597,"#kampusberdampak, #kampusswastaterbaik, #safeaiuniversity, #sustainabilityuniversity","#contributetotheworld, #creatingthefuture"
"contributetotheworld, creatingthefuture","entrepreneurialuniversity, kampusswastaterbaik, safeaiuniversity, sustainabilityuniversity",0.13522599925289502,0.10310048561822936,0.1031,0.7624,7.395,1.0,0.08915861942704556,3.775321211700012,1.0,0.7624309392265194,0.7351218760139077,0.8812154696132597,"#contributetotheworld, #creatingthefuture","#entrepreneurialuniversity, #kampusswastaterbaik, #safeaiuniversity, #sustainabilityuniversity"
"kampusswastaterbaik, safeaiuniversity, sustainabilityuniversity","contributetotheworld, creatingthefuture, entrepreneurialuniversity",0.10310048561822936,0.13522599925289502,0.1031,1.0,7.395,1.0,0.08915861942704556,inf,0.9641815910037485,0.7624309392265194,1.0,0.8812154696132597,"#kampusswastaterbaik, #safeaiuniversity, #sustainabilityuniversity","#contributetotheworld, #creatingthefuture, #entrepreneurialuniversity"
"contributetotheworld, creatingthefuture","entrepreneurialuniversity, safeaiuniversity, sustainabilityuniversity",0.13522599925289502,0.10310048561822936,0.1031,0.7624,7.395,1.0,0.08915861942704556,3.775321211700012,1.0,0.7624309392265194,0.7351218760139077,0.8812154696132597,"#contributetotheworld, #creatingthefuture","#entrepreneurialuniversity, #safeaiuniversity, #sustainabilityuniversity"
"safeaiuniversity, sustainabilityuniversity","contributetotheworld, creatingthefuture, entrepreneurialuniversity",0.10310048561822936,0.13522599925289502,0.1031,1.0,7.395,1.0,0.08915861942704556,inf,0.9641815910037485,0.7624309392265194,1.0,0.8812154696132597,"#safeaiuniversity, #sustainabilityuniversity","#contributetotheworld, #creatingthefuture, #entrepreneurialuniversity"
"contributetotheworld, creatingthefuture","kampusberdampak, kampusswastaterbaik, safeaiuniversity",0.13522599925289502,0.10310048561822936,0.1031,0.7624,7.395,1.0,0.08915861942704556,3.775321211700012,1.0,0.7624309392265194,0.7351218760139077,0.8812154696132597,"#contributetotheworld, #creatingthefuture","#kampusberdampak, #kampusswastaterbaik, #safeaiuniversity"
"contributetotheworld, creatingthefuture, entrepreneurialuniversity",safeaiuniversity,0.13522599925289502,0.10310048561822936,0.1031,0.7624,7.395,1.0,0.08915861942704556,3.775321211700012,1.0,0.7624309392265194,0.7351218760139077,0.8812154696132597,"#contributetotheworld, #creatingthefuture, #entrepreneurialuniversity",#safeaiuniversity
"contributetotheworld, sustainabilityuniversity","creatingthefuture, kampusberdampak, kampusswastaterbaik",0.134852446768771,0.1038475905864774,0.1035,0.7673,7.3888,1.0,0.08946993642072532,3.851321664265258,0.9994372845002277,0.7651933701657458,0.7403488757434711,0.8818579485442117,"#contributetotheworld, #sustainabilityuniversity","#creatingthefuture, #kampusberdampak, #kampusswastaterbaik"
"creatingthefuture, kampusberdampak, kampusswastaterbaik","contributetotheworld, sustainabilityuniversity",0.1038475905864774,0.134852446768771,0.1035,0.9964,7.3888,1.0,0.08946993642072532,240.51101979828314,0.9648590041277729,0.7651933701657458,0.9958421863545434,0.8818579485442117,"#creatingthefuture, #kampusberdampak, #kampusswastaterbaik","#contributetotheworld, #sustainabilityuniversity"
"creatingthefuture, kampusberdampak","contributetotheworld, sustainabilityuniversity",0.1038475905864774,0.134852446768771,0.1035,0.9964,7.3888,1.0,0.08946993642072532,240.51101979828314,0.9648590041277729,0.7651933701657458,0.9958421863545434,0.8818579485442117,"#creatingthefuture, #kampusberdampak","#contributetotheworld, #sustainabilityuniversity"
"creatingthefuture, kampusberdampak, kampusswastaterbaik","contributetotheworld, entrepreneurialuniversity, sustainabilityuniversity",0.1038475905864774,0.134852446768771,0.1035,0.9964,7.3888,1.0,0.08946993642072532,240.51101979828314,0.9648590041277729,0.7651933701657458,0.9958421863545434,0.8818579485442117,"#creatingthefuture, #kampusberdampak, #kampusswastaterbaik","#contributetotheworld, #entrepreneurialuniversity, #sustainabilityuniversity"
"contributetotheworld, entrepreneurialuniversity, sustainabilityuniversity","creatingthefuture, kampusberdampak, kampusswastaterbaik",0.134852446768771,0.1038475905864774,0.1035,0.7673,7.3888,1.0,0.08946993642072532,3.851321664265258,0.9994372845002277,0.7651933701657458,0.7403488757434711,0.8818579485442117,"#contributetotheworld, #entrepreneurialuniversity, #sustainabilityuniversity","#creatingthefuture, #kampusberdampak, #kampusswastaterbaik"
"creatingthefuture, kampusberdampak","contributetotheworld, entrepreneurialuniversity, sustainabilityuniversity",0.1038475905864774,0.134852446768771,0.1035,0.9964,7.3888,1.0,0.08946993642072532,240.51101979828314,0.9648590041277729,0.7651933701657458,0.9958421863545434,0.8818579485442117,"#creatingthefuture, #kampusberdampak","#contributetotheworld, #entrepreneurialuniversity, #sustainabilityuniversity"
"contributetotheworld, entrepreneurialuniversity, sustainabilityuniversity","creatingthefuture, kampusberdampak",0.134852446768771,0.1038475905864774,0.1035,0.7673,7.3888,1.0,0.08946993642072532,3.851321664265258,0.9994372845002277,0.7651933701657458,0.7403488757434711,0.8818579485442117,"#contributetotheworld, #entrepreneurialuniversity, #sustainabilityuniversity","#creatingthefuture, #kampusberdampak"
"contributetotheworld, sustainabilityuniversity","creatingthefuture, kampusberdampak",0.134852446768771,0.1038475905864774,0.1035,0.7673,7.3888,1.0,0.08946993642072532,3.851321664265258,0.9994372845002277,0.7651933701657458,0.7403488757434711,0.8818579485442117,"#contributetotheworld, #sustainabilityuniversity","#creatingthefuture, #kampusberdampak"
"creatingthefuture, kampusberdampak, kampusswastaterbaik","contributetotheworld, entrepreneurialuniversity",0.1038475905864774,0.13522599925289502,0.1035,0.9964,7.3684,1.0,0.08943114389529144,240.40717220769668,0.9644406589388179,0.7630853994490359,0.9958403903227311,0.8807981239317938,"#creatingthefuture, #kampusberdampak, #kampusswastaterbaik","#contributetotheworld, #entrepreneurialuniversity"
"creatingthefuture, kampusberdampak","contributetotheworld, entrepreneurialuniversity",0.1038475905864774,0.13522599925289502,0.1035,0.9964,7.3684,1.0,0.08943114389529144,240.40717220769668,0.9644406589388179,0.7630853994490359,0.9958403903227311,0.8807981239317938,"#creatingthefuture, #kampusberdampak","#contributetotheworld, #entrepreneurialuniversity"
"contributetotheworld, entrepreneurialuniversity","creatingthefuture, kampusberdampak, kampusswastaterbaik",0.13522599925289502,0.1038475905864774,0.1035,0.7652,7.3684,1.0,0.08943114389529144,3.816554967149355,0.999435481984546,0.7630853994490359,0.7379835981382666,0.8807981239317938,"#contributetotheworld, #entrepreneurialuniversity","#creatingthefuture, #kampusberdampak, #kampusswastaterbaik"
"contributetotheworld, entrepreneurialuniversity","creatingthefuture, kampusberdampak",0.13522599925289502,0.1038475905864774,0.1035,0.7652,7.3684,1.0,0.08943114389529144,3.816554967149355,0.999435481984546,0.7630853994490359,0.7379835981382666,0.8807981239317938,"#contributetotheworld, #entrepreneurialuniversity","#creatingthefuture, #kampusberdampak"
"kampusswastaterbaik, sustainabilityuniversity","contributetotheworld, entrepreneurialuniversity, kampusberdampak",0.13784086664176318,0.10347403810235338,0.1035,0.7507,7.2547,1.0,0.08921108701540216,3.595848695002517,1.0,0.7506775067750678,0.7219015356820234,0.8753387533875339,"#kampusswastaterbaik, #sustainabilityuniversity","#contributetotheworld, #entrepreneurialuniversity, #kampusberdampak"
"kampusswastaterbaik, sustainabilityuniversity","contributetotheworld, kampusberdampak, safeaiuniversity",0.13784086664176318,0.10310048561822936,0.1031,0.748,7.2547,1.0,0.08888902532942598,3.5586658151276698,1.0,0.7479674796747968,0.7189958113658604,0.8739837398373984,"#kampusswastaterbaik, #sustainabilityuniversity","#contributetotheworld, #kampusberdampak, #safeaiuniversity"
"contributetotheworld, kampusberdampak, safeaiuniversity","kampusswastaterbaik, sustainabilityuniversity",0.10310048561822936,0.13784086664176318,0.1031,1.0,7.2547,1.0,0.08888902532942598,inf,0.9612661391087047,0.7479674796747968,1.0,0.8739837398373984,"#contributetotheworld, #kampusberdampak, #safeaiuniversity","#kampusswastaterbaik, #sustainabilityuniversity"
"kampusberdampak, safeaiuniversity","creatingthefuture, entrepreneurialuniversity, kampusswastaterbaik, sustainabilityuniversity",0.10310048561822936,0.13784086664176318,0.1031,1.0,7.2547,1.0,0.08888902532942598,inf,0.9612661391087047,0.7479674796747968,1.0,0.8739837398373984,"#kampusberdampak, #safeaiuniversity","#creatingthefuture, #entrepreneurialuniversity, #kampusswastaterbaik, #sustainabilityuniversity"
"creatingthefuture, kampusswastaterbaik, sustainabilityuniversity","entrepreneurialuniversity, kampusberdampak, safeaiuniversity",0.13784086664176318,0.10310048561822936,0.1031,0.748,7.2547,1.0,0.08888902532942598,3.5586658151276698,1.0,0.7479674796747968,0.7189958113658604,0.8739837398373984,"#creatingthefuture, #kampusswastaterbaik, #sustainabilityuniversity","#entrepreneurialuniversity, #kampusberdampak, #safeaiuniversity"
"kampusswastaterbaik, sustainabilityuniversity","creatingthefuture, entrepreneurialuniversity, kampusberdampak, safeaiuniversity",0.13784086664176318,0.10310048561822936,0.1031,0.748,7.2547,1.0,0.08888902532942598,3.5586658151276698,1.0,0.7479674796747968,0.7189958113658604,0.8739837398373984,"#kampusswastaterbaik, #sustainabilityuniversity","#creatingthefuture, #entrepreneurialuniversity, #kampusberdampak, #safeaiuniversity"
"contributetotheworld, entrepreneurialuniversity, kampusberdampak","creatingthefuture, kampusswastaterbaik, sustainabilityuniversity",0.10347403810235338,0.13784086664176318,0.1035,1.0,7.2547,1.0,0.08921108701540216,inf,0.9616666666666666,0.7506775067750678,1.0,0.8753387533875339,"#contributetotheworld, #entrepreneurialuniversity, #kampusberdampak","#creatingthefuture, #kampusswastaterbaik, #sustainabilityuniversity"
"creatingthefuture, kampusswastaterbaik, sustainabilityuniversity","contributetotheworld, safeaiuniversity",0.13784086664176318,0.10310048561822936,0.1031,0.748,7.2547,1.0,0.08888902532942598,3.5586658151276698,1.0,0.7479674796747968,0.7189958113658604,0.8739837398373984,"#creatingthefuture, #kampusswastaterbaik, #sustainabilityuniversity","#contributetotheworld, #safeaiuniversity"
"entrepreneurialuniversity, kampusswastaterbaik, sustainabilityuniversity","contributetotheworld, creatingthefuture, kampusberdampak",0.13784086664176318,0.10347403810235338,0.1035,0.7507,7.2547,1.0,0.08921108701540216,3.595848695002517,1.0,0.7506775067750678,0.7219015356820234,0.8753387533875339,"#entrepreneurialuniversity, #kampusswastaterbaik, #sustainabilityuniversity","#contributetotheworld, #creatingthefuture, #kampusberdampak"
"contributetotheworld, safeaiuniversity","kampusswastaterbaik, sustainabilityuniversity",0.10310048561822936,0.13784086664176318,0.1031,1.0,7.2547,1.0,0.08888902532942598,inf,0.9612661391087047,0.7479674796747968,1.0,0.8739837398373984,"#contributetotheworld, #safeaiuniversity","#kampusswastaterbaik, #sustainabilityuniversity"
"contributetotheworld, entrepreneurialuniversity, safeaiuniversity","kampusswastaterbaik, sustainabilityuniversity",0.10310048561822936,0.13784086664176318,0.1031,1.0,7.2547,1.0,0.08888902532942598,inf,0.9612661391087047,0.7479674796747968,1.0,0.8739837398373984,"#contributetotheworld, #entrepreneurialuniversity, #safeaiuniversity","#kampusswastaterbaik, #sustainabilityuniversity"
"contributetotheworld, creatingthefuture, kampusberdampak","entrepreneurialuniversity, kampusswastaterbaik, sustainabilityuniversity",0.10347403810235338,0.13784086664176318,0.1035,1.0,7.2547,1.0,0.08921108701540216,inf,0.9616666666666666,0.7506775067750678,1.0,0.8753387533875339,"#contributetotheworld, #creatingthefuture, #kampusberdampak","#entrepreneurialuniversity, #kampusswastaterbaik, #sustainabilityuniversity"
"kampusswastaterbaik, sustainabilityuniversity","contributetotheworld, creatingthefuture, entrepreneurialuniversity, kampusberdampak",0.13784086664176318,0.10347403810235338,0.1035,0.7507,7.2547,1.0,0.08921108701540216,3.595848695002517,1.0,0.7506775067750678,0.7219015356820234,0.8753387533875339,"#kampusswastaterbaik, #sustainabilityuniversity","#contributetotheworld, #creatingthefuture, #entrepreneurialuniversity, #kampusberdampak"
"contributetotheworld, kampusberdampak, safeaiuniversity","entrepreneurialuniversity, kampusswastaterbaik, sustainabilityuniversity",0.10310048561822936,0.13784086664176318,0.1031,1.0,7.2547,1.0,0.08888902532942598,inf,0.9612661391087047,0.7479674796747968,1.0,0.8739837398373984,"#contributetotheworld, #kampusberdampak, #safeaiuniversity","#entrepreneurialuniversity, #kampusswastaterbaik, #sustainabilityuniversity"
"entrepreneurialuniversity, kampusswastaterbaik, sustainabilityuniversity","contributetotheworld, safeaiuniversity",0.13784086664176318,0.10310048561822936,0.1031,0.748,7.2547,1.0,0.08888902532942598,3.5586658151276698,1.0,0.7479674796747968,0.7189958113658604,0.8739837398373984,"#entrepreneurialuniversity, #kampusswastaterbaik, #sustainabilityuniversity","#contributetotheworld, #safeaiuniversity"
"entrepreneurialuniversity, kampusswastaterbaik, sustainabilityuniversity","contributetotheworld, kampusberdampak, safeaiuniversity",0.13784086664176318,0.10310048561822936,0.1031,0.748,7.2547,1.0,0.08888902532942598,3.5586658151276698,1.0,0.7479674796747968,0.7189958113658604,0.8739837398373984,"#entrepreneurialuniversity, #kampusswastaterbaik, #sustainabilityuniversity","#contributetotheworld, #kampusberdampak, #safeaiuniversity"
"contributetotheworld, safeaiuniversity","entrepreneurialuniversity, kampusswastaterbaik, sustainabilityuniversity",0.10310048561822936,0.13784086664176318,0.1031,1.0,7.2547,1.0,0.08888902532942598,inf,0.9612661391087047,0.7479674796747968,1.0,0.8739837398373984,"#contributetotheworld, #safeaiuniversity","#entrepreneurialuniversity, #kampusswastaterbaik, #sustainabilityuniversity"
"contributetotheworld, creatingthefuture, entrepreneurialuniversity, safeaiuniversity","kampusswastaterbaik, sustainabilityuniversity",0.10310048561822936,0.13784086664176318,0.1031,1.0,7.2547,1.0,0.08888902532942598,inf,0.9612661391087047,0.7479674796747968,1.0,0.8739837398373984,"#contributetotheworld, #creatingthefuture, #entrepreneurialuniversity, #safeaiuniversity","#kampusswastaterbaik, #sustainabilityuniversity"
"entrepreneurialuniversity, kampusswastaterbaik, sustainabilityuniversity","creatingthefuture, kampusberdampak, safeaiuniversity",0.13784086664176318,0.10310048561822936,0.1031,0.748,7.2547,1.0,0.08888902532942598,3.5586658151276698,1.0,0.7479674796747968,0.7189958113658604,0.8739837398373984,"#entrepreneurialuniversity, #kampusswastaterbaik, #sustainabilityuniversity","#creatingthefuture, #kampusberdampak, #safeaiuniversity"
"kampusswastaterbaik, sustainabilityuniversity","contributetotheworld, entrepreneurialuniversity, safeaiuniversity",0.13784086664176318,0.10310048561822936,0.1031,0.748,7.2547,1.0,0.08888902532942598,3.5586658151276698,1.0,0.7479674796747968,0.7189958113658604,0.8739837398373984,"#kampusswastaterbaik, #sustainabilityuniversity","#contributetotheworld, #entrepreneurialuniversity, #safeaiuniversity"
"contributetotheworld, entrepreneurialuniversity, kampusberdampak","kampusswastaterbaik, sustainabilityuniversity",0.10347403810235338,0.13784086664176318,0.1035,1.0,7.2547,1.0,0.08921108701540216,inf,0.9616666666666666,0.7506775067750678,1.0,0.8753387533875339,"#contributetotheworld, #entrepreneurialuniversity, #kampusberdampak","#kampusswastaterbaik, #sustainabilityuniversity"
"contributetotheworld, entrepreneurialuniversity, kampusberdampak, safeaiuniversity","kampusswastaterbaik, sustainabilityuniversity",0.10310048561822936,0.13784086664176318,0.1031,1.0,7.2547,1.0,0.08888902532942598,inf,0.9612661391087047,0.7479674796747968,1.0,0.8739837398373984,"#contributetotheworld, #entrepreneurialuniversity, #kampusberdampak, #safeaiuniversity","#kampusswastaterbaik, #sustainabilityuniversity"
"kampusswastaterbaik, sustainabilityuniversity","kampusberdampak, safeaiuniversity",0.13784086664176318,0.10310048561822936,0.1031,0.748,7.2547,1.0,0.08888902532942598,3.5586658151276698,1.0,0.7479674796747968,0.7189958113658604,0.8739837398373984,"#kampusswastaterbaik, #sustainabilityuniversity","#kampusberdampak, #safeaiuniversity"
"kampusberdampak, safeaiuniversity","kampusswastaterbaik, sustainabilityuniversity",0.10310048561822936,0.13784086664176318,0.1031,1.0,7.2547,1.0,0.08888902532942598,inf,0.9612661391087047,0.7479674796747968,1.0,0.8739837398373984,"#kampusberdampak, #safeaiuniversity","#kampusswastaterbaik, #sustainabilityuniversity"
"kampusswastaterbaik, sustainabilityuniversity","entrepreneurialuniversity, kampusberdampak, safeaiuniversity",0.13784086664176318,0.10310048561822936,0.1031,0.748,7.2547,1.0,0.08888902532942598,3.5586658151276698,1.0,0.7479674796747968,0.7189958113658604,0.8739837398373984,"#kampusswastaterbaik, #sustainabilityuniversity","#entrepreneurialuniversity, #kampusberdampak, #safeaiuniversity"
"kampusberdampak, safeaiuniversity","entrepreneurialuniversity, kampusswastaterbaik, sustainabilityuniversity",0.10310048561822936,0.13784086664176318,0.1031,1.0,7.2547,1.0,0.08888902532942598,inf,0.9612661391087047,0.7479674796747968,1.0,0.8739837398373984,"#kampusberdampak, #safeaiuniversity","#entrepreneurialuniversity, #kampusswastaterbaik, #sustainabilityuniversity"
"entrepreneurialuniversity, kampusberdampak, safeaiuniversity","kampusswastaterbaik, sustainabilityuniversity",0.10310048561822936,0.13784086664176318,0.1031,1.0,7.2547,1.0,0.08888902532942598,inf,0.9612661391087047,0.7479674796747968,1.0,0.8739837398373984,"#entrepreneurialuniversity, #kampusberdampak, #safeaiuniversity","#kampusswastaterbaik, #sustainabilityuniversity"
"contributetotheworld, entrepreneurialuniversity, kampusberdampak, safeaiuniversity","creatingthefuture, kampusswastaterbaik, sustainabilityuniversity",0.10310048561822936,0.13784086664176318,0.1031,1.0,7.2547,1.0,0.08888902532942598,inf,0.9612661391087047,0.7479674796747968,1.0,0.8739837398373984,"#contributetotheworld, #entrepreneurialuniversity, #kampusberdampak, #safeaiuniversity","#creatingthefuture, #kampusswastaterbaik, #sustainabilityuniversity"
"contributetotheworld, creatingthefuture, kampusberdampak, safeaiuniversity","entrepreneurialuniversity, kampusswastaterbaik, sustainabilityuniversity",0.10310048561822936,0.13784086664176318,0.1031,1.0,7.2547,1.0,0.08888902532942598,inf,0.9612661391087047,0.7479674796747968,1.0,0.8739837398373984,"#contributetotheworld, #creatingthefuture, #kampusberdampak, #safeaiuniversity","#entrepreneurialuniversity, #kampusswastaterbaik, #sustainabilityuniversity"
safeaiuniversity,"kampusswastaterbaik, sustainabilityuniversity",0.10310048561822936,0.13784086664176318,0.1031,1.0,7.2547,1.0,0.08888902532942598,inf,0.9612661391087047,0.7479674796747968,1.0,0.8739837398373984,#safeaiuniversity,"#kampusswastaterbaik, #sustainabilityuniversity"
"creatingthefuture, kampusswastaterbaik, sustainabilityuniversity","entrepreneurialuniversity, safeaiuniversity",0.13784086664176318,0.10310048561822936,0.1031,0.748,7.2547,1.0,0.08888902532942598,3.5586658151276698,1.0,0.7479674796747968,0.7189958113658604,0.8739837398373984,"#creatingthefuture, #kampusswastaterbaik, #sustainabilityuniversity","#entrepreneurialuniversity, #safeaiuniversity"
"kampusswastaterbaik, sustainabilityuniversity","creatingthefuture, safeaiuniversity",0.13784086664176318,0.10310048561822936,0.1031,0.748,7.2547,1.0,0.08888902532942598,3.5586658151276698,1.0,0.7479674796747968,0.7189958113658604,0.8739837398373984,"#kampusswastaterbaik, #sustainabilityuniversity","#creatingthefuture, #safeaiuniversity"
"creatingthefuture, kampusswastaterbaik, sustainabilityuniversity","contributetotheworld, entrepreneurialuniversity, safeaiuniversity",0.13784086664176318,0.10310048561822936,0.1031,0.748,7.2547,1.0,0.08888902532942598,3.5586658151276698,1.0,0.7479674796747968,0.7189958113658604,0.8739837398373984,"#creatingthefuture, #kampusswastaterbaik, #sustainabilityuniversity","#contributetotheworld, #entrepreneurialuniversity, #safeaiuniversity"
"creatingthefuture, kampusswastaterbaik, sustainabilityuniversity","contributetotheworld, entrepreneurialuniversity, kampusberdampak",0.13784086664176318,0.10347403810235338,0.1035,0.7507,7.2547,1.0,0.08921108701540216,3.595848695002517,1.0,0.7506775067750678,0.7219015356820234,0.8753387533875339,"#creatingthefuture, #kampusswastaterbaik, #sustainabilityuniversity","#contributetotheworld, #entrepreneurialuniversity, #kampusberdampak"
"entrepreneurialuniversity, safeaiuniversity","kampusswastaterbaik, sustainabilityuniversity",0.10310048561822936,0.13784086664176318,0.1031,1.0,7.2547,1.0,0.08888902532942598,inf,0.9612661391087047,0.7479674796747968,1.0,0.8739837398373984,"#entrepreneurialuniversity, #safeaiuniversity","#kampusswastaterbaik, #sustainabilityuniversity"
"kampusswastaterbaik, sustainabilityuniversity",safeaiuniversity,0.13784086664176318,0.10310048561822936,0.1031,0.748,7.2547,1.0,0.08888902532942598,3.5586658151276698,1.0,0.7479674796747968,0.7189958113658604,0.8739837398373984,"#kampusswastaterbaik, #sustainabilityuniversity",#safeaiuniversity
"kampusswastaterbaik, sustainabilityuniversity","entrepreneurialuniversity, safeaiuniversity",0.13784086664176318,0.10310048561822936,0.1031,0.748,7.2547,1.0,0.08888902532942598,3.5586658151276698,1.0,0.7479674796747968,0.7189958113658604,0.8739837398373984,"#kampusswastaterbaik, #sustainabilityuniversity","#entrepreneurialuniversity, #safeaiuniversity"
"creatingthefuture, entrepreneurialuniversity, kampusswastaterbaik, sustainabilityuniversity",safeaiuniversity,0.13784086664176318,0.10310048561822936,0.1031,0.748,7.2547,1.0,0.08888902532942598,3.5586658151276698,1.0,0.7479674796747968,0.7189958113658604,0.8739837398373984,"#creatingthefuture, #entrepreneurialuniversity, #kampusswastaterbaik, #sustainabilityuniversity",#safeaiuniversity
"creatingthefuture, safeaiuniversity","entrepreneurialuniversity, kampusswastaterbaik, sustainabilityuniversity",0.10310048561822936,0.13784086664176318,0.1031,1.0,7.2547,1.0,0.08888902532942598,inf,0.9612661391087047,0.7479674796747968,1.0,0.8739837398373984,"#creatingthefuture, #safeaiuniversity","#entrepreneurialuniversity, #kampusswastaterbaik, #sustainabilityuniversity"
"entrepreneurialuniversity, safeaiuniversity","creatingthefuture, kampusswastaterbaik, sustainabilityuniversity",0.10310048561822936,0.13784086664176318,0.1031,1.0,7.2547,1.0,0.08888902532942598,inf,0.9612661391087047,0.7479674796747968,1.0,0.8739837398373984,"#entrepreneurialuniversity, #safeaiuniversity","#creatingthefuture, #kampusswastaterbaik, #sustainabilityuniversity"
"creatingthefuture, entrepreneurialuniversity, kampusswastaterbaik, sustainabilityuniversity","contributetotheworld, safeaiuniversity",0.13784086664176318,0.10310048561822936,0.1031,0.748,7.2547,1.0,0.08888902532942598,3.5586658151276698,1.0,0.7479674796747968,0.7189958113658604,0.8739837398373984,"#creatingthefuture, #entrepreneurialuniversity, #kampusswastaterbaik, #sustainabilityuniversity","#contributetotheworld, #safeaiuniversity"
"kampusswastaterbaik, sustainabilityuniversity","contributetotheworld, entrepreneurialuniversity, kampusberdampak, safeaiuniversity",0.13784086664176318,0.10310048561822936,0.1031,0.748,7.2547,1.0,0.08888902532942598,3.5586658151276698,1.0,0.7479674796747968,0.7189958113658604,0.8739837398373984,"#kampusswastaterbaik, #sustainabilityuniversity","#contributetotheworld, #entrepreneurialuniversity, #kampusberdampak, #safeaiuniversity"
"contributetotheworld, creatingthefuture, safeaiuniversity","kampusswastaterbaik, sustainabilityuniversity",0.10310048561822936,0.13784086664176318,0.1031,1.0,7.2547,1.0,0.08888902532942598,inf,0.9612661391087047,0.7479674796747968,1.0,0.8739837398373984,"#contributetotheworld, #creatingthefuture, #safeaiuniversity","#kampusswastaterbaik, #sustainabilityuniversity"
"kampusswastaterbaik, sustainabilityuniversity","contributetotheworld, creatingthefuture, safeaiuniversity",0.13784086664176318,0.10310048561822936,0.1031,0.748,7.2547,1.0,0.08888902532942598,3.5586658151276698,1.0,0.7479674796747968,0.7189958113658604,0.8739837398373984,"#kampusswastaterbaik, #sustainabilityuniversity","#contributetotheworld, #creatingthefuture, #safeaiuniversity"
"contributetotheworld, safeaiuniversity","creatingthefuture, kampusswastaterbaik, sustainabilityuniversity",0.10310048561822936,0.13784086664176318,0.1031,1.0,7.2547,1.0,0.08888902532942598,inf,0.9612661391087047,0.7479674796747968,1.0,0.8739837398373984,"#contributetotheworld, #safeaiuniversity","#creatingthefuture, #kampusswastaterbaik, #sustainabilityuniversity"
"creatingthefuture, entrepreneurialuniversity, kampusberdampak","kampusswastaterbaik, sustainabilityuniversity",0.10347403810235338,0.13784086664176318,0.1035,1.0,7.2547,1.0,0.08921108701540216,inf,0.9616666666666666,0.7506775067750678,1.0,0.8753387533875339,"#creatingthefuture, #entrepreneurialuniversity, #kampusberdampak","#kampusswastaterbaik, #sustainabilityuniversity"
"creatingthefuture, kampusswastaterbaik, sustainabilityuniversity","entrepreneurialuniversity, kampusberdampak",0.13784086664176318,0.10347403810235338,0.1035,0.7507,7.2547,1.0,0.08921108701540216,3.595848695002517,1.0,0.7506775067750678,0.7219015356820234,0.8753387533875339,"#creatingthefuture, #kampusswastaterbaik, #sustainabilityuniversity","#entrepreneurialuniversity, #kampusberdampak"
"contributetotheworld, entrepreneurialuniversity, safeaiuniversity","creatingthefuture, kampusswastaterbaik, sustainabilityuniversity",0.10310048561822936,0.13784086664176318,0.1031,1.0,7.2547,1.0,0.08888902532942598,inf,0.9612661391087047,0.7479674796747968,1.0,0.8739837398373984,"#contributetotheworld, #entrepreneurialuniversity, #safeaiuniversity","#creatingthefuture, #kampusswastaterbaik, #sustainabilityuniversity"
"kampusswastaterbaik, sustainabilityuniversity","creatingthefuture, entrepreneurialuniversity, kampusberdampak",0.13784086664176318,0.10347403810235338,0.1035,0.7507,7.2547,1.0,0.08921108701540216,3.595848695002517,1.0,0.7506775067750678,0.7219015356820234,0.8753387533875339,"#kampusswastaterbaik, #sustainabilityuniversity","#creatingthefuture, #entrepreneurialuniversity, #kampusberdampak"
"kampusswastaterbaik, sustainabilityuniversity","contributetotheworld, creatingthefuture, kampusberdampak",0.13784086664176318,0.10347403810235338,0.1035,0.7507,7.2547,1.0,0.08921108701540216,3.595848695002517,1.0,0.7506775067750678,0.7219015356820234,0.8753387533875339,"#kampusswastaterbaik, #sustainabilityuniversity","#contributetotheworld, #creatingthefuture, #kampusberdampak"
"entrepreneurialuniversity, kampusswastaterbaik, sustainabilityuniversity","contributetotheworld, creatingthefuture, safeaiuniversity",0.13784086664176318,0.10310048561822936,0.1031,0.748,7.2547,1.0,0.08888902532942598,3.5586658151276698,1.0,0.7479674796747968,0.7189958113658604,0.8739837398373984,"#entrepreneurialuniversity, #kampusswastaterbaik, #sustainabilityuniversity","#contributetotheworld, #creatingthefuture, #safeaiuniversity"
"contributetotheworld, creatingthefuture, safeaiuniversity","entrepreneurialuniversity, kampusswastaterbaik, sustainabilityuniversity",0.10310048561822936,0.13784086664176318,0.1031,1.0,7.2547,1.0,0.08888902532942598,inf,0.9612661391087047,0.7479674796747968,1.0,0.8739837398373984,"#contributetotheworld, #creatingthefuture, #safeaiuniversity","#entrepreneurialuniversity, #kampusswastaterbaik, #sustainabilityuniversity"
"contributetotheworld, kampusberdampak, safeaiuniversity","creatingthefuture, entrepreneurialuniversity, kampusswastaterbaik, sustainabilityuniversity",0.10310048561822936,0.13784086664176318,0.1031,1.0,7.2547,1.0,0.08888902532942598,inf,0.9612661391087047,0.7479674796747968,1.0,0.8739837398373984,"#contributetotheworld, #kampusberdampak, #safeaiuniversity","#creatingthefuture, #entrepreneurialuniversity, #kampusswastaterbaik, #sustainabilityuniversity"
"creatingthefuture, kampusswastaterbaik, sustainabilityuniversity",safeaiuniversity,0.13784086664176318,0.10310048561822936,0.1031,0.748,7.2547,1.0,0.08888902532942598,3.5586658151276698,1.0,0.7479674796747968,0.7189958113658604,0.8739837398373984,"#creatingthefuture, #kampusswastaterbaik, #sustainabilityuniversity",#safeaiuniversity
"entrepreneurialuniversity, kampusberdampak","creatingthefuture, kampusswastaterbaik, sustainabilityuniversity",0.10347403810235338,0.13784086664176318,0.1035,1.0,7.2547,1.0,0.08921108701540216,inf,0.9616666666666666,0.7506775067750678,1.0,0.8753387533875339,"#entrepreneurialuniversity, #kampusberdampak","#creatingthefuture, #kampusswastaterbaik, #sustainabilityuniversity"
"contributetotheworld, creatingthefuture, entrepreneurialuniversity, kampusberdampak","kampusswastaterbaik, sustainabilityuniversity",0.10347403810235338,0.13784086664176318,0.1035,1.0,7.2547,1.0,0.08921108701540216,inf,0.9616666666666666,0.7506775067750678,1.0,0.8753387533875339,"#contributetotheworld, #creatingthefuture, #entrepreneurialuniversity, #kampusberdampak","#kampusswastaterbaik, #sustainabilityuniversity"
"creatingthefuture, safeaiuniversity","kampusswastaterbaik, sustainabilityuniversity",0.10310048561822936,0.13784086664176318,0.1031,1.0,7.2547,1.0,0.08888902532942598,inf,0.9612661391087047,0.7479674796747968,1.0,0.8739837398373984,"#creatingthefuture, #safeaiuniversity","#kampusswastaterbaik, #sustainabilityuniversity"
"entrepreneurialuniversity, kampusswastaterbaik, sustainabilityuniversity",safeaiuniversity,0.13784086664176318,0.10310048561822936,0.1031,0.748,7.2547,1.0,0.08888902532942598,3.5586658151276698,1.0,0.7479674796747968,0.7189958113658604,0.8739837398373984,"#entrepreneurialuniversity, #kampusswastaterbaik, #sustainabilityuniversity",#safeaiuniversity
"contributetotheworld, creatingthefuture, kampusberdampak","kampusswastaterbaik, sustainabilityuniversity",0.10347403810235338,0.13784086664176318,0.1035,1.0,7.2547,1.0,0.08921108701540216,inf,0.9616666666666666,0.7506775067750678,1.0,0.8753387533875339,"#contributetotheworld, #creatingthefuture, #kampusberdampak","#kampusswastaterbaik, #sustainabilityuniversity"
"kampusswastaterbaik, sustainabilityuniversity","creatingthefuture, entrepreneurialuniversity, safeaiuniversity",0.13784086664176318,0.10310048561822936,0.1031,0.748,7.2547,1.0,0.08888902532942598,3.5586658151276698,1.0,0.7479674796747968,0.7189958113658604,0.8739837398373984,"#kampusswastaterbaik, #sustainabilityuniversity","#creatingthefuture, #entrepreneurialuniversity, #safeaiuniversity"
"creatingthefuture, kampusberdampak, safeaiuniversity","kampusswastaterbaik, sustainabilityuniversity",0.10310048561822936,0.13784086664176318,0.1031,1.0,7.2547,1.0,0.08888902532942598,inf,0.9612661391087047,0.7479674796747968,1.0,0.8739837398373984,"#creatingthefuture, #kampusberdampak, #safeaiuniversity","#kampusswastaterbaik, #sustainabilityuniversity"
"entrepreneurialuniversity, kampusswastaterbaik, sustainabilityuniversity","creatingthefuture, safeaiuniversity",0.13784086664176318,0.10310048561822936,0.1031,0.748,7.2547,1.0,0.08888902532942598,3.5586658151276698,1.0,0.7479674796747968,0.7189958113658604,0.8739837398373984,"#entrepreneurialuniversity, #kampusswastaterbaik, #sustainabilityuniversity","#creatingthefuture, #safeaiuniversity"
safeaiuniversity,"creatingthefuture, entrepreneurialuniversity, kampusswastaterbaik, sustainabilityuniversity",0.10310048561822936,0.13784086664176318,0.1031,1.0,7.2547,1.0,0.08888902532942598,inf,0.9612661391087047,0.7479674796747968,1.0,0.8739837398373984,#safeaiuniversity,"#creatingthefuture, #entrepreneurialuniversity, #kampusswastaterbaik, #sustainabilityuniversity"
"creatingthefuture, entrepreneurialuniversity, safeaiuniversity","kampusswastaterbaik, sustainabilityuniversity",0.10310048561822936,0.13784086664176318,0.1031,1.0,7.2547,1.0,0.08888902532942598,inf,0.9612661391087047,0.7479674796747968,1.0,0.8739837398373984,"#creatingthefuture, #entrepreneurialuniversity, #safeaiuniversity","#kampusswastaterbaik, #sustainabilityuniversity"
"kampusswastaterbaik, sustainabilityuniversity","entrepreneurialuniversity, kampusberdampak",0.13784086664176318,0.10347403810235338,0.1035,0.7507,7.2547,1.0,0.08921108701540216,3.595848695002517,1.0,0.7506775067750678,0.7219015356820234,0.8753387533875339,"#kampusswastaterbaik, #sustainabilityuniversity","#entrepreneurialuniversity, #kampusberdampak"
"entrepreneurialuniversity, kampusberdampak","kampusswastaterbaik, sustainabilityuniversity",0.10347403810235338,0.13784086664176318,0.1035,1.0,7.2547,1.0,0.08921108701540216,inf,0.9616666666666666,0.7506775067750678,1.0,0.8753387533875339,"#entrepreneurialuniversity, #kampusberdampak","#kampusswastaterbaik, #sustainabilityuniversity"
"entrepreneurialuniversity, kampusberdampak, safeaiuniversity","creatingthefuture, kampusswastaterbaik, sustainabilityuniversity",0.10310048561822936,0.13784086664176318,0.1031,1.0,7.2547,1.0,0.08888902532942598,inf,0.9612661391087047,0.7479674796747968,1.0,0.8739837398373984,"#entrepreneurialuniversity, #kampusberdampak, #safeaiuniversity","#creatingthefuture, #kampusswastaterbaik, #sustainabilityuniversity"
"creatingthefuture, kampusberdampak, safeaiuniversity","entrepreneurialuniversity, kampusswastaterbaik, sustainabilityuniversity",0.10310048561822936,0.13784086664176318,0.1031,1.0,7.2547,1.0,0.08888902532942598,inf,0.9612661391087047,0.7479674796747968,1.0,0.8739837398373984,"#creatingthefuture, #kampusberdampak, #safeaiuniversity","#entrepreneurialuniversity, #kampusswastaterbaik, #sustainabilityuniversity"
safeaiuniversity,"creatingthefuture, kampusswastaterbaik, sustainabilityuniversity",0.10310048561822936,0.13784086664176318,0.1031,1.0,7.2547,1.0,0.08888902532942598,inf,0.9612661391087047,0.7479674796747968,1.0,0.8739837398373984,#safeaiuniversity,"#creatingthefuture, #kampusswastaterbaik, #sustainabilityuniversity"
"entrepreneurialuniversity, kampusswastaterbaik, sustainabilityuniversity","kampusberdampak, safeaiuniversity",0.13784086664176318,0.10310048561822936,0.1031,0.748,7.2547,1.0,0.08888902532942598,3.5586658151276698,1.0,0.7479674796747968,0.7189958113658604,0.8739837398373984,"#entrepreneurialuniversity, #kampusswastaterbaik, #sustainabilityuniversity","#kampusberdampak, #safeaiuniversity"
"creatingthefuture, kampusswastaterbaik, sustainabilityuniversity","kampusberdampak, safeaiuniversity",0.13784086664176318,0.10310048561822936,0.1031,0.748,7.2547,1.0,0.08888902532942598,3.5586658151276698,1.0,0.7479674796747968,0.7189958113658604,0.8739837398373984,"#creatingthefuture, #kampusswastaterbaik, #sustainabilityuniversity","#kampusberdampak, #safeaiuniversity"
safeaiuniversity,"entrepreneurialuniversity, kampusswastaterbaik, sustainabilityuniversity",0.10310048561822936,0.13784086664176318,0.1031,1.0,7.2547,1.0,0.08888902532942598,inf,0.9612661391087047,0.7479674796747968,1.0,0.8739837398373984,#safeaiuniversity,"#entrepreneurialuniversity, #kampusswastaterbaik, #sustainabilityuniversity"
"contributetotheworld, safeaiuniversity","creatingthefuture, entrepreneurialuniversity, kampusswastaterbaik, sustainabilityuniversity",0.10310048561822936,0.13784086664176318,0.1031,1.0,7.2547,1.0,0.08888902532942598,inf,0.9612661391087047,0.7479674796747968,1.0,0.8739837398373984,"#contributetotheworld, #safeaiuniversity","#creatingthefuture, #entrepreneurialuniversity, #kampusswastaterbaik, #sustainabilityuniversity"
"kampusswastaterbaik, sustainabilityuniversity","contributetotheworld, creatingthefuture, entrepreneurialuniversity, safeaiuniversity",0.13784086664176318,0.10310048561822936,0.1031,0.748,7.2547,1.0,0.08888902532942598,3.5586658151276698,1.0,0.7479674796747968,0.7189958113658604,0.8739837398373984,"#kampusswastaterbaik, #sustainabilityuniversity","#contributetotheworld, #creatingthefuture, #entrepreneurialuniversity, #safeaiuniversity"
"kampusswastaterbaik, sustainabilityuniversity","contributetotheworld, creatingthefuture, kampusberdampak, safeaiuniversity",0.13784086664176318,0.10310048561822936,0.1031,0.748,7.2547,1.0,0.08888902532942598,3.5586658151276698,1.0,0.7479674796747968,0.7189958113658604,0.8739837398373984,"#kampusswastaterbaik, #sustainabilityuniversity","#contributetotheworld, #creatingthefuture, #kampusberdampak, #safeaiuniversity"
"kampusswastaterbaik, sustainabilityuniversity","creatingthefuture, kampusberdampak, safeaiuniversity",0.13784086664176318,0.10310048561822936,0.1031,0.748,7.2547,1.0,0.08888902532942598,3.5586658151276698,1.0,0.7479674796747968,0.7189958113658604,0.8739837398373984,"#kampusswastaterbaik, #sustainabilityuniversity","#creatingthefuture, #kampusberdampak, #safeaiuniversity"
"kampusberdampak, safeaiuniversity","creatingthefuture, kampusswastaterbaik, sustainabilityuniversity",0.10310048561822936,0.13784086664176318,0.1031,1.0,7.2547,1.0,0.08888902532942598,inf,0.9612661391087047,0.7479674796747968,1.0,0.8739837398373984,"#kampusberdampak, #safeaiuniversity","#creatingthefuture, #kampusswastaterbaik, #sustainabilityuniversity"
"kampusswastaterbaik, sustainabilityuniversity","contributetotheworld, creatingthefuture, entrepreneurialuniversity, kampusberdampak, safeaiuniversity",0.13784086664176318,0.10310048561822936,0.1031,0.748,7.2547,1.0,0.08888902532942598,3.5586658151276698,1.0,0.7479674796747968,0.7189958113658604,0.8739837398373984,"#kampusswastaterbaik, #sustainabilityuniversity","#contributetotheworld, #creatingthefuture, #entrepreneurialuniversity, #kampusberdampak, #safeaiuniversity"
"creatingthefuture, entrepreneurialuniversity, kampusberdampak, safeaiuniversity","kampusswastaterbaik, sustainabilityuniversity",0.10310048561822936,0.13784086664176318,0.1031,1.0,7.2547,1.0,0.08888902532942598,inf,0.9612661391087047,0.7479674796747968,1.0,0.8739837398373984,"#creatingthefuture, #entrepreneurialuniversity, #kampusberdampak, #safeaiuniversity","#kampusswastaterbaik, #sustainabilityuniversity"
"creatingthefuture, entrepreneurialuniversity, kampusswastaterbaik, sustainabilityuniversity","kampusberdampak, safeaiuniversity",0.13784086664176318,0.10310048561822936,0.1031,0.748,7.2547,1.0,0.08888902532942598,3.5586658151276698,1.0,0.7479674796747968,0.7189958113658604,0.8739837398373984,"#creatingthefuture, #entrepreneurialuniversity, #kampusswastaterbaik, #sustainabilityuniversity","#kampusberdampak, #safeaiuniversity"
"kampusswastaterbaik, sustainabilityuniversity","contributetotheworld, safeaiuniversity",0.13784086664176318,0.10310048561822936,0.1031,0.748,7.2547,1.0,0.08888902532942598,3.5586658151276698,1.0,0.7479674796747968,0.7189958113658604,0.8739837398373984,"#kampusswastaterbaik, #sustainabilityuniversity","#contributetotheworld, #safeaiuniversity"
"creatingthefuture, entrepreneurialuniversity, kampusswastaterbaik, sustainabilityuniversity","contributetotheworld, kampusberdampak, safeaiuniversity",0.13784086664176318,0.10310048561822936,0.1031,0.748,7.2547,1.0,0.08888902532942598,3.5586658151276698,1.0,0.7479674796747968,0.7189958113658604,0.8739837398373984,"#creatingthefuture, #entrepreneurialuniversity, #kampusswastaterbaik, #sustainabilityuniversity","#contributetotheworld, #kampusberdampak, #safeaiuniversity"
"contributetotheworld, creatingthefuture, kampusberdampak, safeaiuniversity","kampusswastaterbaik, sustainabilityuniversity",0.10310048561822936,0.13784086664176318,0.1031,1.0,7.2547,1.0,0.08888902532942598,inf,0.9612661391087047,0.7479674796747968,1.0,0.8739837398373984,"#contributetotheworld, #creatingthefuture, #kampusberdampak, #safeaiuniversity","#kampusswastaterbaik, #sustainabilityuniversity"
"contributetotheworld, kampusberdampak, safeaiuniversity","creatingthefuture, kampusswastaterbaik, sustainabilityuniversity",0.10310048561822936,0.13784086664176318,0.1031,1.0,7.2547,1.0,0.08888902532942598,inf,0.9612661391087047,0.7479674796747968,1.0,0.8739837398373984,"#contributetotheworld, #kampusberdampak, #safeaiuniversity","#creatingthefuture, #kampusswastaterbaik, #sustainabilityuniversity"
"creatingthefuture, kampusswastaterbaik, sustainabilityuniversity","contributetotheworld, kampusberdampak, safeaiuniversity",0.13784086664176318,0.10310048561822936,0.1031,0.748,7.2547,1.0,0.08888902532942598,3.5586658151276698,1.0,0.7479674796747968,0.7189958113658604,0.8739837398373984,"#creatingthefuture, #kampusswastaterbaik, #sustainabilityuniversity","#contributetotheworld, #kampusberdampak, #safeaiuniversity"
"creatingthefuture, kampusswastaterbaik, sustainabilityuniversity","contributetotheworld, entrepreneurialuniversity, kampusberdampak, safeaiuniversity",0.13784086664176318,0.10310048561822936,0.1031,0.748,7.2547,1.0,0.08888902532942598,3.5586658151276698,1.0,0.7479674796747968,0.7189958113658604,0.8739837398373984,"#creatingthefuture, #kampusswastaterbaik, #sustainabilityuniversity","#contributetotheworld, #entrepreneurialuniversity, #kampusberdampak, #safeaiuniversity"
"entrepreneurialuniversity, kampusswastaterbaik, sustainabilityuniversity","contributetotheworld, creatingthefuture, kampusberdampak, safeaiuniversity",0.13784086664176318,0.10310048561822936,0.1031,0.748,7.2547,1.0,0.08888902532942598,3.5586658151276698,1.0,0.7479674796747968,0.7189958113658604,0.8739837398373984,"#entrepreneurialuniversity, #kampusswastaterbaik, #sustainabilityuniversity","#contributetotheworld, #creatingthefuture, #kampusberdampak, #safeaiuniversity"
"contributetotheworld, creatingthefuture, entrepreneurialuniversity, kampusberdampak, safeaiuniversity","kampusswastaterbaik, sustainabilityuniversity",0.10310048561822936,0.13784086664176318,0.1031,1.0,7.2547,1.0,0.08888902532942598,inf,0.9612661391087047,0.7479674796747968,1.0,0.8739837398373984,"#contributetotheworld, #creatingthefuture, #entrepreneurialuniversity, #kampusberdampak, #safeaiuniversity","#kampusswastaterbaik, #sustainabilityuniversity"
"entrepreneurialuniversity, kampusswastaterbaik","contributetotheworld, creatingthefuture, kampusberdampak, safeaiuniversity, sustainabilityuniversity",0.1382144191258872,0.10310048561822936,0.1031,0.7459,7.2351,1.0,0.0888505118869089,3.530349152353777,1.0,0.7459459459459461,0.7167418980830059,0.8729729729729729,"#entrepreneurialuniversity, #kampusswastaterbaik","#contributetotheworld, #creatingthefuture, #kampusberdampak, #safeaiuniversity, #sustainabilityuniversity"
"contributetotheworld, creatingthefuture, kampusberdampak, safeaiuniversity, sustainabilityuniversity","entrepreneurialuniversity, kampusswastaterbaik",0.10310048561822936,0.1382144191258872,0.1031,1.0,7.2351,1.0,0.0888505118869089,inf,0.9608496459808413,0.7459459459459461,1.0,0.8729729729729729,"#contributetotheworld, #creatingthefuture, #kampusberdampak, #safeaiuniversity, #sustainabilityuniversity","#entrepreneurialuniversity, #kampusswastaterbaik"
"contributetotheworld, creatingthefuture, kampusberdampak","entrepreneurialuniversity, kampusswastaterbaik",0.10347403810235338,0.1382144191258872,0.1035,1.0,7.2351,1.0,0.08917243403142669,inf,0.96125,0.7486486486486488,1.0,0.8743243243243243,"#contributetotheworld, #creatingthefuture, #kampusberdampak","#entrepreneurialuniversity, #kampusswastaterbaik"
"creatingthefuture, entrepreneurialuniversity, kampusswastaterbaik","contributetotheworld, kampusberdampak, safeaiuniversity, sustainabilityuniversity",0.1382144191258872,0.10310048561822936,0.1031,0.7459,7.2351,1.0,0.0888505118869089,3.530349152353777,1.0,0.7459459459459461,0.7167418980830059,0.8729729729729729,"#creatingthefuture, #entrepreneurialuniversity, #kampusswastaterbaik","#contributetotheworld, #kampusberdampak, #safeaiuniversity, #sustainabilityuniversity"
"creatingthefuture, kampusberdampak, safeaiuniversity, sustainabilityuniversity","entrepreneurialuniversity, kampusswastaterbaik",0.10310048561822936,0.1382144191258872,0.1031,1.0,7.2351,1.0,0.0888505118869089,inf,0.9608496459808413,0.7459459459459461,1.0,0.8729729729729729,"#creatingthefuture, #kampusberdampak, #safeaiuniversity, #sustainabilityuniversity","#entrepreneurialuniversity, #kampusswastaterbaik"
"entrepreneurialuniversity, kampusswastaterbaik","contributetotheworld, creatingthefuture, safeaiuniversity, sustainabilityuniversity",0.1382144191258872,0.10310048561822936,0.1031,0.7459,7.2351,1.0,0.0888505118869089,3.530349152353777,1.0,0.7459459459459461,0.7167418980830059,0.8729729729729729,"#entrepreneurialuniversity, #kampusswastaterbaik","#contributetotheworld, #creatingthefuture, #safeaiuniversity, #sustainabilityuniversity"
"contributetotheworld, creatingthefuture, safeaiuniversity","entrepreneurialuniversity, kampusswastaterbaik",0.10310048561822936,0.1382144191258872,0.1031,1.0,7.2351,1.0,0.0888505118869089,inf,0.9608496459808413,0.7459459459459461,1.0,0.8729729729729729,"#contributetotheworld, #creatingthefuture, #safeaiuniversity","#entrepreneurialuniversity, #kampusswastaterbaik"
"creatingthefuture, safeaiuniversity, sustainabilityuniversity","entrepreneurialuniversity, kampusswastaterbaik",0.10310048561822936,0.1382144191258872,0.1031,1.0,7.2351,1.0,0.0888505118869089,inf,0.9608496459808413,0.7459459459459461,1.0,0.8729729729729729,"#creatingthefuture, #safeaiuniversity, #sustainabilityuniversity","#entrepreneurialuniversity, #kampusswastaterbaik"
"contributetotheworld, kampusberdampak, safeaiuniversity","creatingthefuture, entrepreneurialuniversity, kampusswastaterbaik",0.10310048561822936,0.1382144191258872,0.1031,1.0,7.2351,1.0,0.0888505118869089,inf,0.9608496459808413,0.7459459459459461,1.0,0.8729729729729729,"#contributetotheworld, #kampusberdampak, #safeaiuniversity","#creatingthefuture, #entrepreneurialuniversity, #kampusswastaterbaik"
"kampusberdampak, safeaiuniversity","entrepreneurialuniversity, kampusswastaterbaik",0.10310048561822936,0.1382144191258872,0.1031,1.0,7.2351,1.0,0.0888505118869089,inf,0.9608496459808413,0.7459459459459461,1.0,0.8729729729729729,"#kampusberdampak, #safeaiuniversity","#entrepreneurialuniversity, #kampusswastaterbaik"
"entrepreneurialuniversity, kampusswastaterbaik","kampusberdampak, safeaiuniversity",0.1382144191258872,0.10310048561822936,0.1031,0.7459,7.2351,1.0,0.0888505118869089,3.530349152353777,1.0,0.7459459459459461,0.7167418980830059,0.8729729729729729,"#entrepreneurialuniversity, #kampusswastaterbaik","#kampusberdampak, #safeaiuniversity"
"kampusberdampak, safeaiuniversity, sustainabilityuniversity","creatingthefuture, entrepreneurialuniversity, kampusswastaterbaik",0.10310048561822936,0.1382144191258872,0.1031,1.0,7.2351,1.0,0.0888505118869089,inf,0.9608496459808413,0.7459459459459461,1.0,0.8729729729729729,"#kampusberdampak, #safeaiuniversity, #sustainabilityuniversity","#creatingthefuture, #entrepreneurialuniversity, #kampusswastaterbaik"
"kampusberdampak, sustainabilityuniversity","entrepreneurialuniversity, kampusswastaterbaik",0.10347403810235338,0.1382144191258872,0.1035,1.0,7.2351,1.0,0.08917243403142669,inf,0.96125,0.7486486486486488,1.0,0.8743243243243243,"#kampusberdampak, #sustainabilityuniversity","#entrepreneurialuniversity, #kampusswastaterbaik"
"creatingthefuture, entrepreneurialuniversity, kampusswastaterbaik","contributetotheworld, kampusberdampak, safeaiuniversity",0.1382144191258872,0.10310048561822936,0.1031,0.7459,7.2351,1.0,0.0888505118869089,3.530349152353777,1.0,0.7459459459459461,0.7167418980830059,0.8729729729729729,"#creatingthefuture, #entrepreneurialuniversity, #kampusswastaterbaik","#contributetotheworld, #kampusberdampak, #safeaiuniversity"
"entrepreneurialuniversity, kampusswastaterbaik","creatingthefuture, safeaiuniversity, sustainabilityuniversity",0.1382144191258872,0.10310048561822936,0.1031,0.7459,7.2351,1.0,0.0888505118869089,3.530349152353777,1.0,0.7459459459459461,0.7167418980830059,0.8729729729729729,"#entrepreneurialuniversity, #kampusswastaterbaik","#creatingthefuture, #safeaiuniversity, #sustainabilityuniversity"
"safeaiuniversity, sustainabilityuniversity","creatingthefuture, entrepreneurialuniversity, kampusswastaterbaik",0.10310048561822936,0.1382144191258872,0.1031,1.0,7.2351,1.0,0.0888505118869089,inf,0.9608496459808413,0.7459459459459461,1.0,0.8729729729729729,"#safeaiuniversity, #sustainabilityuniversity","#creatingthefuture, #entrepreneurialuniversity, #kampusswastaterbaik"
"entrepreneurialuniversity, kampusswastaterbaik","contributetotheworld, creatingthefuture, safeaiuniversity",0.1382144191258872,0.10310048561822936,0.1031,0.7459,7.2351,1.0,0.0888505118869089,3.530349152353777,1.0,0.7459459459459461,0.7167418980830059,0.8729729729729729,"#entrepreneurialuniversity, #kampusswastaterbaik","#contributetotheworld, #creatingthefuture, #safeaiuniversity"
"contributetotheworld, safeaiuniversity","creatingthefuture, entrepreneurialuniversity, kampusswastaterbaik",0.10310048561822936,0.1382144191258872,0.1031,1.0,7.2351,1.0,0.0888505118869089,inf,0.9608496459808413,0.7459459459459461,1.0,0.8729729729729729,"#contributetotheworld, #safeaiuniversity","#creatingthefuture, #entrepreneurialuniversity, #kampusswastaterbaik"
"entrepreneurialuniversity, kampusswastaterbaik","safeaiuniversity, sustainabilityuniversity",0.1382144191258872,0.10310048561822936,0.1031,0.7459,7.2351,1.0,0.0888505118869089,3.530349152353777,1.0,0.7459459459459461,0.7167418980830059,0.8729729729729729,"#entrepreneurialuniversity, #kampusswastaterbaik","#safeaiuniversity, #sustainabilityuniversity"
"safeaiuniversity, sustainabilityuniversity","entrepreneurialuniversity, kampusswastaterbaik",0.10310048561822936,0.1382144191258872,0.1031,1.0,7.2351,1.0,0.0888505118869089,inf,0.9608496459808413,0.7459459459459461,1.0,0.8729729729729729,"#safeaiuniversity, #sustainabilityuniversity","#entrepreneurialuniversity, #kampusswastaterbaik"
"creatingthefuture, entrepreneurialuniversity, kampusswastaterbaik","contributetotheworld, safeaiuniversity",0.1382144191258872,0.10310048561822936,0.1031,0.7459,7.2351,1.0,0.0888505118869089,3.530349152353777,1.0,0.7459459459459461,0.7167418980830059,0.8729729729729729,"#creatingthefuture, #entrepreneurialuniversity, #kampusswastaterbaik","#contributetotheworld, #safeaiuniversity"
"creatingthefuture, entrepreneurialuniversity, kampusswastaterbaik","safeaiuniversity, sustainabilityuniversity",0.1382144191258872,0.10310048561822936,0.1031,0.7459,7.2351,1.0,0.0888505118869089,3.530349152353777,1.0,0.7459459459459461,0.7167418980830059,0.8729729729729729,"#creatingthefuture, #entrepreneurialuniversity, #kampusswastaterbaik","#safeaiuniversity, #sustainabilityuniversity"
"contributetotheworld, creatingthefuture, kampusberdampak, sustainabilityuniversity","entrepreneurialuniversity, kampusswastaterbaik",0.10347403810235338,0.1382144191258872,0.1035,1.0,7.2351,1.0,0.08917243403142669,inf,0.96125,0.7486486486486488,1.0,0.8743243243243243,"#contributetotheworld, #creatingthefuture, #kampusberdampak, #sustainabilityuniversity","#entrepreneurialuniversity, #kampusswastaterbaik"
"entrepreneurialuniversity, kampusswastaterbaik","contributetotheworld, creatingthefuture, kampusberdampak, safeaiuniversity",0.1382144191258872,0.10310048561822936,0.1031,0.7459,7.2351,1.0,0.0888505118869089,3.530349152353777,1.0,0.7459459459459461,0.7167418980830059,0.8729729729729729,"#entrepreneurialuniversity, #kampusswastaterbaik","#contributetotheworld, #creatingthefuture, #kampusberdampak, #safeaiuniversity"
"creatingthefuture, entrepreneurialuniversity, kampusswastaterbaik","contributetotheworld, safeaiuniversity, sustainabilityuniversity",0.1382144191258872,0.10310048561822936,0.1031,0.7459,7.2351,1.0,0.0888505118869089,3.530349152353777,1.0,0.7459459459459461,0.7167418980830059,0.8729729729729729,"#creatingthefuture, #entrepreneurialuniversity, #kampusswastaterbaik","#contributetotheworld, #safeaiuniversity, #sustainabilityuniversity"
"kampusberdampak, sustainabilityuniversity","creatingthefuture, entrepreneurialuniversity, kampusswastaterbaik",0.10347403810235338,0.1382144191258872,0.1035,1.0,7.2351,1.0,0.08917243403142669,inf,0.96125,0.7486486486486488,1.0,0.8743243243243243,"#kampusberdampak, #sustainabilityuniversity","#creatingthefuture, #entrepreneurialuniversity, #kampusswastaterbaik"
"entrepreneurialuniversity, kampusswastaterbaik","creatingthefuture, kampusberdampak, safeaiuniversity",0.1382144191258872,0.10310048561822936,0.1031,0.7459,7.2351,1.0,0.0888505118869089,3.530349152353777,1.0,0.7459459459459461,0.7167418980830059,0.8729729729729729,"#entrepreneurialuniversity, #kampusswastaterbaik","#creatingthefuture, #kampusberdampak, #safeaiuniversity"
"contributetotheworld, safeaiuniversity, sustainabilityuniversity","creatingthefuture, entrepreneurialuniversity, kampusswastaterbaik",0.10310048561822936,0.1382144191258872,0.1031,1.0,7.2351,1.0,0.0888505118869089,inf,0.9608496459808413,0.7459459459459461,1.0,0.8729729729729729,"#contributetotheworld, #safeaiuniversity, #sustainabilityuniversity","#creatingthefuture, #entrepreneurialuniversity, #kampusswastaterbaik"
"entrepreneurialuniversity, kampusswastaterbaik","contributetotheworld, kampusberdampak, safeaiuniversity, sustainabilityuniversity",0.1382144191258872,0.10310048561822936,0.1031,0.7459,7.2351,1.0,0.0888505118869089,3.530349152353777,1.0,0.7459459459459461,0.7167418980830059,0.8729729729729729,"#entrepreneurialuniversity, #kampusswastaterbaik","#contributetotheworld, #kampusberdampak, #safeaiuniversity, #sustainabilityuniversity"
"creatingthefuture, kampusberdampak, sustainabilityuniversity","entrepreneurialuniversity, kampusswastaterbaik",0.10347403810235338,0.1382144191258872,0.1035,1.0,7.2351,1.0,0.08917243403142669,inf,0.96125,0.7486486486486488,1.0,0.8743243243243243,"#creatingthefuture, #kampusberdampak, #sustainabilityuniversity","#entrepreneurialuniversity, #kampusswastaterbaik"
"entrepreneurialuniversity, kampusswastaterbaik","contributetotheworld, safeaiuniversity",0.1382144191258872,0.10310048561822936,0.1031,0.7459,7.2351,1.0,0.0888505118869089,3.530349152353777,1.0,0.7459459459459461,0.7167418980830059,0.8729729729729729,"#entrepreneurialuniversity, #kampusswastaterbaik","#contributetotheworld, #safeaiuniversity"
"contributetotheworld, safeaiuniversity","entrepreneurialuniversity, kampusswastaterbaik",0.10310048561822936,0.1382144191258872,0.1031,1.0,7.2351,1.0,0.0888505118869089,inf,0.9608496459808413,0.7459459459459461,1.0,0.8729729729729729,"#contributetotheworld, #safeaiuniversity","#entrepreneurialuniversity, #kampusswastaterbaik"
"entrepreneurialuniversity, kampusswastaterbaik","kampusberdampak, safeaiuniversity, sustainabilityuniversity",0.1382144191258872,0.10310048561822936,0.1031,0.7459,7.2351,1.0,0.0888505118869089,3.530349152353777,1.0,0.7459459459459461,0.7167418980830059,0.8729729729729729,"#entrepreneurialuniversity, #kampusswastaterbaik","#kampusberdampak, #safeaiuniversity, #sustainabilityuniversity"
"kampusberdampak, safeaiuniversity, sustainabilityuniversity","entrepreneurialuniversity, kampusswastaterbaik",0.10310048561822936,0.1382144191258872,0.1031,1.0,7.2351,1.0,0.0888505118869089,inf,0.9608496459808413,0.7459459459459461,1.0,0.8729729729729729,"#kampusberdampak, #safeaiuniversity, #sustainabilityuniversity","#entrepreneurialuniversity, #kampusswastaterbaik"
"creatingthefuture, entrepreneurialuniversity, kampusswastaterbaik",safeaiuniversity,0.1382144191258872,0.10310048561822936,0.1031,0.7459,7.2351,1.0,0.0888505118869089,3.530349152353777,1.0,0.7459459459459461,0.7167418980830059,0.8729729729729729,"#creatingthefuture, #entrepreneurialuniversity, #kampusswastaterbaik",#safeaiuniversity
"creatingthefuture, safeaiuniversity","entrepreneurialuniversity, kampusswastaterbaik",0.10310048561822936,0.1382144191258872,0.1031,1.0,7.2351,1.0,0.0888505118869089,inf,0.9608496459808413,0.7459459459459461,1.0,0.8729729729729729,"#creatingthefuture, #safeaiuniversity","#entrepreneurialuniversity, #kampusswastaterbaik"
"entrepreneurialuniversity, kampusswastaterbaik","creatingthefuture, safeaiuniversity",0.1382144191258872,0.10310048561822936,0.1031,0.7459,7.2351,1.0,0.0888505118869089,3.530349152353777,1.0,0.7459459459459461,0.7167418980830059,0.8729729729729729,"#entrepreneurialuniversity, #kampusswastaterbaik","#creatingthefuture, #safeaiuniversity"
"entrepreneurialuniversity, kampusswastaterbaik","contributetotheworld, kampusberdampak, safeaiuniversity",0.1382144191258872,0.10310048561822936,0.1031,0.7459,7.2351,1.0,0.0888505118869089,3.530349152353777,1.0,0.7459459459459461,0.7167418980830059,0.8729729729729729,"#entrepreneurialuniversity, #kampusswastaterbaik","#contributetotheworld, #kampusberdampak, #safeaiuniversity"
"contributetotheworld, kampusberdampak, safeaiuniversity","entrepreneurialuniversity, kampusswastaterbaik",0.10310048561822936,0.1382144191258872,0.1031,1.0,7.2351,1.0,0.0888505118869089,inf,0.9608496459808413,0.7459459459459461,1.0,0.8729729729729729,"#contributetotheworld, #kampusberdampak, #safeaiuniversity","#entrepreneurialuniversity, #kampusswastaterbaik"
"contributetotheworld, kampusberdampak, sustainabilityuniversity","creatingthefuture, entrepreneurialuniversity, kampusswastaterbaik",0.10347403810235338,0.1382144191258872,0.1035,1.0,7.2351,1.0,0.08917243403142669,inf,0.96125,0.7486486486486488,1.0,0.8743243243243243,"#contributetotheworld, #kampusberdampak, #sustainabilityuniversity","#creatingthefuture, #entrepreneurialuniversity, #kampusswastaterbaik"
"contributetotheworld, kampusberdampak, safeaiuniversity, sustainabilityuniversity","creatingthefuture, entrepreneurialuniversity, kampusswastaterbaik",0.10310048561822936,0.1382144191258872,0.1031,1.0,7.2351,1.0,0.0888505118869089,inf,0.9608496459808413,0.7459459459459461,1.0,0.8729729729729729,"#contributetotheworld, #kampusberdampak, #safeaiuniversity, #sustainabilityuniversity","#creatingthefuture, #entrepreneurialuniversity, #kampusswastaterbaik"
"creatingthefuture, kampusberdampak, safeaiuniversity","entrepreneurialuniversity, kampusswastaterbaik",0.10310048561822936,0.1382144191258872,0.1031,1.0,7.2351,1.0,0.0888505118869089,inf,0.9608496459808413,0.7459459459459461,1.0,0.8729729729729729,"#creatingthefuture, #kampusberdampak, #safeaiuniversity","#entrepreneurialuniversity, #kampusswastaterbaik"
safeaiuniversity,"creatingthefuture, entrepreneurialuniversity, kampusswastaterbaik",0.10310048561822936,0.1382144191258872,0.1031,1.0,7.2351,1.0,0.0888505118869089,inf,0.9608496459808413,0.7459459459459461,1.0,0.8729729729729729,#safeaiuniversity,"#creatingthefuture, #entrepreneurialuniversity, #kampusswastaterbaik"
"creatingthefuture, entrepreneurialuniversity, kampusswastaterbaik","kampusberdampak, safeaiuniversity",0.1382144191258872,0.10310048561822936,0.1031,0.7459,7.2351,1.0,0.0888505118869089,3.530349152353777,1.0,0.7459459459459461,0.7167418980830059,0.8729729729729729,"#creatingthefuture, #entrepreneurialuniversity, #kampusswastaterbaik","#kampusberdampak, #safeaiuniversity"
"kampusberdampak, safeaiuniversity","creatingthefuture, entrepreneurialuniversity, kampusswastaterbaik",0.10310048561822936,0.1382144191258872,0.1031,1.0,7.2351,1.0,0.0888505118869089,inf,0.9608496459808413,0.7459459459459461,1.0,0.8729729729729729,"#kampusberdampak, #safeaiuniversity","#creatingthefuture, #entrepreneurialuniversity, #kampusswastaterbaik"
"contributetotheworld, kampusberdampak, sustainabilityuniversity","entrepreneurialuniversity, kampusswastaterbaik",0.10347403810235338,0.1382144191258872,0.1035,1.0,7.2351,1.0,0.08917243403142669,inf,0.96125,0.7486486486486488,1.0,0.8743243243243243,"#contributetotheworld, #kampusberdampak, #sustainabilityuniversity","#entrepreneurialuniversity, #kampusswastaterbaik"
"entrepreneurialuniversity, kampusswastaterbaik","creatingthefuture, kampusberdampak, safeaiuniversity, sustainabilityuniversity",0.1382144191258872,0.10310048561822936,0.1031,0.7459,7.2351,1.0,0.0888505118869089,3.530349152353777,1.0,0.7459459459459461,0.7167418980830059,0.8729729729729729,"#entrepreneurialuniversity, #kampusswastaterbaik","#creatingthefuture, #kampusberdampak, #safeaiuniversity, #sustainabilityuniversity"
"creatingthefuture, entrepreneurialuniversity, kampusswastaterbaik","kampusberdampak, safeaiuniversity, sustainabilityuniversity",0.1382144191258872,0.10310048561822936,0.1031,0.7459,7.2351,1.0,0.0888505118869089,3.530349152353777,1.0,0.7459459459459461,0.7167418980830059,0.8729729729729729,"#creatingthefuture, #entrepreneurialuniversity, #kampusswastaterbaik","#kampusberdampak, #safeaiuniversity, #sustainabilityuniversity"
"contributetotheworld, creatingthefuture, safeaiuniversity, sustainabilityuniversity","entrepreneurialuniversity, kampusswastaterbaik",0.10310048561822936,0.1382144191258872,0.1031,1.0,7.2351,1.0,0.0888505118869089,inf,0.9608496459808413,0.7459459459459461,1.0,0.8729729729729729,"#contributetotheworld, #creatingthefuture, #safeaiuniversity, #sustainabilityuniversity","#entrepreneurialuniversity, #kampusswastaterbaik"
"entrepreneurialuniversity, kampusswastaterbaik","contributetotheworld, safeaiuniversity, sustainabilityuniversity",0.1382144191258872,0.10310048561822936,0.1031,0.7459,7.2351,1.0,0.0888505118869089,3.530349152353777,1.0,0.7459459459459461,0.7167418980830059,0.8729729729729729,"#entrepreneurialuniversity, #kampusswastaterbaik","#contributetotheworld, #safeaiuniversity, #sustainabilityuniversity"
"entrepreneurialuniversity, kampusswastaterbaik",safeaiuniversity,0.1382144191258872,0.10310048561822936,0.1031,0.7459,7.2351,1.0,0.0888505118869089,3.530349152353777,1.0,0.7459459459459461,0.7167418980830059,0.8729729729729729,"#entrepreneurialuniversity, #kampusswastaterbaik",#safeaiuniversity
safeaiuniversity,"entrepreneurialuniversity, kampusswastaterbaik",0.10310048561822936,0.1382144191258872,0.1031,1.0,7.2351,1.0,0.0888505118869089,inf,0.9608496459808413,0.7459459459459461,1.0,0.8729729729729729,#safeaiuniversity,"#entrepreneurialuniversity, #kampusswastaterbaik"
"contributetotheworld, safeaiuniversity, sustainabilityuniversity","entrepreneurialuniversity, kampusswastaterbaik",0.10310048561822936,0.1382144191258872,0.1031,1.0,7.2351,1.0,0.0888505118869089,inf,0.9608496459808413,0.7459459459459461,1.0,0.8729729729729729,"#contributetotheworld, #safeaiuniversity, #sustainabilityuniversity","#entrepreneurialuniversity, #kampusswastaterbaik"
"contributetotheworld, kampusberdampak, safeaiuniversity, sustainabilityuniversity","entrepreneurialuniversity, kampusswastaterbaik",0.10310048561822936,0.1382144191258872,0.1031,1.0,7.2351,1.0,0.0888505118869089,inf,0.9608496459808413,0.7459459459459461,1.0,0.8729729729729729,"#contributetotheworld, #kampusberdampak, #safeaiuniversity, #sustainabilityuniversity","#entrepreneurialuniversity, #kampusswastaterbaik"
"contributetotheworld, creatingthefuture, kampusberdampak, safeaiuniversity","entrepreneurialuniversity, kampusswastaterbaik",0.10310048561822936,0.1382144191258872,0.1031,1.0,7.2351,1.0,0.0888505118869089,inf,0.9608496459808413,0.7459459459459461,1.0,0.8729729729729729,"#contributetotheworld, #creatingthefuture, #kampusberdampak, #safeaiuniversity","#entrepreneurialuniversity, #kampusswastaterbaik"
"creatingthefuture, entrepreneurialuniversity, kampusswastaterbaik","contributetotheworld, kampusberdampak, sustainabilityuniversity",0.1382144191258872,0.10347403810235338,0.1035,0.7486,7.2351,1.0,0.08917243403142669,3.566823719377733,1.0,0.7486486486486488,0.7196385135135134,0.8743243243243243,"#creatingthefuture, #entrepreneurialuniversity, #kampusswastaterbaik","#contributetotheworld, #kampusberdampak, #sustainabilityuniversity"
"entrepreneurialuniversity, kampusswastaterbaik","contributetotheworld, creatingthefuture, kampusberdampak, sustainabilityuniversity",0.1382144191258872,0.10347403810235338,0.1035,0.7486,7.2351,1.0,0.08917243403142669,3.566823719377733,1.0,0.7486486486486488,0.7196385135135134,0.8743243243243243,"#entrepreneurialuniversity, #kampusswastaterbaik","#contributetotheworld, #creatingthefuture, #kampusberdampak, #sustainabilityuniversity"
"entrepreneurialuniversity, kampusswastaterbaik","contributetotheworld, kampusberdampak, sustainabilityuniversity",0.1382144191258872,0.10347403810235338,0.1035,0.7486,7.2351,1.0,0.08917243403142669,3.566823719377733,1.0,0.7486486486486488,0.7196385135135134,0.8743243243243243,"#entrepreneurialuniversity, #kampusswastaterbaik","#contributetotheworld, #kampusberdampak, #sustainabilityuniversity"
"entrepreneurialuniversity, kampusswastaterbaik","kampusberdampak, sustainabilityuniversity",0.1382144191258872,0.10347403810235338,0.1035,0.7486,7.2351,1.0,0.08917243403142669,3.566823719377733,1.0,0.7486486486486488,0.7196385135135134,0.8743243243243243,"#entrepreneurialuniversity, #kampusswastaterbaik","#kampusberdampak, #sustainabilityuniversity"
"entrepreneurialuniversity, kampusswastaterbaik","contributetotheworld, creatingthefuture, kampusberdampak",0.1382144191258872,0.10347403810235338,0.1035,0.7486,7.2351,1.0,0.08917243403142669,3.566823719377733,1.0,0.7486486486486488,0.7196385135135134,0.8743243243243243,"#entrepreneurialuniversity, #kampusswastaterbaik","#contributetotheworld, #creatingthefuture, #kampusberdampak"
"entrepreneurialuniversity, kampusswastaterbaik","creatingthefuture, kampusberdampak, sustainabilityuniversity",0.1382144191258872,0.10347403810235338,0.1035,0.7486,7.2351,1.0,0.08917243403142669,3.566823719377733,1.0,0.7486486486486488,0.7196385135135134,0.8743243243243243,"#entrepreneurialuniversity, #kampusswastaterbaik","#creatingthefuture, #kampusberdampak, #sustainabilityuniversity"
"creatingthefuture, entrepreneurialuniversity, kampusswastaterbaik","kampusberdampak, sustainabilityuniversity",0.1382144191258872,0.10347403810235338,0.1035,0.7486,7.2351,1.0,0.08917243403142669,3.566823719377733,1.0,0.7486486486486488,0.7196385135135134,0.8743243243243243,"#creatingthefuture, #entrepreneurialuniversity, #kampusswastaterbaik","#kampusberdampak, #sustainabilityuniversity"
"entrepreneurialuniversity, kampusswastaterbaik, sustainabilityuniversity","creatingthefuture, kampusberdampak",0.13784086664176318,0.1038475905864774,0.1035,0.7507,7.2286,1.0,0.08915959621725433,3.5943504247129328,0.9994228206395587,0.7486486486486488,0.7217856130207821,0.8735401922364547,"#entrepreneurialuniversity, #kampusswastaterbaik, #sustainabilityuniversity","#creatingthefuture, #kampusberdampak"
"kampusswastaterbaik, sustainabilityuniversity","creatingthefuture, kampusberdampak",0.13784086664176318,0.1038475905864774,0.1035,0.7507,7.2286,1.0,0.08915959621725433,3.5943504247129328,0.9994228206395587,0.7486486486486488,0.7217856130207821,0.8735401922364547,"#kampusswastaterbaik, #sustainabilityuniversity","#creatingthefuture, #kampusberdampak"
"creatingthefuture, kampusberdampak","kampusswastaterbaik, sustainabilityuniversity",0.1038475905864774,0.13784086664176318,0.1035,0.9964,7.2286,1.0,0.08915959621725433,239.6802390735913,0.9615122426161323,0.7486486486486488,0.9958277745221501,0.8735401922364547,"#creatingthefuture, #kampusberdampak","#kampusswastaterbaik, #sustainabilityuniversity"
"creatingthefuture, kampusberdampak","entrepreneurialuniversity, kampusswastaterbaik, sustainabilityuniversity",0.1038475905864774,0.13784086664176318,0.1035,0.9964,7.2286,1.0,0.08915959621725433,239.6802390735913,0.9615122426161323,0.7486486486486488,0.9958277745221501,0.8735401922364547,"#creatingthefuture, #kampusberdampak","#entrepreneurialuniversity, #kampusswastaterbaik, #sustainabilityuniversity"
sustainabilityuniversity,"kampusberdampak, safeaiuniversity",0.1385879716100112,0.10310048561822936,0.1031,0.7439,7.2156,1.0,0.08881199844439182,3.502628629848809,1.0,0.7439353099730459,0.7145001352760698,0.871967654986523,#sustainabilityuniversity,"#kampusberdampak, #safeaiuniversity"
"kampusswastaterbaik, safeaiuniversity",sustainabilityuniversity,0.10310048561822936,0.1385879716100112,0.1031,1.0,7.2156,1.0,0.08881199844439182,inf,0.9604331528529779,0.7439353099730459,1.0,0.871967654986523,"#kampusswastaterbaik, #safeaiuniversity",#sustainabilityuniversity
"creatingthefuture, entrepreneurialuniversity, sustainabilityuniversity","kampusberdampak, kampusswastaterbaik, safeaiuniversity",0.1385879716100112,0.10310048561822936,0.1031,0.7439,7.2156,1.0,0.08881199844439182,3.502628629848809,1.0,0.7439353099730459,0.7145001352760698,0.871967654986523,"#creatingthefuture, #entrepreneurialuniversity, #sustainabilityuniversity","#kampusberdampak, #kampusswastaterbaik, #safeaiuniversity"
"creatingthefuture, entrepreneurialuniversity, kampusberdampak",sustainabilityuniversity,0.10347403810235338,0.1385879716100112,0.1035,1.0,7.2156,1.0,0.0891337810474512,inf,0.9608333333333332,0.7466307277628034,1.0,0.8733153638814015,"#creatingthefuture, #entrepreneurialuniversity, #kampusberdampak",#sustainabilityuniversity
"creatingthefuture, entrepreneurialuniversity, sustainabilityuniversity","contributetotheworld, kampusswastaterbaik, safeaiuniversity",0.1385879716100112,0.10310048561822936,0.1031,0.7439,7.2156,1.0,0.08881199844439182,3.502628629848809,1.0,0.7439353099730459,0.7145001352760698,0.871967654986523,"#creatingthefuture, #entrepreneurialuniversity, #sustainabilityuniversity","#contributetotheworld, #kampusswastaterbaik, #safeaiuniversity"
"contributetotheworld, creatingthefuture, kampusswastaterbaik, safeaiuniversity","entrepreneurialuniversity, sustainabilityuniversity",0.10310048561822936,0.1385879716100112,0.1031,1.0,7.2156,1.0,0.08881199844439182,inf,0.9604331528529779,0.7439353099730459,1.0,0.871967654986523,"#contributetotheworld, #creatingthefuture, #kampusswastaterbaik, #safeaiuniversity","#entrepreneurialuniversity, #sustainabilityuniversity"
"creatingthefuture, sustainabilityuniversity","entrepreneurialuniversity, kampusberdampak",0.1385879716100112,0.10347403810235338,0.1035,0.7466,7.2156,1.0,0.0891337810474512,3.538416296425817,1.0,0.7466307277628034,0.7173876909254266,0.8733153638814015,"#creatingthefuture, #sustainabilityuniversity","#entrepreneurialuniversity, #kampusberdampak"
"entrepreneurialuniversity, safeaiuniversity","creatingthefuture, kampusswastaterbaik",0.10310048561822936,0.1385879716100112,0.1031,1.0,7.2156,1.0,0.08881199844439182,inf,0.9604331528529779,0.7439353099730459,1.0,0.871967654986523,"#entrepreneurialuniversity, #safeaiuniversity","#creatingthefuture, #kampusswastaterbaik"
"entrepreneurialuniversity, kampusberdampak","creatingthefuture, sustainabilityuniversity",0.10347403810235338,0.1385879716100112,0.1035,1.0,7.2156,1.0,0.0891337810474512,inf,0.9608333333333332,0.7466307277628034,1.0,0.8733153638814015,"#entrepreneurialuniversity, #kampusberdampak","#creatingthefuture, #sustainabilityuniversity"
"contributetotheworld, entrepreneurialuniversity, kampusberdampak, kampusswastaterbaik",sustainabilityuniversity,0.10347403810235338,0.1385879716100112,0.1035,1.0,7.2156,1.0,0.0891337810474512,inf,0.9608333333333332,0.7466307277628034,1.0,0.8733153638814015,"#contributetotheworld, #entrepreneurialuniversity, #kampusberdampak, #kampusswastaterbaik",#sustainabilityuniversity
"entrepreneurialuniversity, sustainabilityuniversity",safeaiuniversity,0.1385879716100112,0.10310048561822936,0.1031,0.7439,7.2156,1.0,0.08881199844439182,3.502628629848809,1.0,0.7439353099730459,0.7145001352760698,0.871967654986523,"#entrepreneurialuniversity, #sustainabilityuniversity",#safeaiuniversity
sustainabilityuniversity,"contributetotheworld, entrepreneurialuniversity, kampusberdampak, kampusswastaterbaik",0.1385879716100112,0.10347403810235338,0.1035,0.7466,7.2156,1.0,0.0891337810474512,3.538416296425817,1.0,0.7466307277628034,0.7173876909254266,0.8733153638814015,#sustainabilityuniversity,"#contributetotheworld, #entrepreneurialuniversity, #kampusberdampak, #kampusswastaterbaik"
safeaiuniversity,"entrepreneurialuniversity, sustainabilityuniversity",0.10310048561822936,0.1385879716100112,0.1031,1.0,7.2156,1.0,0.08881199844439182,inf,0.9604331528529779,0.7439353099730459,1.0,0.871967654986523,#safeaiuniversity,"#entrepreneurialuniversity, #sustainabilityuniversity"
sustainabilityuniversity,"entrepreneurialuniversity, safeaiuniversity",0.1385879716100112,0.10310048561822936,0.1031,0.7439,7.2156,1.0,0.08881199844439182,3.502628629848809,1.0,0.7439353099730459,0.7145001352760698,0.871967654986523,#sustainabilityuniversity,"#entrepreneurialuniversity, #safeaiuniversity"
"entrepreneurialuniversity, kampusberdampak",sustainabilityuniversity,0.10347403810235338,0.1385879716100112,0.1035,1.0,7.2156,1.0,0.0891337810474512,inf,0.9608333333333332,0.7466307277628034,1.0,0.8733153638814015,"#entrepreneurialuniversity, #kampusberdampak",#sustainabilityuniversity
"creatingthefuture, kampusswastaterbaik","contributetotheworld, entrepreneurialuniversity, kampusberdampak, sustainabilityuniversity",0.1385879716100112,0.10347403810235338,0.1035,0.7466,7.2156,1.0,0.0891337810474512,3.538416296425817,1.0,0.7466307277628034,0.7173876909254266,0.8733153638814015,"#creatingthefuture, #kampusswastaterbaik","#contributetotheworld, #entrepreneurialuniversity, #kampusberdampak, #sustainabilityuniversity"
"entrepreneurialuniversity, sustainabilityuniversity","contributetotheworld, creatingthefuture, kampusberdampak",0.1385879716100112,0.10347403810235338,0.1035,0.7466,7.2156,1.0,0.0891337810474512,3.538416296425817,1.0,0.7466307277628034,0.7173876909254266,0.8733153638814015,"#entrepreneurialuniversity, #sustainabilityuniversity","#contributetotheworld, #creatingthefuture, #kampusberdampak"
"contributetotheworld, creatingthefuture, entrepreneurialuniversity, kampusberdampak",sustainabilityuniversity,0.10347403810235338,0.1385879716100112,0.1035,1.0,7.2156,1.0,0.0891337810474512,inf,0.9608333333333332,0.7466307277628034,1.0,0.8733153638814015,"#contributetotheworld, #creatingthefuture, #entrepreneurialuniversity, #kampusberdampak",#sustainabilityuniversity
"contributetotheworld, creatingthefuture, kampusberdampak","entrepreneurialuniversity, sustainabilityuniversity",0.10347403810235338,0.1385879716100112,0.1035,1.0,7.2156,1.0,0.0891337810474512,inf,0.9608333333333332,0.7466307277628034,1.0,0.8733153638814015,"#contributetotheworld, #creatingthefuture, #kampusberdampak","#entrepreneurialuniversity, #sustainabilityuniversity"
"contributetotheworld, entrepreneurialuniversity, kampusberdampak","creatingthefuture, sustainabilityuniversity",0.10347403810235338,0.1385879716100112,0.1035,1.0,7.2156,1.0,0.0891337810474512,inf,0.9608333333333332,0.7466307277628034,1.0,0.8733153638814015,"#contributetotheworld, #entrepreneurialuniversity, #kampusberdampak","#creatingthefuture, #sustainabilityuniversity"
sustainabilityuniversity,"contributetotheworld, creatingthefuture, entrepreneurialuniversity, kampusberdampak",0.1385879716100112,0.10347403810235338,0.1035,0.7466,7.2156,1.0,0.0891337810474512,3.538416296425817,1.0,0.7466307277628034,0.7173876909254266,0.8733153638814015,#sustainabilityuniversity,"#contributetotheworld, #creatingthefuture, #entrepreneurialuniversity, #kampusberdampak"
"contributetotheworld, kampusberdampak, kampusswastaterbaik, safeaiuniversity","creatingthefuture, sustainabilityuniversity",0.10310048561822936,0.1385879716100112,0.1031,1.0,7.2156,1.0,0.08881199844439182,inf,0.9604331528529779,0.7439353099730459,1.0,0.871967654986523,"#contributetotheworld, #kampusberdampak, #kampusswastaterbaik, #safeaiuniversity","#creatingthefuture, #sustainabilityuniversity"
"contributetotheworld, entrepreneurialuniversity, kampusswastaterbaik, safeaiuniversity","creatingthefuture, sustainabilityuniversity",0.10310048561822936,0.1385879716100112,0.1031,1.0,7.2156,1.0,0.08881199844439182,inf,0.9604331528529779,0.7439353099730459,1.0,0.871967654986523,"#contributetotheworld, #entrepreneurialuniversity, #kampusswastaterbaik, #safeaiuniversity","#creatingthefuture, #sustainabilityuniversity"
"contributetotheworld, entrepreneurialuniversity, safeaiuniversity, sustainabilityuniversity","creatingthefuture, kampusswastaterbaik",0.10310048561822936,0.1385879716100112,0.1031,1.0,7.2156,1.0,0.08881199844439182,inf,0.9604331528529779,0.7439353099730459,1.0,0.871967654986523,"#contributetotheworld, #entrepreneurialuniversity, #safeaiuniversity, #sustainabilityuniversity","#creatingthefuture, #kampusswastaterbaik"
"entrepreneurialuniversity, sustainabilityuniversity","contributetotheworld, creatingthefuture, kampusberdampak, safeaiuniversity",0.1385879716100112,0.10310048561822936,0.1031,0.7439,7.2156,1.0,0.08881199844439182,3.502628629848809,1.0,0.7439353099730459,0.7145001352760698,0.871967654986523,"#entrepreneurialuniversity, #sustainabilityuniversity","#contributetotheworld, #creatingthefuture, #kampusberdampak, #safeaiuniversity"
"entrepreneurialuniversity, safeaiuniversity",sustainabilityuniversity,0.10310048561822936,0.1385879716100112,0.1031,1.0,7.2156,1.0,0.08881199844439182,inf,0.9604331528529779,0.7439353099730459,1.0,0.871967654986523,"#entrepreneurialuniversity, #safeaiuniversity",#sustainabilityuniversity
"creatingthefuture, kampusswastaterbaik","contributetotheworld, entrepreneurialuniversity, kampusberdampak, safeaiuniversity, sustainabilityuniversity",0.1385879716100112,0.10310048561822936,0.1031,0.7439,7.2156,1.0,0.08881199844439182,3.502628629848809,1.0,0.7439353099730459,0.7145001352760698,0.871967654986523,"#creatingthefuture, #kampusswastaterbaik","#contributetotheworld, #entrepreneurialuniversity, #kampusberdampak, #safeaiuniversity, #sustainabilityuniversity"
"contributetotheworld, creatingthefuture, entrepreneurialuniversity, kampusberdampak, kampusswastaterbaik",sustainabilityuniversity,0.10347403810235338,0.1385879716100112,0.1035,1.0,7.2156,1.0,0.0891337810474512,inf,0.9608333333333332,0.7466307277628034,1.0,0.8733153638814015,"#contributetotheworld, #creatingthefuture, #entrepreneurialuniversity, #kampusberdampak, #kampusswastaterbaik",#sustainabilityuniversity
"contributetotheworld, entrepreneurialuniversity, kampusberdampak","creatingthefuture, kampusswastaterbaik",0.10347403810235338,0.1385879716100112,0.1035,1.0,7.2156,1.0,0.0891337810474512,inf,0.9608333333333332,0.7466307277628034,1.0,0.8733153638814015,"#contributetotheworld, #entrepreneurialuniversity, #kampusberdampak","#creatingthefuture, #kampusswastaterbaik"
"contributetotheworld, entrepreneurialuniversity, kampusberdampak, safeaiuniversity","creatingthefuture, kampusswastaterbaik",0.10310048561822936,0.1385879716100112,0.1031,1.0,7.2156,1.0,0.08881199844439182,inf,0.9604331528529779,0.7439353099730459,1.0,0.871967654986523,"#contributetotheworld, #entrepreneurialuniversity, #kampusberdampak, #safeaiuniversity","#creatingthefuture, #kampusswastaterbaik"
"entrepreneurialuniversity, kampusswastaterbaik, safeaiuniversity",sustainabilityuniversity,0.10310048561822936,0.1385879716100112,0.1031,1.0,7.2156,1.0,0.08881199844439182,inf,0.9604331528529779,0.7439353099730459,1.0,0.871967654986523,"#entrepreneurialuniversity, #kampusswastaterbaik, #safeaiuniversity",#sustainabilityuniversity
"creatingthefuture, kampusswastaterbaik","contributetotheworld, entrepreneurialuniversity, kampusberdampak",0.1385879716100112,0.10347403810235338,0.1035,0.7466,7.2156,1.0,0.0891337810474512,3.538416296425817,1.0,0.7466307277628034,0.7173876909254266,0.8733153638814015,"#creatingthefuture, #kampusswastaterbaik","#contributetotheworld, #entrepreneurialuniversity, #kampusberdampak"
"entrepreneurialuniversity, sustainabilityuniversity","kampusswastaterbaik, safeaiuniversity",0.1385879716100112,0.10310048561822936,0.1031,0.7439,7.2156,1.0,0.08881199844439182,3.502628629848809,1.0,0.7439353099730459,0.7145001352760698,0.871967654986523,"#entrepreneurialuniversity, #sustainabilityuniversity","#kampusswastaterbaik, #safeaiuniversity"
sustainabilityuniversity,"entrepreneurialuniversity, kampusswastaterbaik, safeaiuniversity",0.1385879716100112,0.10310048561822936,0.1031,0.7439,7.2156,1.0,0.08881199844439182,3.502628629848809,1.0,0.7439353099730459,0.7145001352760698,0.871967654986523,#sustainabilityuniversity,"#entrepreneurialuniversity, #kampusswastaterbaik, #safeaiuniversity"
"contributetotheworld, entrepreneurialuniversity, safeaiuniversity","creatingthefuture, kampusswastaterbaik",0.10310048561822936,0.1385879716100112,0.1031,1.0,7.2156,1.0,0.08881199844439182,inf,0.9604331528529779,0.7439353099730459,1.0,0.871967654986523,"#contributetotheworld, #entrepreneurialuniversity, #safeaiuniversity","#creatingthefuture, #kampusswastaterbaik"
"kampusswastaterbaik, safeaiuniversity","entrepreneurialuniversity, sustainabilityuniversity",0.10310048561822936,0.1385879716100112,0.1031,1.0,7.2156,1.0,0.08881199844439182,inf,0.9604331528529779,0.7439353099730459,1.0,0.871967654986523,"#kampusswastaterbaik, #safeaiuniversity","#entrepreneurialuniversity, #sustainabilityuniversity"
"kampusberdampak, kampusswastaterbaik, safeaiuniversity",sustainabilityuniversity,0.10310048561822936,0.1385879716100112,0.1031,1.0,7.2156,1.0,0.08881199844439182,inf,0.9604331528529779,0.7439353099730459,1.0,0.871967654986523,"#kampusberdampak, #kampusswastaterbaik, #safeaiuniversity",#sustainabilityuniversity
"entrepreneurialuniversity, kampusberdampak, safeaiuniversity",sustainabilityuniversity,0.10310048561822936,0.1385879716100112,0.1031,1.0,7.2156,1.0,0.08881199844439182,inf,0.9604331528529779,0.7439353099730459,1.0,0.871967654986523,"#entrepreneurialuniversity, #kampusberdampak, #safeaiuniversity",#sustainabilityuniversity
"kampusberdampak, safeaiuniversity","entrepreneurialuniversity, sustainabilityuniversity",0.10310048561822936,0.1385879716100112,0.1031,1.0,7.2156,1.0,0.08881199844439182,inf,0.9604331528529779,0.7439353099730459,1.0,0.871967654986523,"#kampusberdampak, #safeaiuniversity","#entrepreneurialuniversity, #sustainabilityuniversity"
"entrepreneurialuniversity, sustainabilityuniversity","kampusberdampak, safeaiuniversity",0.1385879716100112,0.10310048561822936,0.1031,0.7439,7.2156,1.0,0.08881199844439182,3.502628629848809,1.0,0.7439353099730459,0.7145001352760698,0.871967654986523,"#entrepreneurialuniversity, #sustainabilityuniversity","#kampusberdampak, #safeaiuniversity"
sustainabilityuniversity,"creatingthefuture, entrepreneurialuniversity, kampusswastaterbaik, safeaiuniversity",0.1385879716100112,0.10310048561822936,0.1031,0.7439,7.2156,1.0,0.08881199844439182,3.502628629848809,1.0,0.7439353099730459,0.7145001352760698,0.871967654986523,#sustainabilityuniversity,"#creatingthefuture, #entrepreneurialuniversity, #kampusswastaterbaik, #safeaiuniversity"
sustainabilityuniversity,"creatingthefuture, safeaiuniversity",0.1385879716100112,0.10310048561822936,0.1031,0.7439,7.2156,1.0,0.08881199844439182,3.502628629848809,1.0,0.7439353099730459,0.7145001352760698,0.871967654986523,#sustainabilityuniversity,"#creatingthefuture, #safeaiuniversity"
safeaiuniversity,"creatingthefuture, sustainabilityuniversity",0.10310048561822936,0.1385879716100112,0.1031,1.0,7.2156,1.0,0.08881199844439182,inf,0.9604331528529779,0.7439353099730459,1.0,0.871967654986523,#safeaiuniversity,"#creatingthefuture, #sustainabilityuniversity"
"creatingthefuture, kampusswastaterbaik","contributetotheworld, entrepreneurialuniversity, safeaiuniversity",0.1385879716100112,0.10310048561822936,0.1031,0.7439,7.2156,1.0,0.08881199844439182,3.502628629848809,1.0,0.7439353099730459,0.7145001352760698,0.871967654986523,"#creatingthefuture, #kampusswastaterbaik","#contributetotheworld, #entrepreneurialuniversity, #safeaiuniversity"
"contributetotheworld, creatingthefuture, entrepreneurialuniversity, kampusberdampak, safeaiuniversity",sustainabilityuniversity,0.10310048561822936,0.1385879716100112,0.1031,1.0,7.2156,1.0,0.08881199844439182,inf,0.9604331528529779,0.7439353099730459,1.0,0.871967654986523,"#contributetotheworld, #creatingthefuture, #entrepreneurialuniversity, #kampusberdampak, #safeaiuniversity",#sustainabilityuniversity
"contributetotheworld, creatingthefuture, kampusberdampak",sustainabilityuniversity,0.10347403810235338,0.1385879716100112,0.1035,1.0,7.2156,1.0,0.0891337810474512,inf,0.9608333333333332,0.7466307277628034,1.0,0.8733153638814015,"#contributetotheworld, #creatingthefuture, #kampusberdampak",#sustainabilityuniversity
"entrepreneurialuniversity, kampusberdampak, kampusswastaterbaik, safeaiuniversity",sustainabilityuniversity,0.10310048561822936,0.1385879716100112,0.1031,1.0,7.2156,1.0,0.08881199844439182,inf,0.9604331528529779,0.7439353099730459,1.0,0.871967654986523,"#entrepreneurialuniversity, #kampusberdampak, #kampusswastaterbaik, #safeaiuniversity",#sustainabilityuniversity
"kampusberdampak, kampusswastaterbaik, safeaiuniversity","entrepreneurialuniversity, sustainabilityuniversity",0.10310048561822936,0.1385879716100112,0.1031,1.0,7.2156,1.0,0.08881199844439182,inf,0.9604331528529779,0.7439353099730459,1.0,0.871967654986523,"#kampusberdampak, #kampusswastaterbaik, #safeaiuniversity","#entrepreneurialuniversity, #sustainabilityuniversity"
"entrepreneurialuniversity, sustainabilityuniversity","kampusberdampak, kampusswastaterbaik, safeaiuniversity",0.1385879716100112,0.10310048561822936,0.1031,0.7439,7.2156,1.0,0.08881199844439182,3.502628629848809,1.0,0.7439353099730459,0.7145001352760698,0.871967654986523,"#entrepreneurialuniversity, #sustainabilityuniversity","#kampusberdampak, #kampusswastaterbaik, #safeaiuniversity"
sustainabilityuniversity,"entrepreneurialuniversity, kampusberdampak, kampusswastaterbaik, safeaiuniversity",0.1385879716100112,0.10310048561822936,0.1031,0.7439,7.2156,1.0,0.08881199844439182,3.502628629848809,1.0,0.7439353099730459,0.7145001352760698,0.871967654986523,#sustainabilityuniversity,"#entrepreneurialuniversity, #kampusberdampak, #kampusswastaterbaik, #safeaiuniversity"
"entrepreneurialuniversity, sustainabilityuniversity","creatingthefuture, kampusswastaterbaik, safeaiuniversity",0.1385879716100112,0.10310048561822936,0.1031,0.7439,7.2156,1.0,0.08881199844439182,3.502628629848809,1.0,0.7439353099730459,0.7145001352760698,0.871967654986523,"#entrepreneurialuniversity, #sustainabilityuniversity","#creatingthefuture, #kampusswastaterbaik, #safeaiuniversity"
"entrepreneurialuniversity, sustainabilityuniversity","creatingthefuture, kampusberdampak, safeaiuniversity",0.1385879716100112,0.10310048561822936,0.1031,0.7439,7.2156,1.0,0.08881199844439182,3.502628629848809,1.0,0.7439353099730459,0.7145001352760698,0.871967654986523,"#entrepreneurialuniversity, #sustainabilityuniversity","#creatingthefuture, #kampusberdampak, #safeaiuniversity"
sustainabilityuniversity,"creatingthefuture, entrepreneurialuniversity, kampusberdampak, safeaiuniversity",0.1385879716100112,0.10310048561822936,0.1031,0.7439,7.2156,1.0,0.08881199844439182,3.502628629848809,1.0,0.7439353099730459,0.7145001352760698,0.871967654986523,#sustainabilityuniversity,"#creatingthefuture, #entrepreneurialuniversity, #kampusberdampak, #safeaiuniversity"
"contributetotheworld, creatingthefuture, kampusberdampak, kampusswastaterbaik, safeaiuniversity","entrepreneurialuniversity, sustainabilityuniversity",0.10310048561822936,0.1385879716100112,0.1031,1.0,7.2156,1.0,0.08881199844439182,inf,0.9604331528529779,0.7439353099730459,1.0,0.871967654986523,"#contributetotheworld, #creatingthefuture, #kampusberdampak, #kampusswastaterbaik, #safeaiuniversity","#entrepreneurialuniversity, #sustainabilityuniversity"
"contributetotheworld, entrepreneurialuniversity, kampusberdampak, kampusswastaterbaik, safeaiuniversity","creatingthefuture, sustainabilityuniversity",0.10310048561822936,0.1385879716100112,0.1031,1.0,7.2156,1.0,0.08881199844439182,inf,0.9604331528529779,0.7439353099730459,1.0,0.871967654986523,"#contributetotheworld, #entrepreneurialuniversity, #kampusberdampak, #kampusswastaterbaik, #safeaiuniversity","#creatingthefuture, #sustainabilityuniversity"
"creatingthefuture, sustainabilityuniversity","contributetotheworld, safeaiuniversity",0.1385879716100112,0.10310048561822936,0.1031,0.7439,7.2156,1.0,0.08881199844439182,3.502628629848809,1.0,0.7439353099730459,0.7145001352760698,0.871967654986523,"#creatingthefuture, #sustainabilityuniversity","#contributetotheworld, #safeaiuniversity"
"contributetotheworld, safeaiuniversity","creatingthefuture, sustainabilityuniversity",0.10310048561822936,0.1385879716100112,0.1031,1.0,7.2156,1.0,0.08881199844439182,inf,0.9604331528529779,0.7439353099730459,1.0,0.871967654986523,"#contributetotheworld, #safeaiuniversity","#creatingthefuture, #sustainabilityuniversity"
sustainabilityuniversity,"contributetotheworld, creatingthefuture, safeaiuniversity",0.1385879716100112,0.10310048561822936,0.1031,0.7439,7.2156,1.0,0.08881199844439182,3.502628629848809,1.0,0.7439353099730459,0.7145001352760698,0.871967654986523,#sustainabilityuniversity,"#contributetotheworld, #creatingthefuture, #safeaiuniversity"
"creatingthefuture, kampusberdampak, kampusswastaterbaik, safeaiuniversity",sustainabilityuniversity,0.10310048561822936,0.1385879716100112,0.1031,1.0,7.2156,1.0,0.08881199844439182,inf,0.9604331528529779,0.7439353099730459,1.0,0.871967654986523,"#creatingthefuture, #kampusberdampak, #kampusswastaterbaik, #safeaiuniversity",#sustainabilityuniversity
sustainabilityuniversity,"contributetotheworld, creatingthefuture, entrepreneurialuniversity, kampusberdampak, kampusswastaterbaik",0.1385879716100112,0.10347403810235338,0.1035,0.7466,7.2156,1.0,0.0891337810474512,3.538416296425817,1.0,0.7466307277628034,0.7173876909254266,0.8733153638814015,#sustainabilityuniversity,"#contributetotheworld, #creatingthefuture, #entrepreneurialuniversity, #kampusberdampak, #kampusswastaterbaik"
"kampusberdampak, kampusswastaterbaik, safeaiuniversity","creatingthefuture, sustainabilityuniversity",0.10310048561822936,0.1385879716100112,0.1031,1.0,7.2156,1.0,0.08881199844439182,inf,0.9604331528529779,0.7439353099730459,1.0,0.871967654986523,"#kampusberdampak, #kampusswastaterbaik, #safeaiuniversity","#creatingthefuture, #sustainabilityuniversity"
sustainabilityuniversity,"contributetotheworld, creatingthefuture, kampusberdampak",0.1385879716100112,0.10347403810235338,0.1035,0.7466,7.2156,1.0,0.0891337810474512,3.538416296425817,1.0,0.7466307277628034,0.7173876909254266,0.8733153638814015,#sustainabilityuniversity,"#contributetotheworld, #creatingthefuture, #kampusberdampak"
"creatingthefuture, kampusswastaterbaik","kampusberdampak, safeaiuniversity, sustainabilityuniversity",0.1385879716100112,0.10310048561822936,0.1031,0.7439,7.2156,1.0,0.08881199844439182,3.502628629848809,1.0,0.7439353099730459,0.7145001352760698,0.871967654986523,"#creatingthefuture, #kampusswastaterbaik","#kampusberdampak, #safeaiuniversity, #sustainabilityuniversity"
"creatingthefuture, sustainabilityuniversity","kampusberdampak, kampusswastaterbaik, safeaiuniversity",0.1385879716100112,0.10310048561822936,0.1031,0.7439,7.2156,1.0,0.08881199844439182,3.502628629848809,1.0,0.7439353099730459,0.7145001352760698,0.871967654986523,"#creatingthefuture, #sustainabilityuniversity","#kampusberdampak, #kampusswastaterbaik, #safeaiuniversity"
sustainabilityuniversity,"entrepreneurialuniversity, kampusberdampak, kampusswastaterbaik",0.1385879716100112,0.10347403810235338,0.1035,0.7466,7.2156,1.0,0.0891337810474512,3.538416296425817,1.0,0.7466307277628034,0.7173876909254266,0.8733153638814015,#sustainabilityuniversity,"#entrepreneurialuniversity, #kampusberdampak, #kampusswastaterbaik"
sustainabilityuniversity,"contributetotheworld, creatingthefuture, entrepreneurialuniversity, safeaiuniversity",0.1385879716100112,0.10310048561822936,0.1031,0.7439,7.2156,1.0,0.08881199844439182,3.502628629848809,1.0,0.7439353099730459,0.7145001352760698,0.871967654986523,#sustainabilityuniversity,"#contributetotheworld, #creatingthefuture, #entrepreneurialuniversity, #safeaiuniversity"
"contributetotheworld, creatingthefuture, entrepreneurialuniversity, safeaiuniversity",sustainabilityuniversity,0.10310048561822936,0.1385879716100112,0.1031,1.0,7.2156,1.0,0.08881199844439182,inf,0.9604331528529779,0.7439353099730459,1.0,0.871967654986523,"#contributetotheworld, #creatingthefuture, #entrepreneurialuniversity, #safeaiuniversity",#sustainabilityuniversity
"contributetotheworld, creatingthefuture, safeaiuniversity","entrepreneurialuniversity, sustainabilityuniversity",0.10310048561822936,0.1385879716100112,0.1031,1.0,7.2156,1.0,0.08881199844439182,inf,0.9604331528529779,0.7439353099730459,1.0,0.871967654986523,"#contributetotheworld, #creatingthefuture, #safeaiuniversity","#entrepreneurialuniversity, #sustainabilityuniversity"
sustainabilityuniversity,"entrepreneurialuniversity, kampusberdampak, safeaiuniversity",0.1385879716100112,0.10310048561822936,0.1031,0.7439,7.2156,1.0,0.08881199844439182,3.502628629848809,1.0,0.7439353099730459,0.7145001352760698,0.871967654986523,#sustainabilityuniversity,"#entrepreneurialuniversity, #kampusberdampak, #safeaiuniversity"
"entrepreneurialuniversity, kampusberdampak, safeaiuniversity, sustainabilityuniversity","creatingthefuture, kampusswastaterbaik",0.10310048561822936,0.1385879716100112,0.1031,1.0,7.2156,1.0,0.08881199844439182,inf,0.9604331528529779,0.7439353099730459,1.0,0.871967654986523,"#entrepreneurialuniversity, #kampusberdampak, #safeaiuniversity, #sustainabilityuniversity","#creatingthefuture, #kampusswastaterbaik"
"kampusberdampak, kampusswastaterbaik, safeaiuniversity","creatingthefuture, entrepreneurialuniversity, sustainabilityuniversity",0.10310048561822936,0.1385879716100112,0.1031,1.0,7.2156,1.0,0.08881199844439182,inf,0.9604331528529779,0.7439353099730459,1.0,0.871967654986523,"#kampusberdampak, #kampusswastaterbaik, #safeaiuniversity","#creatingthefuture, #entrepreneurialuniversity, #sustainabilityuniversity"
"contributetotheworld, entrepreneurialuniversity, safeaiuniversity","creatingthefuture, sustainabilityuniversity",0.10310048561822936,0.1385879716100112,0.1031,1.0,7.2156,1.0,0.08881199844439182,inf,0.9604331528529779,0.7439353099730459,1.0,0.871967654986523,"#contributetotheworld, #entrepreneurialuniversity, #safeaiuniversity","#creatingthefuture, #sustainabilityuniversity"
"creatingthefuture, entrepreneurialuniversity, sustainabilityuniversity","contributetotheworld, safeaiuniversity",0.1385879716100112,0.10310048561822936,0.1031,0.7439,7.2156,1.0,0.08881199844439182,3.502628629848809,1.0,0.7439353099730459,0.7145001352760698,0.871967654986523,"#creatingthefuture, #entrepreneurialuniversity, #sustainabilityuniversity","#contributetotheworld, #safeaiuniversity"
"entrepreneurialuniversity, safeaiuniversity, sustainabilityuniversity","creatingthefuture, kampusswastaterbaik",0.10310048561822936,0.1385879716100112,0.1031,1.0,7.2156,1.0,0.08881199844439182,inf,0.9604331528529779,0.7439353099730459,1.0,0.871967654986523,"#entrepreneurialuniversity, #safeaiuniversity, #sustainabilityuniversity","#creatingthefuture, #kampusswastaterbaik"
"creatingthefuture, entrepreneurialuniversity, sustainabilityuniversity","kampusswastaterbaik, safeaiuniversity",0.1385879716100112,0.10310048561822936,0.1031,0.7439,7.2156,1.0,0.08881199844439182,3.502628629848809,1.0,0.7439353099730459,0.7145001352760698,0.871967654986523,"#creatingthefuture, #entrepreneurialuniversity, #sustainabilityuniversity","#kampusswastaterbaik, #safeaiuniversity"
"kampusswastaterbaik, safeaiuniversity","creatingthefuture, entrepreneurialuniversity, sustainabilityuniversity",0.10310048561822936,0.1385879716100112,0.1031,1.0,7.2156,1.0,0.08881199844439182,inf,0.9604331528529779,0.7439353099730459,1.0,0.871967654986523,"#kampusswastaterbaik, #safeaiuniversity","#creatingthefuture, #entrepreneurialuniversity, #sustainabilityuniversity"
"creatingthefuture, kampusswastaterbaik","entrepreneurialuniversity, safeaiuniversity, sustainabilityuniversity",0.1385879716100112,0.10310048561822936,0.1031,0.7439,7.2156,1.0,0.08881199844439182,3.502628629848809,1.0,0.7439353099730459,0.7145001352760698,0.871967654986523,"#creatingthefuture, #kampusswastaterbaik","#entrepreneurialuniversity, #safeaiuniversity, #sustainabilityuniversity"
"creatingthefuture, sustainabilityuniversity","entrepreneurialuniversity, kampusswastaterbaik, safeaiuniversity",0.1385879716100112,0.10310048561822936,0.1031,0.7439,7.2156,1.0,0.08881199844439182,3.502628629848809,1.0,0.7439353099730459,0.7145001352760698,0.871967654986523,"#creatingthefuture, #sustainabilityuniversity","#entrepreneurialuniversity, #kampusswastaterbaik, #safeaiuniversity"
"kampusberdampak, safeaiuniversity","creatingthefuture, entrepreneurialuniversity, sustainabilityuniversity",0.10310048561822936,0.1385879716100112,0.1031,1.0,7.2156,1.0,0.08881199844439182,inf,0.9604331528529779,0.7439353099730459,1.0,0.871967654986523,"#kampusberdampak, #safeaiuniversity","#creatingthefuture, #entrepreneurialuniversity, #sustainabilityuniversity"
"creatingthefuture, sustainabilityuniversity","entrepreneurialuniversity, kampusberdampak, safeaiuniversity",0.1385879716100112,0.10310048561822936,0.1031,0.7439,7.2156,1.0,0.08881199844439182,3.502628629848809,1.0,0.7439353099730459,0.7145001352760698,0.871967654986523,"#creatingthefuture, #sustainabilityuniversity","#entrepreneurialuniversity, #kampusberdampak, #safeaiuniversity"
"creatingthefuture, sustainabilityuniversity","entrepreneurialuniversity, kampusberdampak, kampusswastaterbaik",0.1385879716100112,0.10347403810235338,0.1035,0.7466,7.2156,1.0,0.0891337810474512,3.538416296425817,1.0,0.7466307277628034,0.7173876909254266,0.8733153638814015,"#creatingthefuture, #sustainabilityuniversity","#entrepreneurialuniversity, #kampusberdampak, #kampusswastaterbaik"
"contributetotheworld, creatingthefuture, safeaiuniversity",sustainabilityuniversity,0.10310048561822936,0.1385879716100112,0.1031,1.0,7.2156,1.0,0.08881199844439182,inf,0.9604331528529779,0.7439353099730459,1.0,0.871967654986523,"#contributetotheworld, #creatingthefuture, #safeaiuniversity",#sustainabilityuniversity
"creatingthefuture, entrepreneurialuniversity, kampusswastaterbaik, safeaiuniversity",sustainabilityuniversity,0.10310048561822936,0.1385879716100112,0.1031,1.0,7.2156,1.0,0.08881199844439182,inf,0.9604331528529779,0.7439353099730459,1.0,0.871967654986523,"#creatingthefuture, #entrepreneurialuniversity, #kampusswastaterbaik, #safeaiuniversity",#sustainabilityuniversity
"creatingthefuture, kampusswastaterbaik, safeaiuniversity","entrepreneurialuniversity, sustainabilityuniversity",0.10310048561822936,0.1385879716100112,0.1031,1.0,7.2156,1.0,0.08881199844439182,inf,0.9604331528529779,0.7439353099730459,1.0,0.871967654986523,"#creatingthefuture, #kampusswastaterbaik, #safeaiuniversity","#entrepreneurialuniversity, #sustainabilityuniversity"
"entrepreneurialuniversity, kampusswastaterbaik, safeaiuniversity","creatingthefuture, sustainabilityuniversity",0.10310048561822936,0.1385879716100112,0.1031,1.0,7.2156,1.0,0.08881199844439182,inf,0.9604331528529779,0.7439353099730459,1.0,0.871967654986523,"#entrepreneurialuniversity, #kampusswastaterbaik, #safeaiuniversity","#creatingthefuture, #sustainabilityuniversity"
"contributetotheworld, entrepreneurialuniversity, kampusberdampak, safeaiuniversity","creatingthefuture, sustainabilityuniversity",0.10310048561822936,0.1385879716100112,0.1031,1.0,7.2156,1.0,0.08881199844439182,inf,0.9604331528529779,0.7439353099730459,1.0,0.871967654986523,"#contributetotheworld, #entrepreneurialuniversity, #kampusberdampak, #safeaiuniversity","#creatingthefuture, #sustainabilityuniversity"
sustainabilityuniversity,"creatingthefuture, kampusberdampak, kampusswastaterbaik, safeaiuniversity",0.1385879716100112,0.10310048561822936,0.1031,0.7439,7.2156,1.0,0.08881199844439182,3.502628629848809,1.0,0.7439353099730459,0.7145001352760698,0.871967654986523,#sustainabilityuniversity,"#creatingthefuture, #kampusberdampak, #kampusswastaterbaik, #safeaiuniversity"
"creatingthefuture, kampusswastaterbaik","contributetotheworld, safeaiuniversity",0.1385879716100112,0.10310048561822936,0.1031,0.7439,7.2156,1.0,0.08881199844439182,3.502628629848809,1.0,0.7439353099730459,0.7145001352760698,0.871967654986523,"#creatingthefuture, #kampusswastaterbaik","#contributetotheworld, #safeaiuniversity"
"contributetotheworld, safeaiuniversity","creatingthefuture, kampusswastaterbaik",0.10310048561822936,0.1385879716100112,0.1031,1.0,7.2156,1.0,0.08881199844439182,inf,0.9604331528529779,0.7439353099730459,1.0,0.871967654986523,"#contributetotheworld, #safeaiuniversity","#creatingthefuture, #kampusswastaterbaik"
"contributetotheworld, entrepreneurialuniversity, kampusberdampak, safeaiuniversity, sustainabilityuniversity","creatingthefuture, kampusswastaterbaik",0.10310048561822936,0.1385879716100112,0.1031,1.0,7.2156,1.0,0.08881199844439182,inf,0.9604331528529779,0.7439353099730459,1.0,0.871967654986523,"#contributetotheworld, #entrepreneurialuniversity, #kampusberdampak, #safeaiuniversity, #sustainabilityuniversity","#creatingthefuture, #kampusswastaterbaik"
sustainabilityuniversity,"contributetotheworld, creatingthefuture, kampusberdampak, kampusswastaterbaik, safeaiuniversity",0.1385879716100112,0.10310048561822936,0.1031,0.7439,7.2156,1.0,0.08881199844439182,3.502628629848809,1.0,0.7439353099730459,0.7145001352760698,0.871967654986523,#sustainabilityuniversity,"#contributetotheworld, #creatingthefuture, #kampusberdampak, #kampusswastaterbaik, #safeaiuniversity"
"creatingthefuture, kampusswastaterbaik","contributetotheworld, kampusberdampak, safeaiuniversity, sustainabilityuniversity",0.1385879716100112,0.10310048561822936,0.1031,0.7439,7.2156,1.0,0.08881199844439182,3.502628629848809,1.0,0.7439353099730459,0.7145001352760698,0.871967654986523,"#creatingthefuture, #kampusswastaterbaik","#contributetotheworld, #kampusberdampak, #safeaiuniversity, #sustainabilityuniversity"
sustainabilityuniversity,"creatingthefuture, entrepreneurialuniversity, kampusberdampak",0.1385879716100112,0.10347403810235338,0.1035,0.7466,7.2156,1.0,0.0891337810474512,3.538416296425817,1.0,0.7466307277628034,0.7173876909254266,0.8733153638814015,#sustainabilityuniversity,"#creatingthefuture, #entrepreneurialuniversity, #kampusberdampak"
"creatingthefuture, entrepreneurialuniversity, safeaiuniversity",sustainabilityuniversity,0.10310048561822936,0.1385879716100112,0.1031,1.0,7.2156,1.0,0.08881199844439182,inf,0.9604331528529779,0.7439353099730459,1.0,0.871967654986523,"#creatingthefuture, #entrepreneurialuniversity, #safeaiuniversity",#sustainabilityuniversity
"kampusberdampak, safeaiuniversity, sustainabilityuniversity","creatingthefuture, kampusswastaterbaik",0.10310048561822936,0.1385879716100112,0.1031,1.0,7.2156,1.0,0.08881199844439182,inf,0.9604331528529779,0.7439353099730459,1.0,0.871967654986523,"#kampusberdampak, #safeaiuniversity, #sustainabilityuniversity","#creatingthefuture, #kampusswastaterbaik"
sustainabilityuniversity,"entrepreneurialuniversity, kampusberdampak",0.1385879716100112,0.10347403810235338,0.1035,0.7466,7.2156,1.0,0.0891337810474512,3.538416296425817,1.0,0.7466307277628034,0.7173876909254266,0.8733153638814015,#sustainabilityuniversity,"#entrepreneurialuniversity, #kampusberdampak"
"entrepreneurialuniversity, sustainabilityuniversity","contributetotheworld, creatingthefuture, kampusberdampak, kampusswastaterbaik",0.1385879716100112,0.10347403810235338,0.1035,0.7466,7.2156,1.0,0.0891337810474512,3.538416296425817,1.0,0.7466307277628034,0.7173876909254266,0.8733153638814015,"#entrepreneurialuniversity, #sustainabilityuniversity","#contributetotheworld, #creatingthefuture, #kampusberdampak, #kampusswastaterbaik"
"creatingthefuture, sustainabilityuniversity","contributetotheworld, entrepreneurialuniversity, kampusberdampak, kampusswastaterbaik",0.1385879716100112,0.10347403810235338,0.1035,0.7466,7.2156,1.0,0.0891337810474512,3.538416296425817,1.0,0.7466307277628034,0.7173876909254266,0.8733153638814015,"#creatingthefuture, #sustainabilityuniversity","#contributetotheworld, #entrepreneurialuniversity, #kampusberdampak, #kampusswastaterbaik"
"creatingthefuture, kampusswastaterbaik","entrepreneurialuniversity, safeaiuniversity",0.1385879716100112,0.10310048561822936,0.1031,0.7439,7.2156,1.0,0.08881199844439182,3.502628629848809,1.0,0.7439353099730459,0.7145001352760698,0.871967654986523,"#creatingthefuture, #kampusswastaterbaik","#entrepreneurialuniversity, #safeaiuniversity"
"creatingthefuture, sustainabilityuniversity","contributetotheworld, kampusswastaterbaik, safeaiuniversity",0.1385879716100112,0.10310048561822936,0.1031,0.7439,7.2156,1.0,0.08881199844439182,3.502628629848809,1.0,0.7439353099730459,0.7145001352760698,0.871967654986523,"#creatingthefuture, #sustainabilityuniversity","#contributetotheworld, #kampusswastaterbaik, #safeaiuniversity"
sustainabilityuniversity,"contributetotheworld, creatingthefuture, kampusswastaterbaik, safeaiuniversity",0.1385879716100112,0.10310048561822936,0.1031,0.7439,7.2156,1.0,0.08881199844439182,3.502628629848809,1.0,0.7439353099730459,0.7145001352760698,0.871967654986523,#sustainabilityuniversity,"#contributetotheworld, #creatingthefuture, #kampusswastaterbaik, #safeaiuniversity"
sustainabilityuniversity,"contributetotheworld, creatingthefuture, kampusberdampak, safeaiuniversity",0.1385879716100112,0.10310048561822936,0.1031,0.7439,7.2156,1.0,0.08881199844439182,3.502628629848809,1.0,0.7439353099730459,0.7145001352760698,0.871967654986523,#sustainabilityuniversity,"#contributetotheworld, #creatingthefuture, #kampusberdampak, #safeaiuniversity"
"contributetotheworld, safeaiuniversity, sustainabilityuniversity","creatingthefuture, kampusswastaterbaik",0.10310048561822936,0.1385879716100112,0.1031,1.0,7.2156,1.0,0.08881199844439182,inf,0.9604331528529779,0.7439353099730459,1.0,0.871967654986523,"#contributetotheworld, #safeaiuniversity, #sustainabilityuniversity","#creatingthefuture, #kampusswastaterbaik"
"entrepreneurialuniversity, kampusberdampak, safeaiuniversity","creatingthefuture, sustainabilityuniversity",0.10310048561822936,0.1385879716100112,0.1031,1.0,7.2156,1.0,0.08881199844439182,inf,0.9604331528529779,0.7439353099730459,1.0,0.871967654986523,"#entrepreneurialuniversity, #kampusberdampak, #safeaiuniversity","#creatingthefuture, #sustainabilityuniversity"
"entrepreneurialuniversity, kampusberdampak, sustainabilityuniversity","creatingthefuture, kampusswastaterbaik",0.10347403810235338,0.1385879716100112,0.1035,1.0,7.2156,1.0,0.0891337810474512,inf,0.9608333333333332,0.7466307277628034,1.0,0.8733153638814015,"#entrepreneurialuniversity, #kampusberdampak, #sustainabilityuniversity","#creatingthefuture, #kampusswastaterbaik"
"creatingthefuture, sustainabilityuniversity","contributetotheworld, kampusberdampak, safeaiuniversity",0.1385879716100112,0.10310048561822936,0.1031,0.7439,7.2156,1.0,0.08881199844439182,3.502628629848809,1.0,0.7439353099730459,0.7145001352760698,0.871967654986523,"#creatingthefuture, #sustainabilityuniversity","#contributetotheworld, #kampusberdampak, #safeaiuniversity"
"contributetotheworld, kampusberdampak, safeaiuniversity","entrepreneurialuniversity, sustainabilityuniversity",0.10310048561822936,0.1385879716100112,0.1031,1.0,7.2156,1.0,0.08881199844439182,inf,0.9604331528529779,0.7439353099730459,1.0,0.871967654986523,"#contributetotheworld, #kampusberdampak, #safeaiuniversity","#entrepreneurialuniversity, #sustainabilityuniversity"
"contributetotheworld, entrepreneurialuniversity, kampusberdampak, safeaiuniversity",sustainabilityuniversity,0.10310048561822936,0.1385879716100112,0.1031,1.0,7.2156,1.0,0.08881199844439182,inf,0.9604331528529779,0.7439353099730459,1.0,0.871967654986523,"#contributetotheworld, #entrepreneurialuniversity, #kampusberdampak, #safeaiuniversity",#sustainabilityuniversity
sustainabilityuniversity,"creatingthefuture, entrepreneurialuniversity, kampusberdampak, kampusswastaterbaik, safeaiuniversity",0.1385879716100112,0.10310048561822936,0.1031,0.7439,7.2156,1.0,0.08881199844439182,3.502628629848809,1.0,0.7439353099730459,0.7145001352760698,0.871967654986523,#sustainabilityuniversity,"#creatingthefuture, #entrepreneurialuniversity, #kampusberdampak, #kampusswastaterbaik, #safeaiuniversity"
"contributetotheworld, entrepreneurialuniversity, kampusberdampak",sustainabilityuniversity,0.10347403810235338,0.1385879716100112,0.1035,1.0,7.2156,1.0,0.0891337810474512,inf,0.9608333333333332,0.7466307277628034,1.0,0.8733153638814015,"#contributetotheworld, #entrepreneurialuniversity, #kampusberdampak",#sustainabilityuniversity
"entrepreneurialuniversity, kampusberdampak, kampusswastaterbaik","creatingthefuture, sustainabilityuniversity",0.10347403810235338,0.1385879716100112,0.1035,1.0,7.2156,1.0,0.0891337810474512,inf,0.9608333333333332,0.7466307277628034,1.0,0.8733153638814015,"#entrepreneurialuniversity, #kampusberdampak, #kampusswastaterbaik","#creatingthefuture, #sustainabilityuniversity"
"contributetotheworld, creatingthefuture, entrepreneurialuniversity, kampusberdampak, kampusswastaterbaik, safeaiuniversity",sustainabilityuniversity,0.10310048561822936,0.1385879716100112,0.1031,1.0,7.2156,1.0,0.08881199844439182,inf,0.9604331528529779,0.7439353099730459,1.0,0.871967654986523,"#contributetotheworld, #creatingthefuture, #entrepreneurialuniversity, #kampusberdampak, #kampusswastaterbaik, #safeaiuniversity",#sustainabilityuniversity
"contributetotheworld, safeaiuniversity","creatingthefuture, entrepreneurialuniversity, sustainabilityuniversity",0.10310048561822936,0.1385879716100112,0.1031,1.0,7.2156,1.0,0.08881199844439182,inf,0.9604331528529779,0.7439353099730459,1.0,0.871967654986523,"#contributetotheworld, #safeaiuniversity","#creatingthefuture, #entrepreneurialuniversity, #sustainabilityuniversity"
"creatingthefuture, sustainabilityuniversity","contributetotheworld, entrepreneurialuniversity, safeaiuniversity",0.1385879716100112,0.10310048561822936,0.1031,0.7439,7.2156,1.0,0.08881199844439182,3.502628629848809,1.0,0.7439353099730459,0.7145001352760698,0.871967654986523,"#creatingthefuture, #sustainabilityuniversity","#contributetotheworld, #entrepreneurialuniversity, #safeaiuniversity"
"contributetotheworld, kampusberdampak, safeaiuniversity","creatingthefuture, kampusswastaterbaik",0.10310048561822936,0.1385879716100112,0.1031,1.0,7.2156,1.0,0.08881199844439182,inf,0.9604331528529779,0.7439353099730459,1.0,0.871967654986523,"#contributetotheworld, #kampusberdampak, #safeaiuniversity","#creatingthefuture, #kampusswastaterbaik"
"contributetotheworld, kampusberdampak, safeaiuniversity, sustainabilityuniversity","creatingthefuture, kampusswastaterbaik",0.10310048561822936,0.1385879716100112,0.1031,1.0,7.2156,1.0,0.08881199844439182,inf,0.9604331528529779,0.7439353099730459,1.0,0.871967654986523,"#contributetotheworld, #kampusberdampak, #safeaiuniversity, #sustainabilityuniversity","#creatingthefuture, #kampusswastaterbaik"
"contributetotheworld, kampusberdampak, sustainabilityuniversity","creatingthefuture, kampusswastaterbaik",0.10347403810235338,0.1385879716100112,0.1035,1.0,7.2156,1.0,0.0891337810474512,inf,0.9608333333333332,0.7466307277628034,1.0,0.8733153638814015,"#contributetotheworld, #kampusberdampak, #sustainabilityuniversity","#creatingthefuture, #kampusswastaterbaik"
"creatingthefuture, entrepreneurialuniversity, sustainabilityuniversity","kampusberdampak, safeaiuniversity",0.1385879716100112,0.10310048561822936,0.1031,0.7439,7.2156,1.0,0.08881199844439182,3.502628629848809,1.0,0.7439353099730459,0.7145001352760698,0.871967654986523,"#creatingthefuture, #entrepreneurialuniversity, #sustainabilityuniversity","#kampusberdampak, #safeaiuniversity"
"creatingthefuture, kampusswastaterbaik","contributetotheworld, kampusberdampak, sustainabilityuniversity",0.1385879716100112,0.10347403810235338,0.1035,0.7466,7.2156,1.0,0.0891337810474512,3.538416296425817,1.0,0.7466307277628034,0.7173876909254266,0.8733153638814015,"#creatingthefuture, #kampusswastaterbaik","#contributetotheworld, #kampusberdampak, #sustainabilityuniversity"
"creatingthefuture, kampusswastaterbaik","entrepreneurialuniversity, kampusberdampak, sustainabilityuniversity",0.1385879716100112,0.10347403810235338,0.1035,0.7466,7.2156,1.0,0.0891337810474512,3.538416296425817,1.0,0.7466307277628034,0.7173876909254266,0.8733153638814015,"#creatingthefuture, #kampusswastaterbaik","#entrepreneurialuniversity, #kampusberdampak, #sustainabilityuniversity"
"creatingthefuture, kampusswastaterbaik","entrepreneurialuniversity, kampusberdampak, safeaiuniversity",0.1385879716100112,0.10310048561822936,0.1031,0.7439,7.2156,1.0,0.08881199844439182,3.502628629848809,1.0,0.7439353099730459,0.7145001352760698,0.871967654986523,"#creatingthefuture, #kampusswastaterbaik","#entrepreneurialuniversity, #kampusberdampak, #safeaiuniversity"
sustainabilityuniversity,"creatingthefuture, entrepreneurialuniversity, kampusberdampak, kampusswastaterbaik",0.1385879716100112,0.10347403810235338,0.1035,0.7466,7.2156,1.0,0.0891337810474512,3.538416296425817,1.0,0.7466307277628034,0.7173876909254266,0.8733153638814015,#sustainabilityuniversity,"#creatingthefuture, #entrepreneurialuniversity, #kampusberdampak, #kampusswastaterbaik"
"entrepreneurialuniversity, sustainabilityuniversity","contributetotheworld, creatingthefuture, safeaiuniversity",0.1385879716100112,0.10310048561822936,0.1031,0.7439,7.2156,1.0,0.08881199844439182,3.502628629848809,1.0,0.7439353099730459,0.7145001352760698,0.871967654986523,"#entrepreneurialuniversity, #sustainabilityuniversity","#contributetotheworld, #creatingthefuture, #safeaiuniversity"
sustainabilityuniversity,"contributetotheworld, kampusswastaterbaik, safeaiuniversity",0.1385879716100112,0.10310048561822936,0.1031,0.7439,7.2156,1.0,0.08881199844439182,3.502628629848809,1.0,0.7439353099730459,0.7145001352760698,0.871967654986523,#sustainabilityuniversity,"#contributetotheworld, #kampusswastaterbaik, #safeaiuniversity"
sustainabilityuniversity,"creatingthefuture, kampusswastaterbaik, safeaiuniversity",0.1385879716100112,0.10310048561822936,0.1031,0.7439,7.2156,1.0,0.08881199844439182,3.502628629848809,1.0,0.7439353099730459,0.7145001352760698,0.871967654986523,#sustainabilityuniversity,"#creatingthefuture, #kampusswastaterbaik, #safeaiuniversity"
"kampusberdampak, safeaiuniversity","creatingthefuture, sustainabilityuniversity",0.10310048561822936,0.1385879716100112,0.1031,1.0,7.2156,1.0,0.08881199844439182,inf,0.9604331528529779,0.7439353099730459,1.0,0.871967654986523,"#kampusberdampak, #safeaiuniversity","#creatingthefuture, #sustainabilityuniversity"
"contributetotheworld, creatingthefuture, kampusberdampak, kampusswastaterbaik",sustainabilityuniversity,0.10347403810235338,0.1385879716100112,0.1035,1.0,7.2156,1.0,0.0891337810474512,inf,0.9608333333333332,0.7466307277628034,1.0,0.8733153638814015,"#contributetotheworld, #creatingthefuture, #kampusberdampak, #kampusswastaterbaik",#sustainabilityuniversity
"creatingthefuture, entrepreneurialuniversity, kampusberdampak, safeaiuniversity",sustainabilityuniversity,0.10310048561822936,0.1385879716100112,0.1031,1.0,7.2156,1.0,0.08881199844439182,inf,0.9604331528529779,0.7439353099730459,1.0,0.871967654986523,"#creatingthefuture, #entrepreneurialuniversity, #kampusberdampak, #safeaiuniversity",#sustainabilityuniversity
"creatingthefuture, kampusberdampak, safeaiuniversity","entrepreneurialuniversity, sustainabilityuniversity",0.10310048561822936,0.1385879716100112,0.1031,1.0,7.2156,1.0,0.08881199844439182,inf,0.9604331528529779,0.7439353099730459,1.0,0.871967654986523,"#creatingthefuture, #kampusberdampak, #safeaiuniversity","#entrepreneurialuniversity, #sustainabilityuniversity"
"entrepreneurialuniversity, sustainabilityuniversity","contributetotheworld, creatingthefuture, kampusswastaterbaik, safeaiuniversity",0.1385879716100112,0.10310048561822936,0.1031,0.7439,7.2156,1.0,0.08881199844439182,3.502628629848809,1.0,0.7439353099730459,0.7145001352760698,0.871967654986523,"#entrepreneurialuniversity, #sustainabilityuniversity","#contributetotheworld, #creatingthefuture, #kampusswastaterbaik, #safeaiuniversity"
"contributetotheworld, kampusswastaterbaik, safeaiuniversity","creatingthefuture, entrepreneurialuniversity, sustainabilityuniversity",0.10310048561822936,0.1385879716100112,0.1031,1.0,7.2156,1.0,0.08881199844439182,inf,0.9604331528529779,0.7439353099730459,1.0,0.871967654986523,"#contributetotheworld, #kampusswastaterbaik, #safeaiuniversity","#creatingthefuture, #entrepreneurialuniversity, #sustainabilityuniversity"
"creatingthefuture, kampusberdampak, safeaiuniversity",sustainabilityuniversity,0.10310048561822936,0.1385879716100112,0.1031,1.0,7.2156,1.0,0.08881199844439182,inf,0.9604331528529779,0.7439353099730459,1.0,0.871967654986523,"#creatingthefuture, #kampusberdampak, #safeaiuniversity",#sustainabilityuniversity
"creatingthefuture, entrepreneurialuniversity, kampusberdampak, kampusswastaterbaik",sustainabilityuniversity,0.10347403810235338,0.1385879716100112,0.1035,1.0,7.2156,1.0,0.0891337810474512,inf,0.9608333333333332,0.7466307277628034,1.0,0.8733153638814015,"#creatingthefuture, #entrepreneurialuniversity, #kampusberdampak, #kampusswastaterbaik",#sustainabilityuniversity
"creatingthefuture, sustainabilityuniversity",safeaiuniversity,0.1385879716100112,0.10310048561822936,0.1031,0.7439,7.2156,1.0,0.08881199844439182,3.502628629848809,1.0,0.7439353099730459,0.7145001352760698,0.871967654986523,"#creatingthefuture, #sustainabilityuniversity",#safeaiuniversity
"creatingthefuture, safeaiuniversity",sustainabilityuniversity,0.10310048561822936,0.1385879716100112,0.1031,1.0,7.2156,1.0,0.08881199844439182,inf,0.9604331528529779,0.7439353099730459,1.0,0.871967654986523,"#creatingthefuture, #safeaiuniversity",#sustainabilityuniversity
"contributetotheworld, creatingthefuture, kampusberdampak, safeaiuniversity","entrepreneurialuniversity, sustainabilityuniversity",0.10310048561822936,0.1385879716100112,0.1031,1.0,7.2156,1.0,0.08881199844439182,inf,0.9604331528529779,0.7439353099730459,1.0,0.871967654986523,"#contributetotheworld, #creatingthefuture, #kampusberdampak, #safeaiuniversity","#entrepreneurialuniversity, #sustainabilityuniversity"
"creatingthefuture, kampusswastaterbaik",safeaiuniversity,0.1385879716100112,0.10310048561822936,0.1031,0.7439,7.2156,1.0,0.08881199844439182,3.502628629848809,1.0,0.7439353099730459,0.7145001352760698,0.871967654986523,"#creatingthefuture, #kampusswastaterbaik",#safeaiuniversity
safeaiuniversity,"creatingthefuture, kampusswastaterbaik",0.10310048561822936,0.1385879716100112,0.1031,1.0,7.2156,1.0,0.08881199844439182,inf,0.9604331528529779,0.7439353099730459,1.0,0.871967654986523,#safeaiuniversity,"#creatingthefuture, #kampusswastaterbaik"
"creatingthefuture, kampusswastaterbaik","safeaiuniversity, sustainabilityuniversity",0.1385879716100112,0.10310048561822936,0.1031,0.7439,7.2156,1.0,0.08881199844439182,3.502628629848809,1.0,0.7439353099730459,0.7145001352760698,0.871967654986523,"#creatingthefuture, #kampusswastaterbaik","#safeaiuniversity, #sustainabilityuniversity"
"creatingthefuture, sustainabilityuniversity","kampusswastaterbaik, safeaiuniversity",0.1385879716100112,0.10310048561822936,0.1031,0.7439,7.2156,1.0,0.08881199844439182,3.502628629848809,1.0,0.7439353099730459,0.7145001352760698,0.871967654986523,"#creatingthefuture, #sustainabilityuniversity","#kampusswastaterbaik, #safeaiuniversity"
"kampusswastaterbaik, safeaiuniversity","creatingthefuture, sustainabilityuniversity",0.10310048561822936,0.1385879716100112,0.1031,1.0,7.2156,1.0,0.08881199844439182,inf,0.9604331528529779,0.7439353099730459,1.0,0.871967654986523,"#kampusswastaterbaik, #safeaiuniversity","#creatingthefuture, #sustainabilityuniversity"
"safeaiuniversity, sustainabilityuniversity","creatingthefuture, kampusswastaterbaik",0.10310048561822936,0.1385879716100112,0.1031,1.0,7.2156,1.0,0.08881199844439182,inf,0.9604331528529779,0.7439353099730459,1.0,0.871967654986523,"#safeaiuniversity, #sustainabilityuniversity","#creatingthefuture, #kampusswastaterbaik"
"kampusberdampak, sustainabilityuniversity","creatingthefuture, kampusswastaterbaik",0.10347403810235338,0.1385879716100112,0.1035,1.0,7.2156,1.0,0.0891337810474512,inf,0.9608333333333332,0.7466307277628034,1.0,0.8733153638814015,"#kampusberdampak, #sustainabilityuniversity","#creatingthefuture, #kampusswastaterbaik"
"creatingthefuture, sustainabilityuniversity","entrepreneurialuniversity, safeaiuniversity",0.1385879716100112,0.10310048561822936,0.1031,0.7439,7.2156,1.0,0.08881199844439182,3.502628629848809,1.0,0.7439353099730459,0.7145001352760698,0.871967654986523,"#creatingthefuture, #sustainabilityuniversity","#entrepreneurialuniversity, #safeaiuniversity"
"entrepreneurialuniversity, safeaiuniversity","creatingthefuture, sustainabilityuniversity",0.10310048561822936,0.1385879716100112,0.1031,1.0,7.2156,1.0,0.08881199844439182,inf,0.9604331528529779,0.7439353099730459,1.0,0.871967654986523,"#entrepreneurialuniversity, #safeaiuniversity","#creatingthefuture, #sustainabilityuniversity"
"entrepreneurialuniversity, sustainabilityuniversity","creatingthefuture, safeaiuniversity",0.1385879716100112,0.10310048561822936,0.1031,0.7439,7.2156,1.0,0.08881199844439182,3.502628629848809,1.0,0.7439353099730459,0.7145001352760698,0.871967654986523,"#entrepreneurialuniversity, #sustainabilityuniversity","#creatingthefuture, #safeaiuniversity"
"entrepreneurialuniversity, sustainabilityuniversity","contributetotheworld, safeaiuniversity",0.1385879716100112,0.10310048561822936,0.1031,0.7439,7.2156,1.0,0.08881199844439182,3.502628629848809,1.0,0.7439353099730459,0.7145001352760698,0.871967654986523,"#entrepreneurialuniversity, #sustainabilityuniversity","#contributetotheworld, #safeaiuniversity"
sustainabilityuniversity,"contributetotheworld, entrepreneurialuniversity, safeaiuniversity",0.1385879716100112,0.10310048561822936,0.1031,0.7439,7.2156,1.0,0.08881199844439182,3.502628629848809,1.0,0.7439353099730459,0.7145001352760698,0.871967654986523,#sustainabilityuniversity,"#contributetotheworld, #entrepreneurialuniversity, #safeaiuniversity"
"entrepreneurialuniversity, kampusberdampak, safeaiuniversity","creatingthefuture, kampusswastaterbaik",0.10310048561822936,0.1385879716100112,0.1031,1.0,7.2156,1.0,0.08881199844439182,inf,0.9604331528529779,0.7439353099730459,1.0,0.871967654986523,"#entrepreneurialuniversity, #kampusberdampak, #safeaiuniversity","#creatingthefuture, #kampusswastaterbaik"
sustainabilityuniversity,"contributetotheworld, kampusberdampak, kampusswastaterbaik, safeaiuniversity",0.1385879716100112,0.10310048561822936,0.1031,0.7439,7.2156,1.0,0.08881199844439182,3.502628629848809,1.0,0.7439353099730459,0.7145001352760698,0.871967654986523,#sustainabilityuniversity,"#contributetotheworld, #kampusberdampak, #kampusswastaterbaik, #safeaiuniversity"
"contributetotheworld, entrepreneurialuniversity, safeaiuniversity",sustainabilityuniversity,0.10310048561822936,0.1385879716100112,0.1031,1.0,7.2156,1.0,0.08881199844439182,inf,0.9604331528529779,0.7439353099730459,1.0,0.871967654986523,"#contributetotheworld, #entrepreneurialuniversity, #safeaiuniversity",#sustainabilityuniversity
sustainabilityuniversity,"contributetotheworld, entrepreneurialuniversity, kampusberdampak",0.1385879716100112,0.10347403810235338,0.1035,0.7466,7.2156,1.0,0.0891337810474512,3.538416296425817,1.0,0.7466307277628034,0.7173876909254266,0.8733153638814015,#sustainabilityuniversity,"#contributetotheworld, #entrepreneurialuniversity, #kampusberdampak"
"creatingthefuture, kampusswastaterbaik","contributetotheworld, kampusberdampak, safeaiuniversity",0.1385879716100112,0.10310048561822936,0.1031,0.7439,7.2156,1.0,0.08881199844439182,3.502628629848809,1.0,0.7439353099730459,0.7145001352760698,0.871967654986523,"#creatingthefuture, #kampusswastaterbaik","#contributetotheworld, #kampusberdampak, #safeaiuniversity"
sustainabilityuniversity,"contributetotheworld, creatingthefuture, entrepreneurialuniversity, kampusswastaterbaik, safeaiuniversity",0.1385879716100112,0.10310048561822936,0.1031,0.7439,7.2156,1.0,0.08881199844439182,3.502628629848809,1.0,0.7439353099730459,0.7145001352760698,0.871967654986523,#sustainabilityuniversity,"#contributetotheworld, #creatingthefuture, #entrepreneurialuniversity, #kampusswastaterbaik, #safeaiuniversity"
"contributetotheworld, creatingthefuture, kampusberdampak, kampusswastaterbaik, safeaiuniversity",sustainabilityuniversity,0.10310048561822936,0.1385879716100112,0.1031,1.0,7.2156,1.0,0.08881199844439182,inf,0.9604331528529779,0.7439353099730459,1.0,0.871967654986523,"#contributetotheworld, #creatingthefuture, #kampusberdampak, #kampusswastaterbaik, #safeaiuniversity",#sustainabilityuniversity
"entrepreneurialuniversity, kampusberdampak, kampusswastaterbaik",sustainabilityuniversity,0.10347403810235338,0.1385879716100112,0.1035,1.0,7.2156,1.0,0.0891337810474512,inf,0.9608333333333332,0.7466307277628034,1.0,0.8733153638814015,"#entrepreneurialuniversity, #kampusberdampak, #kampusswastaterbaik",#sustainabilityuniversity
"creatingthefuture, kampusswastaterbaik","contributetotheworld, entrepreneurialuniversity, safeaiuniversity, sustainabilityuniversity",0.1385879716100112,0.10310048561822936,0.1031,0.7439,7.2156,1.0,0.08881199844439182,3.502628629848809,1.0,0.7439353099730459,0.7145001352760698,0.871967654986523,"#creatingthefuture, #kampusswastaterbaik","#contributetotheworld, #entrepreneurialuniversity, #safeaiuniversity, #sustainabilityuniversity"
"creatingthefuture, sustainabilityuniversity","contributetotheworld, entrepreneurialuniversity, kampusswastaterbaik, safeaiuniversity",0.1385879716100112,0.10310048561822936,0.1031,0.7439,7.2156,1.0,0.08881199844439182,3.502628629848809,1.0,0.7439353099730459,0.7145001352760698,0.871967654986523,"#creatingthefuture, #sustainabilityuniversity","#contributetotheworld, #entrepreneurialuniversity, #kampusswastaterbaik, #safeaiuniversity"
"contributetotheworld, kampusswastaterbaik, safeaiuniversity","creatingthefuture, sustainabilityuniversity",0.10310048561822936,0.1385879716100112,0.1031,1.0,7.2156,1.0,0.08881199844439182,inf,0.9604331528529779,0.7439353099730459,1.0,0.871967654986523,"#contributetotheworld, #kampusswastaterbaik, #safeaiuniversity","#creatingthefuture, #sustainabilityuniversity"
"contributetotheworld, creatingthefuture, kampusswastaterbaik, safeaiuniversity",sustainabilityuniversity,0.10310048561822936,0.1385879716100112,0.1031,1.0,7.2156,1.0,0.08881199844439182,inf,0.9604331528529779,0.7439353099730459,1.0,0.871967654986523,"#contributetotheworld, #creatingthefuture, #kampusswastaterbaik, #safeaiuniversity",#sustainabilityuniversity
"contributetotheworld, kampusberdampak, safeaiuniversity","creatingthefuture, sustainabilityuniversity",0.10310048561822936,0.1385879716100112,0.1031,1.0,7.2156,1.0,0.08881199844439182,inf,0.9604331528529779,0.7439353099730459,1.0,0.871967654986523,"#contributetotheworld, #kampusberdampak, #safeaiuniversity","#creatingthefuture, #sustainabilityuniversity"
"creatingthefuture, sustainabilityuniversity","contributetotheworld, entrepreneurialuniversity, kampusberdampak, safeaiuniversity",0.1385879716100112,0.10310048561822936,0.1031,0.7439,7.2156,1.0,0.08881199844439182,3.502628629848809,1.0,0.7439353099730459,0.7145001352760698,0.871967654986523,"#creatingthefuture, #sustainabilityuniversity","#contributetotheworld, #entrepreneurialuniversity, #kampusberdampak, #safeaiuniversity"
"contributetotheworld, kampusberdampak, safeaiuniversity","creatingthefuture, entrepreneurialuniversity, sustainabilityuniversity",0.10310048561822936,0.1385879716100112,0.1031,1.0,7.2156,1.0,0.08881199844439182,inf,0.9604331528529779,0.7439353099730459,1.0,0.871967654986523,"#contributetotheworld, #kampusberdampak, #safeaiuniversity","#creatingthefuture, #entrepreneurialuniversity, #sustainabilityuniversity"
"contributetotheworld, safeaiuniversity","entrepreneurialuniversity, sustainabilityuniversity",0.10310048561822936,0.1385879716100112,0.1031,1.0,7.2156,1.0,0.08881199844439182,inf,0.9604331528529779,0.7439353099730459,1.0,0.871967654986523,"#contributetotheworld, #safeaiuniversity","#entrepreneurialuniversity, #sustainabilityuniversity"
"creatingthefuture, sustainabilityuniversity","kampusberdampak, safeaiuniversity",0.1385879716100112,0.10310048561822936,0.1031,0.7439,7.2156,1.0,0.08881199844439182,3.502628629848809,1.0,0.7439353099730459,0.7145001352760698,0.871967654986523,"#creatingthefuture, #sustainabilityuniversity","#kampusberdampak, #safeaiuniversity"
"creatingthefuture, kampusswastaterbaik","kampusberdampak, safeaiuniversity",0.1385879716100112,0.10310048561822936,0.1031,0.7439,7.2156,1.0,0.08881199844439182,3.502628629848809,1.0,0.7439353099730459,0.7145001352760698,0.871967654986523,"#creatingthefuture, #kampusswastaterbaik","#kampusberdampak, #safeaiuniversity"
"kampusberdampak, safeaiuniversity","creatingthefuture, kampusswastaterbaik",0.10310048561822936,0.1385879716100112,0.1031,1.0,7.2156,1.0,0.08881199844439182,inf,0.9604331528529779,0.7439353099730459,1.0,0.871967654986523,"#kampusberdampak, #safeaiuniversity","#creatingthefuture, #kampusswastaterbaik"
"entrepreneurialuniversity, sustainabilityuniversity","contributetotheworld, kampusberdampak, kampusswastaterbaik, safeaiuniversity",0.1385879716100112,0.10310048561822936,0.1031,0.7439,7.2156,1.0,0.08881199844439182,3.502628629848809,1.0,0.7439353099730459,0.7145001352760698,0.871967654986523,"#entrepreneurialuniversity, #sustainabilityuniversity","#contributetotheworld, #kampusberdampak, #kampusswastaterbaik, #safeaiuniversity"
sustainabilityuniversity,"creatingthefuture, kampusberdampak, safeaiuniversity",0.1385879716100112,0.10310048561822936,0.1031,0.7439,7.2156,1.0,0.08881199844439182,3.502628629848809,1.0,0.7439353099730459,0.7145001352760698,0.871967654986523,#sustainabilityuniversity,"#creatingthefuture, #kampusberdampak, #safeaiuniversity"
"creatingthefuture, kampusswastaterbaik, safeaiuniversity",sustainabilityuniversity,0.10310048561822936,0.1385879716100112,0.1031,1.0,7.2156,1.0,0.08881199844439182,inf,0.9604331528529779,0.7439353099730459,1.0,0.871967654986523,"#creatingthefuture, #kampusswastaterbaik, #safeaiuniversity",#sustainabilityuniversity
"creatingthefuture, kampusswastaterbaik","contributetotheworld, safeaiuniversity, sustainabilityuniversity",0.1385879716100112,0.10310048561822936,0.1031,0.7439,7.2156,1.0,0.08881199844439182,3.502628629848809,1.0,0.7439353099730459,0.7145001352760698,0.871967654986523,"#creatingthefuture, #kampusswastaterbaik","#contributetotheworld, #safeaiuniversity, #sustainabilityuniversity"
sustainabilityuniversity,"creatingthefuture, entrepreneurialuniversity, safeaiuniversity",0.1385879716100112,0.10310048561822936,0.1031,0.7439,7.2156,1.0,0.08881199844439182,3.502628629848809,1.0,0.7439353099730459,0.7145001352760698,0.871967654986523,#sustainabilityuniversity,"#creatingthefuture, #entrepreneurialuniversity, #safeaiuniversity"
"creatingthefuture, kampusswastaterbaik","entrepreneurialuniversity, kampusberdampak",0.1385879716100112,0.10347403810235338,0.1035,0.7466,7.2156,1.0,0.0891337810474512,3.538416296425817,1.0,0.7466307277628034,0.7173876909254266,0.8733153638814015,"#creatingthefuture, #kampusswastaterbaik","#entrepreneurialuniversity, #kampusberdampak"
"entrepreneurialuniversity, kampusberdampak","creatingthefuture, kampusswastaterbaik",0.10347403810235338,0.1385879716100112,0.1035,1.0,7.2156,1.0,0.0891337810474512,inf,0.9608333333333332,0.7466307277628034,1.0,0.8733153638814015,"#entrepreneurialuniversity, #kampusberdampak","#creatingthefuture, #kampusswastaterbaik"
"entrepreneurialuniversity, sustainabilityuniversity","creatingthefuture, kampusberdampak, kampusswastaterbaik, safeaiuniversity",0.1385879716100112,0.10310048561822936,0.1031,0.7439,7.2156,1.0,0.08881199844439182,3.502628629848809,1.0,0.7439353099730459,0.7145001352760698,0.871967654986523,"#entrepreneurialuniversity, #sustainabilityuniversity","#creatingthefuture, #kampusberdampak, #kampusswastaterbaik, #safeaiuniversity"
"entrepreneurialuniversity, sustainabilityuniversity","contributetotheworld, kampusberdampak, safeaiuniversity",0.1385879716100112,0.10310048561822936,0.1031,0.7439,7.2156,1.0,0.08881199844439182,3.502628629848809,1.0,0.7439353099730459,0.7145001352760698,0.871967654986523,"#entrepreneurialuniversity, #sustainabilityuniversity","#contributetotheworld, #kampusberdampak, #safeaiuniversity"
sustainabilityuniversity,"contributetotheworld, entrepreneurialuniversity, kampusberdampak, safeaiuniversity",0.1385879716100112,0.10310048561822936,0.1031,0.7439,7.2156,1.0,0.08881199844439182,3.502628629848809,1.0,0.7439353099730459,0.7145001352760698,0.871967654986523,#sustainabilityuniversity,"#contributetotheworld, #entrepreneurialuniversity, #kampusberdampak, #safeaiuniversity"
sustainabilityuniversity,"contributetotheworld, kampusberdampak, safeaiuniversity",0.1385879716100112,0.10310048561822936,0.1031,0.7439,7.2156,1.0,0.08881199844439182,3.502628629848809,1.0,0.7439353099730459,0.7145001352760698,0.871967654986523,#sustainabilityuniversity,"#contributetotheworld, #kampusberdampak, #safeaiuniversity"
"contributetotheworld, kampusswastaterbaik, safeaiuniversity",sustainabilityuniversity,0.10310048561822936,0.1385879716100112,0.1031,1.0,7.2156,1.0,0.08881199844439182,inf,0.9604331528529779,0.7439353099730459,1.0,0.871967654986523,"#contributetotheworld, #kampusswastaterbaik, #safeaiuniversity",#sustainabilityuniversity
"creatingthefuture, kampusswastaterbaik","kampusberdampak, sustainabilityuniversity",0.1385879716100112,0.10347403810235338,0.1035,0.7466,7.2156,1.0,0.0891337810474512,3.538416296425817,1.0,0.7466307277628034,0.7173876909254266,0.8733153638814015,"#creatingthefuture, #kampusswastaterbaik","#kampusberdampak, #sustainabilityuniversity"
"creatingthefuture, entrepreneurialuniversity, sustainabilityuniversity",safeaiuniversity,0.1385879716100112,0.10310048561822936,0.1031,0.7439,7.2156,1.0,0.08881199844439182,3.502628629848809,1.0,0.7439353099730459,0.7145001352760698,0.871967654986523,"#creatingthefuture, #entrepreneurialuniversity, #sustainabilityuniversity",#safeaiuniversity
"creatingthefuture, safeaiuniversity","entrepreneurialuniversity, sustainabilityuniversity",0.10310048561822936,0.1385879716100112,0.1031,1.0,7.2156,1.0,0.08881199844439182,inf,0.9604331528529779,0.7439353099730459,1.0,0.871967654986523,"#creatingthefuture, #safeaiuniversity","#entrepreneurialuniversity, #sustainabilityuniversity"
"contributetotheworld, safeaiuniversity",sustainabilityuniversity,0.10310048561822936,0.1385879716100112,0.1031,1.0,7.2156,1.0,0.08881199844439182,inf,0.9604331528529779,0.7439353099730459,1.0,0.871967654986523,"#contributetotheworld, #safeaiuniversity",#sustainabilityuniversity
sustainabilityuniversity,"contributetotheworld, safeaiuniversity",0.1385879716100112,0.10310048561822936,0.1031,0.7439,7.2156,1.0,0.08881199844439182,3.502628629848809,1.0,0.7439353099730459,0.7145001352760698,0.871967654986523,#sustainabilityuniversity,"#contributetotheworld, #safeaiuniversity"
sustainabilityuniversity,"contributetotheworld, creatingthefuture, entrepreneurialuniversity, kampusberdampak, safeaiuniversity",0.1385879716100112,0.10310048561822936,0.1031,0.7439,7.2156,1.0,0.08881199844439182,3.502628629848809,1.0,0.7439353099730459,0.7145001352760698,0.871967654986523,#sustainabilityuniversity,"#contributetotheworld, #creatingthefuture, #entrepreneurialuniversity, #kampusberdampak, #safeaiuniversity"
"contributetotheworld, creatingthefuture, entrepreneurialuniversity, kampusswastaterbaik, safeaiuniversity",sustainabilityuniversity,0.10310048561822936,0.1385879716100112,0.1031,1.0,7.2156,1.0,0.08881199844439182,inf,0.9604331528529779,0.7439353099730459,1.0,0.871967654986523,"#contributetotheworld, #creatingthefuture, #entrepreneurialuniversity, #kampusswastaterbaik, #safeaiuniversity",#sustainabilityuniversity
"creatingthefuture, entrepreneurialuniversity, sustainabilityuniversity","contributetotheworld, kampusberdampak, safeaiuniversity",0.1385879716100112,0.10310048561822936,0.1031,0.7439,7.2156,1.0,0.08881199844439182,3.502628629848809,1.0,0.7439353099730459,0.7145001352760698,0.871967654986523,"#creatingthefuture, #entrepreneurialuniversity, #sustainabilityuniversity","#contributetotheworld, #kampusberdampak, #safeaiuniversity"
"entrepreneurialuniversity, sustainabilityuniversity","contributetotheworld, kampusswastaterbaik, safeaiuniversity",0.1385879716100112,0.10310048561822936,0.1031,0.7439,7.2156,1.0,0.08881199844439182,3.502628629848809,1.0,0.7439353099730459,0.7145001352760698,0.871967654986523,"#entrepreneurialuniversity, #sustainabilityuniversity","#contributetotheworld, #kampusswastaterbaik, #safeaiuniversity"
sustainabilityuniversity,"contributetotheworld, entrepreneurialuniversity, kampusswastaterbaik, safeaiuniversity",0.1385879716100112,0.10310048561822936,0.1031,0.7439,7.2156,1.0,0.08881199844439182,3.502628629848809,1.0,0.7439353099730459,0.7145001352760698,0.871967654986523,#sustainabilityuniversity,"#contributetotheworld, #entrepreneurialuniversity, #kampusswastaterbaik, #safeaiuniversity"
"contributetotheworld, kampusberdampak, kampusswastaterbaik, safeaiuniversity",sustainabilityuniversity,0.10310048561822936,0.1385879716100112,0.1031,1.0,7.2156,1.0,0.08881199844439182,inf,0.9604331528529779,0.7439353099730459,1.0,0.871967654986523,"#contributetotheworld, #kampusberdampak, #kampusswastaterbaik, #safeaiuniversity",#sustainabilityuniversity
"contributetotheworld, entrepreneurialuniversity, kampusswastaterbaik, safeaiuniversity",sustainabilityuniversity,0.10310048561822936,0.1385879716100112,0.1031,1.0,7.2156,1.0,0.08881199844439182,inf,0.9604331528529779,0.7439353099730459,1.0,0.871967654986523,"#contributetotheworld, #entrepreneurialuniversity, #kampusswastaterbaik, #safeaiuniversity",#sustainabilityuniversity
"contributetotheworld, kampusswastaterbaik, safeaiuniversity","entrepreneurialuniversity, sustainabilityuniversity",0.10310048561822936,0.1385879716100112,0.1031,1.0,7.2156,1.0,0.08881199844439182,inf,0.9604331528529779,0.7439353099730459,1.0,0.871967654986523,"#contributetotheworld, #kampusswastaterbaik, #safeaiuniversity","#entrepreneurialuniversity, #sustainabilityuniversity"
"contributetotheworld, kampusberdampak, safeaiuniversity",sustainabilityuniversity,0.10310048561822936,0.1385879716100112,0.1031,1.0,7.2156,1.0,0.08881199844439182,inf,0.9604331528529779,0.7439353099730459,1.0,0.871967654986523,"#contributetotheworld, #kampusberdampak, #safeaiuniversity",#sustainabilityuniversity
"creatingthefuture, kampusswastaterbaik","entrepreneurialuniversity, kampusberdampak, safeaiuniversity, sustainabilityuniversity",0.1385879716100112,0.10310048561822936,0.1031,0.7439,7.2156,1.0,0.08881199844439182,3.502628629848809,1.0,0.7439353099730459,0.7145001352760698,0.871967654986523,"#creatingthefuture, #kampusswastaterbaik","#entrepreneurialuniversity, #kampusberdampak, #safeaiuniversity, #sustainabilityuniversity"
"creatingthefuture, sustainabilityuniversity","entrepreneurialuniversity, kampusberdampak, kampusswastaterbaik, safeaiuniversity",0.1385879716100112,0.10310048561822936,0.1031,0.7439,7.2156,1.0,0.08881199844439182,3.502628629848809,1.0,0.7439353099730459,0.7145001352760698,0.871967654986523,"#creatingthefuture, #sustainabilityuniversity","#entrepreneurialuniversity, #kampusberdampak, #kampusswastaterbaik, #safeaiuniversity"
safeaiuniversity,"creatingthefuture, entrepreneurialuniversity, sustainabilityuniversity",0.10310048561822936,0.1385879716100112,0.1031,1.0,7.2156,1.0,0.08881199844439182,inf,0.9604331528529779,0.7439353099730459,1.0,0.871967654986523,#safeaiuniversity,"#creatingthefuture, #entrepreneurialuniversity, #sustainabilityuniversity"
sustainabilityuniversity,"contributetotheworld, creatingthefuture, kampusberdampak, kampusswastaterbaik",0.1385879716100112,0.10347403810235338,0.1035,0.7466,7.2156,1.0,0.0891337810474512,3.538416296425817,1.0,0.7466307277628034,0.7173876909254266,0.8733153638814015,#sustainabilityuniversity,"#contributetotheworld, #creatingthefuture, #kampusberdampak, #kampusswastaterbaik"
"contributetotheworld, creatingthefuture, kampusberdampak, safeaiuniversity",sustainabilityuniversity,0.10310048561822936,0.1385879716100112,0.1031,1.0,7.2156,1.0,0.08881199844439182,inf,0.9604331528529779,0.7439353099730459,1.0,0.871967654986523,"#contributetotheworld, #creatingthefuture, #kampusberdampak, #safeaiuniversity",#sustainabilityuniversity
"kampusberdampak, safeaiuniversity",sustainabilityuniversity,0.10310048561822936,0.1385879716100112,0.1031,1.0,7.2156,1.0,0.08881199844439182,inf,0.9604331528529779,0.7439353099730459,1.0,0.871967654986523,"#kampusberdampak, #safeaiuniversity",#sustainabilityuniversity
"creatingthefuture, sustainabilityuniversity","contributetotheworld, kampusberdampak, kampusswastaterbaik, safeaiuniversity",0.1385879716100112,0.10310048561822936,0.1031,0.7439,7.2156,1.0,0.08881199844439182,3.502628629848809,1.0,0.7439353099730459,0.7145001352760698,0.871967654986523,"#creatingthefuture, #sustainabilityuniversity","#contributetotheworld, #kampusberdampak, #kampusswastaterbaik, #safeaiuniversity"
"contributetotheworld, entrepreneurialuniversity, kampusberdampak, kampusswastaterbaik, safeaiuniversity",sustainabilityuniversity,0.10310048561822936,0.1385879716100112,0.1031,1.0,7.2156,1.0,0.08881199844439182,inf,0.9604331528529779,0.7439353099730459,1.0,0.871967654986523,"#contributetotheworld, #entrepreneurialuniversity, #kampusberdampak, #kampusswastaterbaik, #safeaiuniversity",#sustainabilityuniversity
"contributetotheworld, kampusberdampak, kampusswastaterbaik, safeaiuniversity","entrepreneurialuniversity, sustainabilityuniversity",0.10310048561822936,0.1385879716100112,0.1031,1.0,7.2156,1.0,0.08881199844439182,inf,0.9604331528529779,0.7439353099730459,1.0,0.871967654986523,"#contributetotheworld, #kampusberdampak, #kampusswastaterbaik, #safeaiuniversity","#entrepreneurialuniversity, #sustainabilityuniversity"
sustainabilityuniversity,safeaiuniversity,0.1385879716100112,0.10310048561822936,0.1031,0.7439,7.2156,1.0,0.08881199844439182,3.502628629848809,1.0,0.7439353099730459,0.7145001352760698,0.871967654986523,#sustainabilityuniversity,#safeaiuniversity
safeaiuniversity,sustainabilityuniversity,0.10310048561822936,0.1385879716100112,0.1031,1.0,7.2156,1.0,0.08881199844439182,inf,0.9604331528529779,0.7439353099730459,1.0,0.871967654986523,#safeaiuniversity,#sustainabilityuniversity
"creatingthefuture, kampusberdampak, kampusswastaterbaik, safeaiuniversity","entrepreneurialuniversity, sustainabilityuniversity",0.10310048561822936,0.1385879716100112,0.1031,1.0,7.2156,1.0,0.08881199844439182,inf,0.9604331528529779,0.7439353099730459,1.0,0.871967654986523,"#creatingthefuture, #kampusberdampak, #kampusswastaterbaik, #safeaiuniversity","#entrepreneurialuniversity, #sustainabilityuniversity"
"entrepreneurialuniversity, kampusberdampak, kampusswastaterbaik, safeaiuniversity","creatingthefuture, sustainabilityuniversity",0.10310048561822936,0.1385879716100112,0.1031,1.0,7.2156,1.0,0.08881199844439182,inf,0.9604331528529779,0.7439353099730459,1.0,0.871967654986523,"#entrepreneurialuniversity, #kampusberdampak, #kampusswastaterbaik, #safeaiuniversity","#creatingthefuture, #sustainabilityuniversity"
"creatingthefuture, sustainabilityuniversity","contributetotheworld, entrepreneurialuniversity, kampusberdampak, kampusswastaterbaik, safeaiuniversity",0.1385879716100112,0.10310048561822936,0.1031,0.7439,7.2156,1.0,0.08881199844439182,3.502628629848809,1.0,0.7439353099730459,0.7145001352760698,0.871967654986523,"#creatingthefuture, #sustainabilityuniversity","#contributetotheworld, #entrepreneurialuniversity, #kampusberdampak, #kampusswastaterbaik, #safeaiuniversity"
"entrepreneurialuniversity, sustainabilityuniversity","contributetotheworld, creatingthefuture, kampusberdampak, kampusswastaterbaik, safeaiuniversity",0.1385879716100112,0.10310048561822936,0.1031,0.7439,7.2156,1.0,0.08881199844439182,3.502628629848809,1.0,0.7439353099730459,0.7145001352760698,0.871967654986523,"#entrepreneurialuniversity, #sustainabilityuniversity","#contributetotheworld, #creatingthefuture, #kampusberdampak, #kampusswastaterbaik, #safeaiuniversity"
sustainabilityuniversity,"contributetotheworld, creatingthefuture, entrepreneurialuniversity, kampusberdampak, kampusswastaterbaik, safeaiuniversity",0.1385879716100112,0.10310048561822936,0.1031,0.7439,7.2156,1.0,0.08881199844439182,3.502628629848809,1.0,0.7439353099730459,0.7145001352760698,0.871967654986523,#sustainabilityuniversity,"#contributetotheworld, #creatingthefuture, #entrepreneurialuniversity, #kampusberdampak, #kampusswastaterbaik, #safeaiuniversity"
"creatingthefuture, entrepreneurialuniversity, sustainabilityuniversity","contributetotheworld, kampusberdampak, kampusswastaterbaik, safeaiuniversity",0.1385879716100112,0.10310048561822936,0.1031,0.7439,7.2156,1.0,0.08881199844439182,3.502628629848809,1.0,0.7439353099730459,0.7145001352760698,0.871967654986523,"#creatingthefuture, #entrepreneurialuniversity, #sustainabilityuniversity","#contributetotheworld, #kampusberdampak, #kampusswastaterbaik, #safeaiuniversity"
"creatingthefuture, sustainabilityuniversity","contributetotheworld, entrepreneurialuniversity, kampusberdampak",0.1385879716100112,0.10347403810235338,0.1035,0.7466,7.2156,1.0,0.0891337810474512,3.538416296425817,1.0,0.7466307277628034,0.7173876909254266,0.8733153638814015,"#creatingthefuture, #sustainabilityuniversity","#contributetotheworld, #entrepreneurialuniversity, #kampusberdampak"
"creatingthefuture, kampusswastaterbaik","contributetotheworld, entrepreneurialuniversity, kampusberdampak, safeaiuniversity",0.1385879716100112,0.10310048561822936,0.1031,0.7439,7.2156,1.0,0.08881199844439182,3.502628629848809,1.0,0.7439353099730459,0.7145001352760698,0.871967654986523,"#creatingthefuture, #kampusswastaterbaik","#contributetotheworld, #entrepreneurialuniversity, #kampusberdampak, #safeaiuniversity"
"contributetotheworld, creatingthefuture, kampusberdampak, kampusswastaterbaik","entrepreneurialuniversity, sustainabilityuniversity",0.10347403810235338,0.1385879716100112,0.1035,1.0,7.2156,1.0,0.0891337810474512,inf,0.9608333333333332,0.7466307277628034,1.0,0.8733153638814015,"#contributetotheworld, #creatingthefuture, #kampusberdampak, #kampusswastaterbaik","#entrepreneurialuniversity, #sustainabilityuniversity"
"contributetotheworld, entrepreneurialuniversity, kampusberdampak, kampusswastaterbaik","creatingthefuture, sustainabilityuniversity",0.10347403810235338,0.1385879716100112,0.1035,1.0,7.2156,1.0,0.0891337810474512,inf,0.9608333333333332,0.7466307277628034,1.0,0.8733153638814015,"#contributetotheworld, #entrepreneurialuniversity, #kampusberdampak, #kampusswastaterbaik","#creatingthefuture, #sustainabilityuniversity"
"contributetotheworld, entrepreneurialuniversity, kampusberdampak, sustainabilityuniversity","creatingthefuture, kampusswastaterbaik",0.10347403810235338,0.1385879716100112,0.1035,1.0,7.2156,1.0,0.0891337810474512,inf,0.9608333333333332,0.7466307277628034,1.0,0.8733153638814015,"#contributetotheworld, #entrepreneurialuniversity, #kampusberdampak, #sustainabilityuniversity","#creatingthefuture, #kampusswastaterbaik"
sustainabilityuniversity,"contributetotheworld, entrepreneurialuniversity, kampusberdampak, kampusswastaterbaik, safeaiuniversity",0.1385879716100112,0.10310048561822936,0.1031,0.7439,7.2156,1.0,0.08881199844439182,3.502628629848809,1.0,0.7439353099730459,0.7145001352760698,0.871967654986523,#sustainabilityuniversity,"#contributetotheworld, #entrepreneurialuniversity, #kampusberdampak, #kampusswastaterbaik, #safeaiuniversity"
"creatingthefuture, entrepreneurialuniversity, kampusberdampak, kampusswastaterbaik, safeaiuniversity",sustainabilityuniversity,0.10310048561822936,0.1385879716100112,0.1031,1.0,7.2156,1.0,0.08881199844439182,inf,0.9604331528529779,0.7439353099730459,1.0,0.871967654986523,"#creatingthefuture, #entrepreneurialuniversity, #kampusberdampak, #kampusswastaterbaik, #safeaiuniversity",#sustainabilityuniversity
sustainabilityuniversity,"kampusberdampak, kampusswastaterbaik, safeaiuniversity",0.1385879716100112,0.10310048561822936,0.1031,0.7439,7.2156,1.0,0.08881199844439182,3.502628629848809,1.0,0.7439353099730459,0.7145001352760698,0.871967654986523,#sustainabilityuniversity,"#kampusberdampak, #kampusswastaterbaik, #safeaiuniversity"
sustainabilityuniversity,"kampusswastaterbaik, safeaiuniversity",0.1385879716100112,0.10310048561822936,0.1031,0.7439,7.2156,1.0,0.08881199844439182,3.502628629848809,1.0,0.7439353099730459,0.7145001352760698,0.871967654986523,#sustainabilityuniversity,"#kampusswastaterbaik, #safeaiuniversity"
"contributetotheworld, kampusberdampak, kampusswastaterbaik, safeaiuniversity","creatingthefuture, entrepreneurialuniversity, sustainabilityuniversity",0.10310048561822936,0.1385879716100112,0.1031,1.0,7.2156,1.0,0.08881199844439182,inf,0.9604331528529779,0.7439353099730459,1.0,0.871967654986523,"#contributetotheworld, #kampusberdampak, #kampusswastaterbaik, #safeaiuniversity","#creatingthefuture, #entrepreneurialuniversity, #sustainabilityuniversity"
"creatingthefuture, kampusberdampak","entrepreneurialuniversity, kampusswastaterbaik",0.1038475905864774,0.1382144191258872,0.1035,0.9964,7.2091,1.0,0.08912080369182046,239.57639148300487,0.9610938974271772,0.7466307277628034,0.9958259660152242,0.8725257631732452,"#creatingthefuture, #kampusberdampak","#entrepreneurialuniversity, #kampusswastaterbaik"
"entrepreneurialuniversity, kampusswastaterbaik","creatingthefuture, kampusberdampak",0.1382144191258872,0.1038475905864774,0.1035,0.7486,7.2091,1.0,0.08912080369182046,3.565337542827992,0.9994210056037269,0.7466307277628034,0.7195216475333189,0.8725257631732452,"#entrepreneurialuniversity, #kampusswastaterbaik","#creatingthefuture, #kampusberdampak"
"contributetotheworld, kampusberdampak, safeaiuniversity","creatingthefuture, entrepreneurialuniversity",0.10310048561822936,0.13896152409413523,0.1031,1.0,7.1962,1.0,0.08877348500187474,inf,0.9600166597251145,0.7419354838709679,1.0,0.8709677419354839,"#contributetotheworld, #kampusberdampak, #safeaiuniversity","#creatingthefuture, #entrepreneurialuniversity"
"creatingthefuture, entrepreneurialuniversity","contributetotheworld, kampusberdampak, safeaiuniversity",0.13896152409413523,0.10310048561822936,0.1031,0.7419,7.1962,1.0,0.08877348500187474,3.4754856182293614,0.9999999999999999,0.7419354838709679,0.712270424957343,0.8709677419354839,"#creatingthefuture, #entrepreneurialuniversity","#contributetotheworld, #kampusberdampak, #safeaiuniversity"
"contributetotheworld, kampusberdampak, kampusswastaterbaik, sustainabilityuniversity","creatingthefuture, entrepreneurialuniversity",0.10347403810235338,0.13896152409413523,0.1035,1.0,7.1962,1.0,0.08909512806347573,inf,0.9604166666666667,0.7446236559139786,1.0,0.8723118279569892,"#contributetotheworld, #kampusberdampak, #kampusswastaterbaik, #sustainabilityuniversity","#creatingthefuture, #entrepreneurialuniversity"
"contributetotheworld, safeaiuniversity","creatingthefuture, entrepreneurialuniversity",0.10310048561822936,0.13896152409413523,0.1031,1.0,7.1962,1.0,0.08877348500187474,inf,0.9600166597251145,0.7419354838709679,1.0,0.8709677419354839,"#contributetotheworld, #safeaiuniversity","#creatingthefuture, #entrepreneurialuniversity"
"kampusswastaterbaik, safeaiuniversity","creatingthefuture, entrepreneurialuniversity",0.10310048561822936,0.13896152409413523,0.1031,1.0,7.1962,1.0,0.08877348500187474,inf,0.9600166597251145,0.7419354838709679,1.0,0.8709677419354839,"#kampusswastaterbaik, #safeaiuniversity","#creatingthefuture, #entrepreneurialuniversity"
"contributetotheworld, kampusberdampak, sustainabilityuniversity","creatingthefuture, entrepreneurialuniversity",0.10347403810235338,0.13896152409413523,0.1035,1.0,7.1962,1.0,0.08909512806347573,inf,0.9604166666666667,0.7446236559139786,1.0,0.8723118279569892,"#contributetotheworld, #kampusberdampak, #sustainabilityuniversity","#creatingthefuture, #entrepreneurialuniversity"
"creatingthefuture, entrepreneurialuniversity","kampusswastaterbaik, safeaiuniversity",0.13896152409413523,0.10310048561822936,0.1031,0.7419,7.1962,1.0,0.08877348500187474,3.4754856182293614,0.9999999999999999,0.7419354838709679,0.712270424957343,0.8709677419354839,"#creatingthefuture, #entrepreneurialuniversity","#kampusswastaterbaik, #safeaiuniversity"
"creatingthefuture, entrepreneurialuniversity","contributetotheworld, kampusberdampak, kampusswastaterbaik, safeaiuniversity, sustainabilityuniversity",0.13896152409413523,0.10310048561822936,0.1031,0.7419,7.1962,1.0,0.08877348500187474,3.4754856182293614,0.9999999999999999,0.7419354838709679,0.712270424957343,0.8709677419354839,"#creatingthefuture, #entrepreneurialuniversity","#contributetotheworld, #kampusberdampak, #kampusswastaterbaik, #safeaiuniversity, #sustainabilityuniversity"
sustainabilityuniversity,"creatingthefuture, entrepreneurialuniversity",0.1385879716100112,0.13896152409413523,0.1386,1.0,7.1962,1.0,0.1193295758539693,inf,0.9995663486556808,0.9973118279569892,1.0,0.9986559139784946,#sustainabilityuniversity,"#creatingthefuture, #entrepreneurialuniversity"
"kampusberdampak, kampusswastaterbaik, safeaiuniversity, sustainabilityuniversity","creatingthefuture, entrepreneurialuniversity",0.10310048561822936,0.13896152409413523,0.1031,1.0,7.1962,1.0,0.08877348500187474,inf,0.9600166597251145,0.7419354838709679,1.0,0.8709677419354839,"#kampusberdampak, #kampusswastaterbaik, #safeaiuniversity, #sustainabilityuniversity","#creatingthefuture, #entrepreneurialuniversity"
"kampusswastaterbaik, sustainabilityuniversity","creatingthefuture, entrepreneurialuniversity",0.13784086664176318,0.13896152409413523,0.1378,1.0,7.1962,1.0,0.11868628973076732,inf,0.9987001733102253,0.9919354838709677,1.0,0.9959677419354839,"#kampusswastaterbaik, #sustainabilityuniversity","#creatingthefuture, #entrepreneurialuniversity"
"creatingthefuture, entrepreneurialuniversity","kampusberdampak, kampusswastaterbaik, safeaiuniversity, sustainabilityuniversity",0.13896152409413523,0.10310048561822936,0.1031,0.7419,7.1962,1.0,0.08877348500187474,3.4754856182293614,0.9999999999999999,0.7419354838709679,0.712270424957343,0.8709677419354839,"#creatingthefuture, #entrepreneurialuniversity","#kampusberdampak, #kampusswastaterbaik, #safeaiuniversity, #sustainabilityuniversity"
"creatingthefuture, entrepreneurialuniversity","safeaiuniversity, sustainabilityuniversity",0.13896152409413523,0.10310048561822936,0.1031,0.7419,7.1962,1.0,0.08877348500187474,3.4754856182293614,0.9999999999999999,0.7419354838709679,0.712270424957343,0.8709677419354839,"#creatingthefuture, #entrepreneurialuniversity","#safeaiuniversity, #sustainabilityuniversity"
"creatingthefuture, entrepreneurialuniversity","contributetotheworld, kampusberdampak, kampusswastaterbaik, safeaiuniversity",0.13896152409413523,0.10310048561822936,0.1031,0.7419,7.1962,1.0,0.08877348500187474,3.4754856182293614,0.9999999999999999,0.7419354838709679,0.712270424957343,0.8709677419354839,"#creatingthefuture, #entrepreneurialuniversity","#contributetotheworld, #kampusberdampak, #kampusswastaterbaik, #safeaiuniversity"
"creatingthefuture, entrepreneurialuniversity","contributetotheworld, kampusberdampak, safeaiuniversity, sustainabilityuniversity",0.13896152409413523,0.10310048561822936,0.1031,0.7419,7.1962,1.0,0.08877348500187474,3.4754856182293614,0.9999999999999999,0.7419354838709679,0.712270424957343,0.8709677419354839,"#creatingthefuture, #entrepreneurialuniversity","#contributetotheworld, #kampusberdampak, #safeaiuniversity, #sustainabilityuniversity"
"creatingthefuture, entrepreneurialuniversity",safeaiuniversity,0.13896152409413523,0.10310048561822936,0.1031,0.7419,7.1962,1.0,0.08877348500187474,3.4754856182293614,0.9999999999999999,0.7419354838709679,0.712270424957343,0.8709677419354839,"#creatingthefuture, #entrepreneurialuniversity",#safeaiuniversity
"safeaiuniversity, sustainabilityuniversity","creatingthefuture, entrepreneurialuniversity",0.10310048561822936,0.13896152409413523,0.1031,1.0,7.1962,1.0,0.08877348500187474,inf,0.9600166597251145,0.7419354838709679,1.0,0.8709677419354839,"#safeaiuniversity, #sustainabilityuniversity","#creatingthefuture, #entrepreneurialuniversity"
"kampusberdampak, kampusswastaterbaik, safeaiuniversity","creatingthefuture, entrepreneurialuniversity",0.10310048561822936,0.13896152409413523,0.1031,1.0,7.1962,1.0,0.08877348500187474,inf,0.9600166597251145,0.7419354838709679,1.0,0.8709677419354839,"#kampusberdampak, #kampusswastaterbaik, #safeaiuniversity","#creatingthefuture, #entrepreneurialuniversity"
"creatingthefuture, entrepreneurialuniversity","contributetotheworld, kampusswastaterbaik, safeaiuniversity, sustainabilityuniversity",0.13896152409413523,0.10310048561822936,0.1031,0.7419,7.1962,1.0,0.08877348500187474,3.4754856182293614,0.9999999999999999,0.7419354838709679,0.712270424957343,0.8709677419354839,"#creatingthefuture, #entrepreneurialuniversity","#contributetotheworld, #kampusswastaterbaik, #safeaiuniversity, #sustainabilityuniversity"
"creatingthefuture, entrepreneurialuniversity","kampusberdampak, kampusswastaterbaik, safeaiuniversity",0.13896152409413523,0.10310048561822936,0.1031,0.7419,7.1962,1.0,0.08877348500187474,3.4754856182293614,0.9999999999999999,0.7419354838709679,0.712270424957343,0.8709677419354839,"#creatingthefuture, #entrepreneurialuniversity","#kampusberdampak, #kampusswastaterbaik, #safeaiuniversity"
"creatingthefuture, entrepreneurialuniversity","contributetotheworld, safeaiuniversity, sustainabilityuniversity",0.13896152409413523,0.10310048561822936,0.1031,0.7419,7.1962,1.0,0.08877348500187474,3.4754856182293614,0.9999999999999999,0.7419354838709679,0.712270424957343,0.8709677419354839,"#creatingthefuture, #entrepreneurialuniversity","#contributetotheworld, #safeaiuniversity, #sustainabilityuniversity"
"contributetotheworld, kampusberdampak, safeaiuniversity, sustainabilityuniversity","creatingthefuture, entrepreneurialuniversity",0.10310048561822936,0.13896152409413523,0.1031,1.0,7.1962,1.0,0.08877348500187474,inf,0.9600166597251145,0.7419354838709679,1.0,0.8709677419354839,"#contributetotheworld, #kampusberdampak, #safeaiuniversity, #sustainabilityuniversity","#creatingthefuture, #entrepreneurialuniversity"
"kampusberdampak, kampusswastaterbaik, sustainabilityuniversity","creatingthefuture, entrepreneurialuniversity",0.10347403810235338,0.13896152409413523,0.1035,1.0,7.1962,1.0,0.08909512806347573,inf,0.9604166666666667,0.7446236559139786,1.0,0.8723118279569892,"#kampusberdampak, #kampusswastaterbaik, #sustainabilityuniversity","#creatingthefuture, #entrepreneurialuniversity"
"kampusberdampak, safeaiuniversity, sustainabilityuniversity","creatingthefuture, entrepreneurialuniversity",0.10310048561822936,0.13896152409413523,0.1031,1.0,7.1962,1.0,0.08877348500187474,inf,0.9600166597251145,0.7419354838709679,1.0,0.8709677419354839,"#kampusberdampak, #safeaiuniversity, #sustainabilityuniversity","#creatingthefuture, #entrepreneurialuniversity"
"kampusberdampak, safeaiuniversity","creatingthefuture, entrepreneurialuniversity",0.10310048561822936,0.13896152409413523,0.1031,1.0,7.1962,1.0,0.08877348500187474,inf,0.9600166597251145,0.7419354838709679,1.0,0.8709677419354839,"#kampusberdampak, #safeaiuniversity","#creatingthefuture, #entrepreneurialuniversity"
"creatingthefuture, entrepreneurialuniversity","kampusberdampak, safeaiuniversity",0.13896152409413523,0.10310048561822936,0.1031,0.7419,7.1962,1.0,0.08877348500187474,3.4754856182293614,0.9999999999999999,0.7419354838709679,0.712270424957343,0.8709677419354839,"#creatingthefuture, #entrepreneurialuniversity","#kampusberdampak, #safeaiuniversity"
"creatingthefuture, entrepreneurialuniversity",sustainabilityuniversity,0.13896152409413523,0.1385879716100112,0.1386,0.9973,7.1962,1.0,0.1193295758539693,320.4452745610761,0.9999999999999999,0.9973118279569892,0.9968793423420903,0.9986559139784946,"#creatingthefuture, #entrepreneurialuniversity",#sustainabilityuniversity
safeaiuniversity,"creatingthefuture, entrepreneurialuniversity",0.10310048561822936,0.13896152409413523,0.1031,1.0,7.1962,1.0,0.08877348500187474,inf,0.9600166597251145,0.7419354838709679,1.0,0.8709677419354839,#safeaiuniversity,"#creatingthefuture, #entrepreneurialuniversity"
"creatingthefuture, entrepreneurialuniversity","contributetotheworld, kampusberdampak, kampusswastaterbaik, sustainabilityuniversity",0.13896152409413523,0.10347403810235338,0.1035,0.7446,7.1962,1.0,0.08909512806347573,3.5106069244834166,1.0,0.7446236559139786,0.7151489695340502,0.8723118279569892,"#creatingthefuture, #entrepreneurialuniversity","#contributetotheworld, #kampusberdampak, #kampusswastaterbaik, #sustainabilityuniversity"
"kampusswastaterbaik, safeaiuniversity, sustainabilityuniversity","creatingthefuture, entrepreneurialuniversity",0.10310048561822936,0.13896152409413523,0.1031,1.0,7.1962,1.0,0.08877348500187474,inf,0.9600166597251145,0.7419354838709679,1.0,0.8709677419354839,"#kampusswastaterbaik, #safeaiuniversity, #sustainabilityuniversity","#creatingthefuture, #entrepreneurialuniversity"
"creatingthefuture, entrepreneurialuniversity","kampusberdampak, kampusswastaterbaik, sustainabilityuniversity",0.13896152409413523,0.10347403810235338,0.1035,0.7446,7.1962,1.0,0.08909512806347573,3.5106069244834166,1.0,0.7446236559139786,0.7151489695340502,0.8723118279569892,"#creatingthefuture, #entrepreneurialuniversity","#kampusberdampak, #kampusswastaterbaik, #sustainabilityuniversity"
"creatingthefuture, entrepreneurialuniversity","kampusberdampak, safeaiuniversity, sustainabilityuniversity",0.13896152409413523,0.10310048561822936,0.1031,0.7419,7.1962,1.0,0.08877348500187474,3.4754856182293614,0.9999999999999999,0.7419354838709679,0.712270424957343,0.8709677419354839,"#creatingthefuture, #entrepreneurialuniversity","#kampusberdampak, #safeaiuniversity, #sustainabilityuniversity"
"contributetotheworld, safeaiuniversity, sustainabilityuniversity","creatingthefuture, entrepreneurialuniversity",0.10310048561822936,0.13896152409413523,0.1031,1.0,7.1962,1.0,0.08877348500187474,inf,0.9600166597251145,0.7419354838709679,1.0,0.8709677419354839,"#contributetotheworld, #safeaiuniversity, #sustainabilityuniversity","#creatingthefuture, #entrepreneurialuniversity"
"contributetotheworld, kampusswastaterbaik, sustainabilityuniversity","creatingthefuture, entrepreneurialuniversity",0.13410534180052297,0.13896152409413523,0.1341,1.0,7.1962,1.0,0.11546985911475735,inf,0.9943917169974115,0.96505376344086,1.0,0.98252688172043,"#contributetotheworld, #kampusswastaterbaik, #sustainabilityuniversity","#creatingthefuture, #entrepreneurialuniversity"
"contributetotheworld, kampusberdampak, kampusswastaterbaik, safeaiuniversity, sustainabilityuniversity","creatingthefuture, entrepreneurialuniversity",0.10310048561822936,0.13896152409413523,0.1031,1.0,7.1962,1.0,0.08877348500187474,inf,0.9600166597251145,0.7419354838709679,1.0,0.8709677419354839,"#contributetotheworld, #kampusberdampak, #kampusswastaterbaik, #safeaiuniversity, #sustainabilityuniversity","#creatingthefuture, #entrepreneurialuniversity"
"creatingthefuture, entrepreneurialuniversity","kampusswastaterbaik, safeaiuniversity, sustainabilityuniversity",0.13896152409413523,0.10310048561822936,0.1031,0.7419,7.1962,1.0,0.08877348500187474,3.4754856182293614,0.9999999999999999,0.7419354838709679,0.712270424957343,0.8709677419354839,"#creatingthefuture, #entrepreneurialuniversity","#kampusswastaterbaik, #safeaiuniversity, #sustainabilityuniversity"
"creatingthefuture, entrepreneurialuniversity","contributetotheworld, kampusberdampak, sustainabilityuniversity",0.13896152409413523,0.10347403810235338,0.1035,0.7446,7.1962,1.0,0.08909512806347573,3.5106069244834166,1.0,0.7446236559139786,0.7151489695340502,0.8723118279569892,"#creatingthefuture, #entrepreneurialuniversity","#contributetotheworld, #kampusberdampak, #sustainabilityuniversity"
"contributetotheworld, kampusberdampak, kampusswastaterbaik, safeaiuniversity","creatingthefuture, entrepreneurialuniversity",0.10310048561822936,0.13896152409413523,0.1031,1.0,7.1962,1.0,0.08877348500187474,inf,0.9600166597251145,0.7419354838709679,1.0,0.8709677419354839,"#contributetotheworld, #kampusberdampak, #kampusswastaterbaik, #safeaiuniversity","#creatingthefuture, #entrepreneurialuniversity"
"contributetotheworld, kampusswastaterbaik, safeaiuniversity","creatingthefuture, entrepreneurialuniversity",0.10310048561822936,0.13896152409413523,0.1031,1.0,7.1962,1.0,0.08877348500187474,inf,0.9600166597251145,0.7419354838709679,1.0,0.8709677419354839,"#contributetotheworld, #kampusswastaterbaik, #safeaiuniversity","#creatingthefuture, #entrepreneurialuniversity"
"creatingthefuture, entrepreneurialuniversity","contributetotheworld, sustainabilityuniversity",0.13896152409413523,0.134852446768771,0.1349,0.9704,7.1962,1.0,0.11611314523795935,29.25771725472875,1.0,0.9704301075268814,0.9658209835274018,0.9852150537634408,"#creatingthefuture, #entrepreneurialuniversity","#contributetotheworld, #sustainabilityuniversity"
"creatingthefuture, entrepreneurialuniversity","contributetotheworld, safeaiuniversity",0.13896152409413523,0.10310048561822936,0.1031,0.7419,7.1962,1.0,0.08877348500187474,3.4754856182293614,0.9999999999999999,0.7419354838709679,0.712270424957343,0.8709677419354839,"#creatingthefuture, #entrepreneurialuniversity","#contributetotheworld, #safeaiuniversity"
"contributetotheworld, sustainabilityuniversity","creatingthefuture, entrepreneurialuniversity",0.134852446768771,0.13896152409413523,0.1349,1.0,7.1962,1.0,0.11611314523795935,inf,0.9952504317789292,0.9704301075268814,1.0,0.9852150537634408,"#contributetotheworld, #sustainabilityuniversity","#creatingthefuture, #entrepreneurialuniversity"
"creatingthefuture, entrepreneurialuniversity","contributetotheworld, kampusswastaterbaik, safeaiuniversity",0.13896152409413523,0.10310048561822936,0.1031,0.7419,7.1962,1.0,0.08877348500187474,3.4754856182293614,0.9999999999999999,0.7419354838709679,0.712270424957343,0.8709677419354839,"#creatingthefuture, #entrepreneurialuniversity","#contributetotheworld, #kampusswastaterbaik, #safeaiuniversity"
"contributetotheworld, kampusswastaterbaik, safeaiuniversity, sustainabilityuniversity","creatingthefuture, entrepreneurialuniversity",0.10310048561822936,0.13896152409413523,0.1031,1.0,7.1962,1.0,0.08877348500187474,inf,0.9600166597251145,0.7419354838709679,1.0,0.8709677419354839,"#contributetotheworld, #kampusswastaterbaik, #safeaiuniversity, #sustainabilityuniversity","#creatingthefuture, #entrepreneurialuniversity"
"kampusberdampak, sustainabilityuniversity","creatingthefuture, entrepreneurialuniversity",0.10347403810235338,0.13896152409413523,0.1035,1.0,7.1962,1.0,0.08909512806347573,inf,0.9604166666666667,0.7446236559139786,1.0,0.8723118279569892,"#kampusberdampak, #sustainabilityuniversity","#creatingthefuture, #entrepreneurialuniversity"
"creatingthefuture, entrepreneurialuniversity","kampusberdampak, sustainabilityuniversity",0.13896152409413523,0.10347403810235338,0.1035,0.7446,7.1962,1.0,0.08909512806347573,3.5106069244834166,1.0,0.7446236559139786,0.7151489695340502,0.8723118279569892,"#creatingthefuture, #entrepreneurialuniversity","#kampusberdampak, #sustainabilityuniversity"
"creatingthefuture, entrepreneurialuniversity","contributetotheworld, kampusswastaterbaik, sustainabilityuniversity",0.13896152409413523,0.13410534180052297,0.1341,0.9651,7.1962,1.0,0.11546985911475735,24.77790868078498,0.9999999999999999,0.96505376344086,0.9596414688227706,0.98252688172043,"#creatingthefuture, #entrepreneurialuniversity","#contributetotheworld, #kampusswastaterbaik, #sustainabilityuniversity"
"creatingthefuture, entrepreneurialuniversity","kampusswastaterbaik, sustainabilityuniversity",0.13896152409413523,0.13784086664176318,0.1378,0.9919,7.1962,1.0,0.11868628973076732,106.90773253642146,1.0,0.9919354838709677,0.9906461396544977,0.9959677419354839,"#creatingthefuture, #entrepreneurialuniversity","#kampusswastaterbaik, #sustainabilityuniversity"
"entrepreneurialuniversity, kampusswastaterbaik","creatingthefuture, sustainabilityuniversity",0.1382144191258872,0.1385879716100112,0.1378,0.9973,7.1961,1.0,0.11868601064785053,318.7224505042991,0.9991307238603379,0.9919354838709677,0.9968624739223179,0.9959532308588912,"#entrepreneurialuniversity, #kampusswastaterbaik","#creatingthefuture, #sustainabilityuniversity"
sustainabilityuniversity,"creatingthefuture, entrepreneurialuniversity, kampusswastaterbaik",0.1385879716100112,0.1382144191258872,0.1378,0.9946,7.1961,1.0,0.11868601064785053,159.86122525214844,0.9995639982418905,0.9919354838709677,0.9937445744055652,0.9959532308588912,#sustainabilityuniversity,"#creatingthefuture, #entrepreneurialuniversity, #kampusswastaterbaik"
"creatingthefuture, entrepreneurialuniversity, kampusswastaterbaik",sustainabilityuniversity,0.1382144191258872,0.1385879716100112,0.1378,0.9973,7.1961,1.0,0.11868601064785053,318.7224505042991,0.9991307238603379,0.9919354838709677,0.9968624739223179,0.9959532308588912,"#creatingthefuture, #entrepreneurialuniversity, #kampusswastaterbaik",#sustainabilityuniversity
"creatingthefuture, sustainabilityuniversity","entrepreneurialuniversity, kampusswastaterbaik",0.1385879716100112,0.1382144191258872,0.1378,0.9946,7.1961,1.0,0.11868601064785053,159.86122525214844,0.9995639982418905,0.9919354838709677,0.9937445744055652,0.9959532308588912,"#creatingthefuture, #sustainabilityuniversity","#entrepreneurialuniversity, #kampusswastaterbaik"
sustainabilityuniversity,"entrepreneurialuniversity, kampusswastaterbaik",0.1385879716100112,0.1382144191258872,0.1378,0.9946,7.1961,1.0,0.11868601064785053,159.86122525214844,0.9995639982418905,0.9919354838709677,0.9937445744055652,0.9959532308588912,#sustainabilityuniversity,"#entrepreneurialuniversity, #kampusswastaterbaik"
"entrepreneurialuniversity, kampusswastaterbaik",sustainabilityuniversity,0.1382144191258872,0.1385879716100112,0.1378,0.9973,7.1961,1.0,0.11868601064785053,318.7224505042991,0.9991307238603379,0.9919354838709677,0.9968624739223179,0.9959532308588912,"#entrepreneurialuniversity, #kampusswastaterbaik",#sustainabilityuniversity
"contributetotheworld, entrepreneurialuniversity",sustainabilityuniversity,0.13522599925289502,0.1385879716100112,0.1349,0.9972,7.1957,1.0,0.1161117498233754,311.831154277183,0.9956683797706156,0.9704301075268814,0.9967931363294409,0.9851416955815997,"#contributetotheworld, #entrepreneurialuniversity",#sustainabilityuniversity
"contributetotheworld, creatingthefuture","entrepreneurialuniversity, sustainabilityuniversity",0.13522599925289502,0.1385879716100112,0.1349,0.9972,7.1957,1.0,0.1161117498233754,311.831154277183,0.9956683797706156,0.9704301075268814,0.9967931363294409,0.9851416955815997,"#contributetotheworld, #creatingthefuture","#entrepreneurialuniversity, #sustainabilityuniversity"
"contributetotheworld, creatingthefuture",sustainabilityuniversity,0.13522599925289502,0.1385879716100112,0.1349,0.9972,7.1957,1.0,0.1161117498233754,311.831154277183,0.9956683797706156,0.9704301075268814,0.9967931363294409,0.9851416955815997,"#contributetotheworld, #creatingthefuture",#sustainabilityuniversity
"contributetotheworld, entrepreneurialuniversity","creatingthefuture, sustainabilityuniversity",0.13522599925289502,0.1385879716100112,0.1349,0.9972,7.1957,1.0,0.1161117498233754,311.831154277183,0.9956683797706156,0.9704301075268814,0.9967931363294409,0.9851416955815997,"#contributetotheworld, #entrepreneurialuniversity","#creatingthefuture, #sustainabilityuniversity"
"contributetotheworld, creatingthefuture, entrepreneurialuniversity",sustainabilityuniversity,0.13522599925289502,0.1385879716100112,0.1349,0.9972,7.1957,1.0,0.1161117498233754,311.831154277183,0.9956683797706156,0.9704301075268814,0.9967931363294409,0.9851416955815997,"#contributetotheworld, #creatingthefuture, #entrepreneurialuniversity",#sustainabilityuniversity
sustainabilityuniversity,"contributetotheworld, entrepreneurialuniversity",0.1385879716100112,0.13522599925289502,0.1349,0.973,7.1957,1.0,0.1161117498233754,32.08311542771743,0.9995543361530682,0.9704301075268814,0.9688309571352889,0.9851416955815997,#sustainabilityuniversity,"#contributetotheworld, #entrepreneurialuniversity"
sustainabilityuniversity,"contributetotheworld, creatingthefuture",0.1385879716100112,0.13522599925289502,0.1349,0.973,7.1957,1.0,0.1161117498233754,32.08311542771743,0.9995543361530682,0.9704301075268814,0.9688309571352889,0.9851416955815997,#sustainabilityuniversity,"#contributetotheworld, #creatingthefuture"
"entrepreneurialuniversity, sustainabilityuniversity","contributetotheworld, creatingthefuture",0.1385879716100112,0.13522599925289502,0.1349,0.973,7.1957,1.0,0.1161117498233754,32.08311542771743,0.9995543361530682,0.9704301075268814,0.9688309571352889,0.9851416955815997,"#entrepreneurialuniversity, #sustainabilityuniversity","#contributetotheworld, #creatingthefuture"
sustainabilityuniversity,"contributetotheworld, creatingthefuture, entrepreneurialuniversity",0.1385879716100112,0.13522599925289502,0.1349,0.973,7.1957,1.0,0.1161117498233754,32.08311542771743,0.9995543361530682,0.9704301075268814,0.9688309571352889,0.9851416955815997,#sustainabilityuniversity,"#contributetotheworld, #creatingthefuture, #entrepreneurialuniversity"
"creatingthefuture, sustainabilityuniversity","contributetotheworld, entrepreneurialuniversity",0.1385879716100112,0.13522599925289502,0.1349,0.973,7.1957,1.0,0.1161117498233754,32.08311542771743,0.9995543361530682,0.9704301075268814,0.9688309571352889,0.9851416955815997,"#creatingthefuture, #sustainabilityuniversity","#contributetotheworld, #entrepreneurialuniversity"
"contributetotheworld, entrepreneurialuniversity, kampusswastaterbaik",sustainabilityuniversity,0.134478894284647,0.1385879716100112,0.1341,0.9972,7.1956,1.0,0.11546818461725661,310.1083302203971,0.9948064625878964,0.96505376344086,0.9967753204201599,0.9824386043725666,"#contributetotheworld, #entrepreneurialuniversity, #kampusswastaterbaik",#sustainabilityuniversity
sustainabilityuniversity,"contributetotheworld, entrepreneurialuniversity, kampusswastaterbaik",0.1385879716100112,0.134478894284647,0.1341,0.9677,7.1956,1.0,0.11546818461725661,26.75902751836623,0.9995518533461214,0.96505376344086,0.9626294341483956,0.9824386043725666,#sustainabilityuniversity,"#contributetotheworld, #entrepreneurialuniversity, #kampusswastaterbaik"
"contributetotheworld, creatingthefuture, kampusswastaterbaik","entrepreneurialuniversity, sustainabilityuniversity",0.134478894284647,0.1385879716100112,0.1341,0.9972,7.1956,1.0,0.11546818461725661,310.1083302203971,0.9948064625878964,0.96505376344086,0.9967753204201599,0.9824386043725666,"#contributetotheworld, #creatingthefuture, #kampusswastaterbaik","#entrepreneurialuniversity, #sustainabilityuniversity"
"creatingthefuture, sustainabilityuniversity","contributetotheworld, entrepreneurialuniversity, kampusswastaterbaik",0.1385879716100112,0.134478894284647,0.1341,0.9677,7.1956,1.0,0.11546818461725661,26.75902751836623,0.9995518533461214,0.96505376344086,0.9626294341483956,0.9824386043725666,"#creatingthefuture, #sustainabilityuniversity","#contributetotheworld, #entrepreneurialuniversity, #kampusswastaterbaik"
sustainabilityuniversity,"contributetotheworld, creatingthefuture, kampusswastaterbaik",0.1385879716100112,0.134478894284647,0.1341,0.9677,7.1956,1.0,0.11546818461725661,26.75902751836623,0.9995518533461214,0.96505376344086,0.9626294341483956,0.9824386043725666,#sustainabilityuniversity,"#contributetotheworld, #creatingthefuture, #kampusswastaterbaik"
"contributetotheworld, entrepreneurialuniversity, kampusswastaterbaik","creatingthefuture, sustainabilityuniversity",0.134478894284647,0.1385879716100112,0.1341,0.9972,7.1956,1.0,0.11546818461725661,310.1083302203971,0.9948064625878964,0.96505376344086,0.9967753204201599,0.9824386043725666,"#contributetotheworld, #entrepreneurialuniversity, #kampusswastaterbaik","#creatingthefuture, #sustainabilityuniversity"
"entrepreneurialuniversity, sustainabilityuniversity","contributetotheworld, creatingthefuture, kampusswastaterbaik",0.1385879716100112,0.134478894284647,0.1341,0.9677,7.1956,1.0,0.11546818461725661,26.75902751836623,0.9995518533461214,0.96505376344086,0.9626294341483956,0.9824386043725666,"#entrepreneurialuniversity, #sustainabilityuniversity","#contributetotheworld, #creatingthefuture, #kampusswastaterbaik"
"contributetotheworld, creatingthefuture, kampusswastaterbaik",sustainabilityuniversity,0.134478894284647,0.1385879716100112,0.1341,0.9972,7.1956,1.0,0.11546818461725661,310.1083302203971,0.9948064625878964,0.96505376344086,0.9967753204201599,0.9824386043725666,"#contributetotheworld, #creatingthefuture, #kampusswastaterbaik",#sustainabilityuniversity
sustainabilityuniversity,"contributetotheworld, creatingthefuture, entrepreneurialuniversity, kampusswastaterbaik",0.1385879716100112,0.134478894284647,0.1341,0.9677,7.1956,1.0,0.11546818461725661,26.75902751836623,0.9995518533461214,0.96505376344086,0.9626294341483956,0.9824386043725666,#sustainabilityuniversity,"#contributetotheworld, #creatingthefuture, #entrepreneurialuniversity, #kampusswastaterbaik"
"contributetotheworld, creatingthefuture, entrepreneurialuniversity, kampusswastaterbaik",sustainabilityuniversity,0.134478894284647,0.1385879716100112,0.1341,0.9972,7.1956,1.0,0.11546818461725661,310.1083302203971,0.9948064625878964,0.96505376344086,0.9967753204201599,0.9824386043725666,"#contributetotheworld, #creatingthefuture, #entrepreneurialuniversity, #kampusswastaterbaik",#sustainabilityuniversity
"entrepreneurialuniversity, kampusswastaterbaik","contributetotheworld, creatingthefuture",0.1382144191258872,0.13522599925289502,0.1345,0.973,7.1952,1.0,0.11578871134719045,31.996638027642817,0.9991089919568463,0.9677419354838711,0.9687467164788979,0.98372405554726,"#entrepreneurialuniversity, #kampusswastaterbaik","#contributetotheworld, #creatingthefuture"
"contributetotheworld, creatingthefuture","entrepreneurialuniversity, kampusswastaterbaik",0.13522599925289502,0.1382144191258872,0.1345,0.9945,7.1952,1.0,0.11578871134719045,155.9831901382148,0.9956563474922007,0.9677419354838711,0.9935890527747643,0.98372405554726,"#contributetotheworld, #creatingthefuture","#entrepreneurialuniversity, #kampusswastaterbaik"
"contributetotheworld, creatingthefuture, sustainabilityuniversity","entrepreneurialuniversity, kampusswastaterbaik",0.134852446768771,0.1382144191258872,0.1341,0.9945,7.1951,1.0,0.11546678920267267,155.55229734777885,0.9952239717888397,0.96505376344086,0.9935712939181848,0.9823650520326421,"#contributetotheworld, #creatingthefuture, #sustainabilityuniversity","#entrepreneurialuniversity, #kampusswastaterbaik"
"entrepreneurialuniversity, kampusswastaterbaik","contributetotheworld, creatingthefuture, sustainabilityuniversity",0.1382144191258872,0.134852446768771,0.1341,0.9703,7.1951,1.0,0.11546678920267267,29.100417699595855,0.9991065100402916,0.96505376344086,0.9656362320870093,0.9823650520326421,"#entrepreneurialuniversity, #kampusswastaterbaik","#contributetotheworld, #creatingthefuture, #sustainabilityuniversity"
"creatingthefuture, entrepreneurialuniversity, kampusswastaterbaik","contributetotheworld, sustainabilityuniversity",0.1382144191258872,0.134852446768771,0.1341,0.9703,7.1951,1.0,0.11546678920267267,29.100417699595855,0.9991065100402916,0.96505376344086,0.9656362320870093,0.9823650520326421,"#creatingthefuture, #entrepreneurialuniversity, #kampusswastaterbaik","#contributetotheworld, #sustainabilityuniversity"
"contributetotheworld, sustainabilityuniversity","entrepreneurialuniversity, kampusswastaterbaik",0.134852446768771,0.1382144191258872,0.1341,0.9945,7.1951,1.0,0.11546678920267267,155.55229734777885,0.9952239717888397,0.96505376344086,0.9935712939181848,0.9823650520326421,"#contributetotheworld, #sustainabilityuniversity","#entrepreneurialuniversity, #kampusswastaterbaik"
"entrepreneurialuniversity, kampusswastaterbaik","contributetotheworld, sustainabilityuniversity",0.1382144191258872,0.134852446768771,0.1341,0.9703,7.1951,1.0,0.11546678920267267,29.100417699595855,0.9991065100402916,0.96505376344086,0.9656362320870093,0.9823650520326421,"#entrepreneurialuniversity, #kampusswastaterbaik","#contributetotheworld, #sustainabilityuniversity"
"contributetotheworld, sustainabilityuniversity","creatingthefuture, entrepreneurialuniversity, kampusswastaterbaik",0.134852446768771,0.1382144191258872,0.1341,0.9945,7.1951,1.0,0.11546678920267267,155.55229734777885,0.9952239717888397,0.96505376344086,0.9935712939181848,0.9823650520326421,"#contributetotheworld, #sustainabilityuniversity","#creatingthefuture, #entrepreneurialuniversity, #kampusswastaterbaik"
"contributetotheworld, creatingthefuture","entrepreneurialuniversity, kampusswastaterbaik, sustainabilityuniversity",0.13522599925289502,0.13784086664176318,0.1341,0.9917,7.1946,1.0,0.1154656728710055,104.03386875856154,0.9956442481815939,0.96505376344086,0.9903877457223016,0.9823062180898052,"#contributetotheworld, #creatingthefuture","#entrepreneurialuniversity, #kampusswastaterbaik, #sustainabilityuniversity"
"creatingthefuture, kampusswastaterbaik, sustainabilityuniversity","contributetotheworld, entrepreneurialuniversity",0.13784086664176318,0.13522599925289502,0.1341,0.9729,7.1946,1.0,0.1154656728710055,31.910160627568132,0.9986639664386437,0.96505376344086,0.9686620192335832,0.9823062180898052,"#creatingthefuture, #kampusswastaterbaik, #sustainabilityuniversity","#contributetotheworld, #entrepreneurialuniversity"
"contributetotheworld, entrepreneurialuniversity","kampusswastaterbaik, sustainabilityuniversity",0.13522599925289502,0.13784086664176318,0.1341,0.9917,7.1946,1.0,0.1154656728710055,104.03386875856154,0.9956442481815939,0.96505376344086,0.9903877457223016,0.9823062180898052,"#contributetotheworld, #entrepreneurialuniversity","#kampusswastaterbaik, #sustainabilityuniversity"
"contributetotheworld, entrepreneurialuniversity","creatingthefuture, kampusswastaterbaik, sustainabilityuniversity",0.13522599925289502,0.13784086664176318,0.1341,0.9917,7.1946,1.0,0.1154656728710055,104.03386875856154,0.9956442481815939,0.96505376344086,0.9903877457223016,0.9823062180898052,"#contributetotheworld, #entrepreneurialuniversity","#creatingthefuture, #kampusswastaterbaik, #sustainabilityuniversity"
"kampusswastaterbaik, sustainabilityuniversity","contributetotheworld, entrepreneurialuniversity",0.13784086664176318,0.13522599925289502,0.1341,0.9729,7.1946,1.0,0.1154656728710055,31.910160627568132,0.9986639664386437,0.96505376344086,0.9686620192335832,0.9823062180898052,"#kampusswastaterbaik, #sustainabilityuniversity","#contributetotheworld, #entrepreneurialuniversity"
"contributetotheworld, creatingthefuture, entrepreneurialuniversity","kampusswastaterbaik, sustainabilityuniversity",0.13522599925289502,0.13784086664176318,0.1341,0.9917,7.1946,1.0,0.1154656728710055,104.03386875856154,0.9956442481815939,0.96505376344086,0.9903877457223016,0.9823062180898052,"#contributetotheworld, #creatingthefuture, #entrepreneurialuniversity","#kampusswastaterbaik, #sustainabilityuniversity"
"contributetotheworld, creatingthefuture","kampusswastaterbaik, sustainabilityuniversity",0.13522599925289502,0.13784086664176318,0.1341,0.9917,7.1946,1.0,0.1154656728710055,104.03386875856154,0.9956442481815939,0.96505376344086,0.9903877457223016,0.9823062180898052,"#contributetotheworld, #creatingthefuture","#kampusswastaterbaik, #sustainabilityuniversity"
"kampusswastaterbaik, sustainabilityuniversity","contributetotheworld, creatingthefuture",0.13784086664176318,0.13522599925289502,0.1341,0.9729,7.1946,1.0,0.1154656728710055,31.910160627568132,0.9986639664386437,0.96505376344086,0.9686620192335832,0.9823062180898052,"#kampusswastaterbaik, #sustainabilityuniversity","#contributetotheworld, #creatingthefuture"
"entrepreneurialuniversity, kampusswastaterbaik, sustainabilityuniversity","contributetotheworld, creatingthefuture",0.13784086664176318,0.13522599925289502,0.1341,0.9729,7.1946,1.0,0.1154656728710055,31.910160627568132,0.9986639664386437,0.96505376344086,0.9686620192335832,0.9823062180898052,"#entrepreneurialuniversity, #kampusswastaterbaik, #sustainabilityuniversity","#contributetotheworld, #creatingthefuture"
"kampusswastaterbaik, sustainabilityuniversity","contributetotheworld, creatingthefuture, entrepreneurialuniversity",0.13784086664176318,0.13522599925289502,0.1341,0.9729,7.1946,1.0,0.1154656728710055,31.910160627568132,0.9986639664386437,0.96505376344086,0.9686620192335832,0.9823062180898052,"#kampusswastaterbaik, #sustainabilityuniversity","#contributetotheworld, #creatingthefuture, #entrepreneurialuniversity"
"creatingthefuture, kampusberdampak","entrepreneurialuniversity, sustainabilityuniversity",0.1038475905864774,0.1385879716100112,0.1035,0.9964,7.1897,1.0,0.08908201116638659,239.47254389241837,0.9606755522382221,0.7446236559139786,0.9958241559397756,0.8715168027303224,"#creatingthefuture, #kampusberdampak","#entrepreneurialuniversity, #sustainabilityuniversity"
"creatingthefuture, kampusberdampak, kampusswastaterbaik","entrepreneurialuniversity, sustainabilityuniversity",0.1038475905864774,0.1385879716100112,0.1035,0.9964,7.1897,1.0,0.08908201116638659,239.47254389241837,0.9606755522382221,0.7446236559139786,0.9958241559397756,0.8715168027303224,"#creatingthefuture, #kampusberdampak, #kampusswastaterbaik","#entrepreneurialuniversity, #sustainabilityuniversity"
"creatingthefuture, kampusberdampak",sustainabilityuniversity,0.1038475905864774,0.1385879716100112,0.1035,0.9964,7.1897,1.0,0.08908201116638659,239.47254389241837,0.9606755522382221,0.7446236559139786,0.9958241559397756,0.8715168027303224,"#creatingthefuture, #kampusberdampak",#sustainabilityuniversity
"creatingthefuture, kampusberdampak, kampusswastaterbaik",sustainabilityuniversity,0.1038475905864774,0.1385879716100112,0.1035,0.9964,7.1897,1.0,0.08908201116638659,239.47254389241837,0.9606755522382221,0.7446236559139786,0.9958241559397756,0.8715168027303224,"#creatingthefuture, #kampusberdampak, #kampusswastaterbaik",#sustainabilityuniversity
"entrepreneurialuniversity, sustainabilityuniversity","creatingthefuture, kampusberdampak",0.1385879716100112,0.1038475905864774,0.1035,0.7466,7.1897,1.0,0.08908201116638659,3.536941956302306,0.9994191889937099,0.7446236559139786,0.7172698867115564,0.8715168027303224,"#entrepreneurialuniversity, #sustainabilityuniversity","#creatingthefuture, #kampusberdampak"
sustainabilityuniversity,"creatingthefuture, kampusberdampak",0.1385879716100112,0.1038475905864774,0.1035,0.7466,7.1897,1.0,0.08908201116638659,3.536941956302306,0.9994191889937099,0.7446236559139786,0.7172698867115564,0.8715168027303224,#sustainabilityuniversity,"#creatingthefuture, #kampusberdampak"
"entrepreneurialuniversity, sustainabilityuniversity","creatingthefuture, kampusberdampak, kampusswastaterbaik",0.1385879716100112,0.1038475905864774,0.1035,0.7466,7.1897,1.0,0.08908201116638659,3.536941956302306,0.9994191889937099,0.7446236559139786,0.7172698867115564,0.8715168027303224,"#entrepreneurialuniversity, #sustainabilityuniversity","#creatingthefuture, #kampusberdampak, #kampusswastaterbaik"
sustainabilityuniversity,"creatingthefuture, kampusberdampak, kampusswastaterbaik",0.1385879716100112,0.1038475905864774,0.1035,0.7466,7.1897,1.0,0.08908201116638659,3.536941956302306,0.9994191889937099,0.7446236559139786,0.7172698867115564,0.8715168027303224,#sustainabilityuniversity,"#creatingthefuture, #kampusberdampak, #kampusswastaterbaik"
entrepreneurialuniversity,"contributetotheworld, sustainabilityuniversity",0.13933507657825925,0.134852446768771,0.1349,0.9678,7.1769,1.0,0.11606277077147867,26.891669779604015,1.0,0.9678284182305631,0.9628137632138243,0.9839142091152815,#entrepreneurialuniversity,"#contributetotheworld, #sustainabilityuniversity"
creatingthefuture,"contributetotheworld, sustainabilityuniversity",0.13933507657825925,0.134852446768771,0.1349,0.9678,7.1769,1.0,0.11606277077147867,26.891669779604015,1.0,0.9678284182305631,0.9628137632138243,0.9839142091152815,#creatingthefuture,"#contributetotheworld, #sustainabilityuniversity"
creatingthefuture,"contributetotheworld, entrepreneurialuniversity, sustainabilityuniversity",0.13933507657825925,0.134852446768771,0.1349,0.9678,7.1769,1.0,0.11606277077147867,26.891669779604015,1.0,0.9678284182305631,0.9628137632138243,0.9839142091152815,#creatingthefuture,"#contributetotheworld, #entrepreneurialuniversity, #sustainabilityuniversity"
entrepreneurialuniversity,"contributetotheworld, creatingthefuture, sustainabilityuniversity",0.13933507657825925,0.134852446768771,0.1349,0.9678,7.1769,1.0,0.11606277077147867,26.891669779604015,1.0,0.9678284182305631,0.9628137632138243,0.9839142091152815,#entrepreneurialuniversity,"#contributetotheworld, #creatingthefuture, #sustainabilityuniversity"
entrepreneurialuniversity,"contributetotheworld, creatingthefuture, kampusberdampak, sustainabilityuniversity",0.13933507657825925,0.10347403810235338,0.1035,0.7426,7.1769,1.0,0.08905647507950026,3.4833769144564806,1.0000000000000002,0.7426273458445042,0.7129222520107238,0.8713136729222519,#entrepreneurialuniversity,"#contributetotheworld, #creatingthefuture, #kampusberdampak, #sustainabilityuniversity"
"entrepreneurialuniversity, kampusberdampak",creatingthefuture,0.10347403810235338,0.13933507657825925,0.1035,1.0,7.1769,1.0,0.08905647507950026,inf,0.9600000000000001,0.7426273458445042,1.0,0.8713136729222519,"#entrepreneurialuniversity, #kampusberdampak",#creatingthefuture
"creatingthefuture, kampusberdampak, kampusswastaterbaik, safeaiuniversity, sustainabilityuniversity",entrepreneurialuniversity,0.10310048561822936,0.13933507657825925,0.1031,1.0,7.1769,1.0,0.08873497155935765,inf,0.9596001665972511,0.7399463806970511,1.0,0.8699731903485255,"#creatingthefuture, #kampusberdampak, #kampusswastaterbaik, #safeaiuniversity, #sustainabilityuniversity",#entrepreneurialuniversity
"entrepreneurialuniversity, kampusberdampak, kampusswastaterbaik, safeaiuniversity, sustainabilityuniversity",creatingthefuture,0.10310048561822936,0.13933507657825925,0.1031,1.0,7.1769,1.0,0.08873497155935765,inf,0.9596001665972511,0.7399463806970511,1.0,0.8699731903485255,"#entrepreneurialuniversity, #kampusberdampak, #kampusswastaterbaik, #safeaiuniversity, #sustainabilityuniversity",#creatingthefuture
entrepreneurialuniversity,"contributetotheworld, creatingthefuture, kampusberdampak, kampusswastaterbaik",0.13933507657825925,0.10347403810235338,0.1035,0.7426,7.1769,1.0,0.08905647507950026,3.4833769144564806,1.0000000000000002,0.7426273458445042,0.7129222520107238,0.8713136729222519,#entrepreneurialuniversity,"#contributetotheworld, #creatingthefuture, #kampusberdampak, #kampusswastaterbaik"
sustainabilityuniversity,creatingthefuture,0.1385879716100112,0.13933507657825925,0.1386,1.0,7.1769,1.0,0.11927780597290469,inf,0.9991326973113618,0.9946380697050938,1.0,0.9973190348525469,#sustainabilityuniversity,#creatingthefuture
"contributetotheworld, kampusberdampak, kampusswastaterbaik, safeaiuniversity, sustainabilityuniversity",entrepreneurialuniversity,0.10310048561822936,0.13933507657825925,0.1031,1.0,7.1769,1.0,0.08873497155935765,inf,0.9596001665972511,0.7399463806970511,1.0,0.8699731903485255,"#contributetotheworld, #kampusberdampak, #kampusswastaterbaik, #safeaiuniversity, #sustainabilityuniversity",#entrepreneurialuniversity
creatingthefuture,"contributetotheworld, kampusberdampak, kampusswastaterbaik, safeaiuniversity, sustainabilityuniversity",0.13933507657825925,0.10310048561822936,0.1031,0.7399,7.1769,1.0,0.08873497155935765,3.448902256334024,1.0,0.7399463806970511,0.710052670189923,0.8699731903485255,#creatingthefuture,"#contributetotheworld, #kampusberdampak, #kampusswastaterbaik, #safeaiuniversity, #sustainabilityuniversity"
"contributetotheworld, entrepreneurialuniversity, kampusberdampak, kampusswastaterbaik, sustainabilityuniversity",creatingthefuture,0.10347403810235338,0.13933507657825925,0.1035,1.0,7.1769,1.0,0.08905647507950026,inf,0.9600000000000001,0.7426273458445042,1.0,0.8713136729222519,"#contributetotheworld, #entrepreneurialuniversity, #kampusberdampak, #kampusswastaterbaik, #sustainabilityuniversity",#creatingthefuture
entrepreneurialuniversity,"contributetotheworld, creatingthefuture, kampusberdampak, kampusswastaterbaik, safeaiuniversity",0.13933507657825925,0.10310048561822936,0.1031,0.7399,7.1769,1.0,0.08873497155935765,3.448902256334024,1.0,0.7399463806970511,0.710052670189923,0.8699731903485255,#entrepreneurialuniversity,"#contributetotheworld, #creatingthefuture, #kampusberdampak, #kampusswastaterbaik, #safeaiuniversity"
creatingthefuture,"entrepreneurialuniversity, kampusberdampak",0.13933507657825925,0.10347403810235338,0.1035,0.7426,7.1769,1.0,0.08905647507950026,3.4833769144564806,1.0000000000000002,0.7426273458445042,0.7129222520107238,0.8713136729222519,#creatingthefuture,"#entrepreneurialuniversity, #kampusberdampak"
"entrepreneurialuniversity, kampusberdampak, sustainabilityuniversity",creatingthefuture,0.10347403810235338,0.13933507657825925,0.1035,1.0,7.1769,1.0,0.08905647507950026,inf,0.9600000000000001,0.7426273458445042,1.0,0.8713136729222519,"#entrepreneurialuniversity, #kampusberdampak, #sustainabilityuniversity",#creatingthefuture
creatingthefuture,"entrepreneurialuniversity, kampusberdampak, sustainabilityuniversity",0.13933507657825925,0.10347403810235338,0.1035,0.7426,7.1769,1.0,0.08905647507950026,3.4833769144564806,1.0000000000000002,0.7426273458445042,0.7129222520107238,0.8713136729222519,#creatingthefuture,"#entrepreneurialuniversity, #kampusberdampak, #sustainabilityuniversity"
"contributetotheworld, kampusberdampak, kampusswastaterbaik, safeaiuniversity",creatingthefuture,0.10310048561822936,0.13933507657825925,0.1031,1.0,7.1769,1.0,0.08873497155935765,inf,0.9596001665972511,0.7399463806970511,1.0,0.8699731903485255,"#contributetotheworld, #kampusberdampak, #kampusswastaterbaik, #safeaiuniversity",#creatingthefuture
"contributetotheworld, creatingthefuture, safeaiuniversity, sustainabilityuniversity",entrepreneurialuniversity,0.10310048561822936,0.13933507657825925,0.1031,1.0,7.1769,1.0,0.08873497155935765,inf,0.9596001665972511,0.7399463806970511,1.0,0.8699731903485255,"#contributetotheworld, #creatingthefuture, #safeaiuniversity, #sustainabilityuniversity",#entrepreneurialuniversity
"contributetotheworld, entrepreneurialuniversity, safeaiuniversity, sustainabilityuniversity",creatingthefuture,0.10310048561822936,0.13933507657825925,0.1031,1.0,7.1769,1.0,0.08873497155935765,inf,0.9596001665972511,0.7399463806970511,1.0,0.8699731903485255,"#contributetotheworld, #entrepreneurialuniversity, #safeaiuniversity, #sustainabilityuniversity",#creatingthefuture
"contributetotheworld, safeaiuniversity",entrepreneurialuniversity,0.10310048561822936,0.13933507657825925,0.1031,1.0,7.1769,1.0,0.08873497155935765,inf,0.9596001665972511,0.7399463806970511,1.0,0.8699731903485255,"#contributetotheworld, #safeaiuniversity",#entrepreneurialuniversity
creatingthefuture,"contributetotheworld, entrepreneurialuniversity, kampusswastaterbaik, sustainabilityuniversity",0.13933507657825925,0.13410534180052297,0.1341,0.9625,7.1769,1.0,0.11541976373119348,23.069907679171767,1.0000000000000002,0.962466487935657,0.9566534893027409,0.9812332439678284,#creatingthefuture,"#contributetotheworld, #entrepreneurialuniversity, #kampusswastaterbaik, #sustainabilityuniversity"
entrepreneurialuniversity,"contributetotheworld, creatingthefuture, kampusswastaterbaik, sustainabilityuniversity",0.13933507657825925,0.13410534180052297,0.1341,0.9625,7.1769,1.0,0.11541976373119348,23.069907679171767,1.0000000000000002,0.962466487935657,0.9566534893027409,0.9812332439678284,#entrepreneurialuniversity,"#contributetotheworld, #creatingthefuture, #kampusswastaterbaik, #sustainabilityuniversity"
entrepreneurialuniversity,"contributetotheworld, creatingthefuture, kampusswastaterbaik, safeaiuniversity",0.13933507657825925,0.10310048561822936,0.1031,0.7399,7.1769,1.0,0.08873497155935765,3.448902256334024,1.0,0.7399463806970511,0.710052670189923,0.8699731903485255,#entrepreneurialuniversity,"#contributetotheworld, #creatingthefuture, #kampusswastaterbaik, #safeaiuniversity"
"kampusswastaterbaik, safeaiuniversity, sustainabilityuniversity",entrepreneurialuniversity,0.10310048561822936,0.13933507657825925,0.1031,1.0,7.1769,1.0,0.08873497155935765,inf,0.9596001665972511,0.7399463806970511,1.0,0.8699731903485255,"#kampusswastaterbaik, #safeaiuniversity, #sustainabilityuniversity",#entrepreneurialuniversity
"contributetotheworld, creatingthefuture, kampusberdampak, kampusswastaterbaik, sustainabilityuniversity",entrepreneurialuniversity,0.10347403810235338,0.13933507657825925,0.1035,1.0,7.1769,1.0,0.08905647507950026,inf,0.9600000000000001,0.7426273458445042,1.0,0.8713136729222519,"#contributetotheworld, #creatingthefuture, #kampusberdampak, #kampusswastaterbaik, #sustainabilityuniversity",#entrepreneurialuniversity
safeaiuniversity,creatingthefuture,0.10310048561822936,0.13933507657825925,0.1031,1.0,7.1769,1.0,0.08873497155935765,inf,0.9596001665972511,0.7399463806970511,1.0,0.8699731903485255,#safeaiuniversity,#creatingthefuture
entrepreneurialuniversity,safeaiuniversity,0.13933507657825925,0.10310048561822936,0.1031,0.7399,7.1769,1.0,0.08873497155935765,3.448902256334024,1.0,0.7399463806970511,0.710052670189923,0.8699731903485255,#entrepreneurialuniversity,#safeaiuniversity
safeaiuniversity,entrepreneurialuniversity,0.10310048561822936,0.13933507657825925,0.1031,1.0,7.1769,1.0,0.08873497155935765,inf,0.9596001665972511,0.7399463806970511,1.0,0.8699731903485255,#safeaiuniversity,#entrepreneurialuniversity
entrepreneurialuniversity,sustainabilityuniversity,0.13933507657825925,0.1385879716100112,0.1386,0.9946,7.1769,1.0,0.11927780597290469,160.6533432947328,1.0000000000000002,0.9946380697050938,0.9937754174330166,0.9973190348525469,#entrepreneurialuniversity,#sustainabilityuniversity
sustainabilityuniversity,entrepreneurialuniversity,0.1385879716100112,0.13933507657825925,0.1386,1.0,7.1769,1.0,0.11927780597290469,inf,0.9991326973113618,0.9946380697050938,1.0,0.9973190348525469,#sustainabilityuniversity,#entrepreneurialuniversity
creatingthefuture,"contributetotheworld, entrepreneurialuniversity, kampusberdampak, kampusswastaterbaik, safeaiuniversity, sustainabilityuniversity",0.13933507657825925,0.10310048561822936,0.1031,0.7399,7.1769,1.0,0.08873497155935765,3.448902256334024,1.0,0.7399463806970511,0.710052670189923,0.8699731903485255,#creatingthefuture,"#contributetotheworld, #entrepreneurialuniversity, #kampusberdampak, #kampusswastaterbaik, #safeaiuniversity, #sustainabilityuniversity"
creatingthefuture,"contributetotheworld, entrepreneurialuniversity, safeaiuniversity",0.13933507657825925,0.10310048561822936,0.1031,0.7399,7.1769,1.0,0.08873497155935765,3.448902256334024,1.0,0.7399463806970511,0.710052670189923,0.8699731903485255,#creatingthefuture,"#contributetotheworld, #entrepreneurialuniversity, #safeaiuniversity"
entrepreneurialuniversity,"contributetotheworld, creatingthefuture, safeaiuniversity",0.13933507657825925,0.10310048561822936,0.1031,0.7399,7.1769,1.0,0.08873497155935765,3.448902256334024,1.0,0.7399463806970511,0.710052670189923,0.8699731903485255,#entrepreneurialuniversity,"#contributetotheworld, #creatingthefuture, #safeaiuniversity"
"contributetotheworld, creatingthefuture, sustainabilityuniversity",entrepreneurialuniversity,0.134852446768771,0.13933507657825925,0.1349,1.0,7.1769,1.0,0.11606277077147867,inf,0.994818652849741,0.9678284182305631,1.0,0.9839142091152815,"#contributetotheworld, #creatingthefuture, #sustainabilityuniversity",#entrepreneurialuniversity
"contributetotheworld, entrepreneurialuniversity, sustainabilityuniversity",creatingthefuture,0.134852446768771,0.13933507657825925,0.1349,1.0,7.1769,1.0,0.11606277077147867,inf,0.994818652849741,0.9678284182305631,1.0,0.9839142091152815,"#contributetotheworld, #entrepreneurialuniversity, #sustainabilityuniversity",#creatingthefuture
creatingthefuture,"contributetotheworld, kampusswastaterbaik, safeaiuniversity, sustainabilityuniversity",0.13933507657825925,0.10310048561822936,0.1031,0.7399,7.1769,1.0,0.08873497155935765,3.448902256334024,1.0,0.7399463806970511,0.710052670189923,0.8699731903485255,#creatingthefuture,"#contributetotheworld, #kampusswastaterbaik, #safeaiuniversity, #sustainabilityuniversity"
"contributetotheworld, kampusberdampak, kampusswastaterbaik, safeaiuniversity",entrepreneurialuniversity,0.10310048561822936,0.13933507657825925,0.1031,1.0,7.1769,1.0,0.08873497155935765,inf,0.9596001665972511,0.7399463806970511,1.0,0.8699731903485255,"#contributetotheworld, #kampusberdampak, #kampusswastaterbaik, #safeaiuniversity",#entrepreneurialuniversity
creatingthefuture,"contributetotheworld, entrepreneurialuniversity, kampusswastaterbaik, safeaiuniversity",0.13933507657825925,0.10310048561822936,0.1031,0.7399,7.1769,1.0,0.08873497155935765,3.448902256334024,1.0,0.7399463806970511,0.710052670189923,0.8699731903485255,#creatingthefuture,"#contributetotheworld, #entrepreneurialuniversity, #kampusswastaterbaik, #safeaiuniversity"
creatingthefuture,"contributetotheworld, entrepreneurialuniversity, kampusberdampak, sustainabilityuniversity",0.13933507657825925,0.10347403810235338,0.1035,0.7426,7.1769,1.0,0.08905647507950026,3.4833769144564806,1.0000000000000002,0.7426273458445042,0.7129222520107238,0.8713136729222519,#creatingthefuture,"#contributetotheworld, #entrepreneurialuniversity, #kampusberdampak, #sustainabilityuniversity"
"contributetotheworld, kampusberdampak, sustainabilityuniversity",creatingthefuture,0.10347403810235338,0.13933507657825925,0.1035,1.0,7.1769,1.0,0.08905647507950026,inf,0.9600000000000001,0.7426273458445042,1.0,0.8713136729222519,"#contributetotheworld, #kampusberdampak, #sustainabilityuniversity",#creatingthefuture
creatingthefuture,"contributetotheworld, kampusberdampak, sustainabilityuniversity",0.13933507657825925,0.10347403810235338,0.1035,0.7426,7.1769,1.0,0.08905647507950026,3.4833769144564806,1.0000000000000002,0.7426273458445042,0.7129222520107238,0.8713136729222519,#creatingthefuture,"#contributetotheworld, #kampusberdampak, #sustainabilityuniversity"
entrepreneurialuniversity,"kampusswastaterbaik, sustainabilityuniversity",0.13933507657825925,0.13784086664176318,0.1378,0.9893,7.1769,1.0,0.11863479893261948,80.39633918565553,1.0,0.9892761394101877,0.9875616227041042,0.9946380697050938,#entrepreneurialuniversity,"#kampusswastaterbaik, #sustainabilityuniversity"
"safeaiuniversity, sustainabilityuniversity",entrepreneurialuniversity,0.10310048561822936,0.13933507657825925,0.1031,1.0,7.1769,1.0,0.08873497155935765,inf,0.9596001665972511,0.7399463806970511,1.0,0.8699731903485255,"#safeaiuniversity, #sustainabilityuniversity",#entrepreneurialuniversity
entrepreneurialuniversity,"safeaiuniversity, sustainabilityuniversity",0.13933507657825925,0.10310048561822936,0.1031,0.7399,7.1769,1.0,0.08873497155935765,3.448902256334024,1.0,0.7399463806970511,0.710052670189923,0.8699731903485255,#entrepreneurialuniversity,"#safeaiuniversity, #sustainabilityuniversity"
"kampusberdampak, kampusswastaterbaik, safeaiuniversity",creatingthefuture,0.10310048561822936,0.13933507657825925,0.1031,1.0,7.1769,1.0,0.08873497155935765,inf,0.9596001665972511,0.7399463806970511,1.0,0.8699731903485255,"#kampusberdampak, #kampusswastaterbaik, #safeaiuniversity",#creatingthefuture
"creatingthefuture, kampusswastaterbaik, sustainabilityuniversity",entrepreneurialuniversity,0.13784086664176318,0.13933507657825925,0.1378,1.0,7.1769,1.0,0.11863479893261948,inf,0.9982668977469671,0.9892761394101877,1.0,0.9946380697050938,"#creatingthefuture, #kampusswastaterbaik, #sustainabilityuniversity",#entrepreneurialuniversity
"entrepreneurialuniversity, kampusswastaterbaik, sustainabilityuniversity",creatingthefuture,0.13784086664176318,0.13933507657825925,0.1378,1.0,7.1769,1.0,0.11863479893261948,inf,0.9982668977469671,0.9892761394101877,1.0,0.9946380697050938,"#entrepreneurialuniversity, #kampusswastaterbaik, #sustainabilityuniversity",#creatingthefuture
creatingthefuture,"entrepreneurialuniversity, kampusswastaterbaik, sustainabilityuniversity",0.13933507657825925,0.13784086664176318,0.1378,0.9893,7.1769,1.0,0.11863479893261948,80.39633918565553,1.0,0.9892761394101877,0.9875616227041042,0.9946380697050938,#creatingthefuture,"#entrepreneurialuniversity, #kampusswastaterbaik, #sustainabilityuniversity"
"contributetotheworld, creatingthefuture, kampusswastaterbaik, sustainabilityuniversity",entrepreneurialuniversity,0.13410534180052297,0.13933507657825925,0.1341,1.0,7.1769,1.0,0.11541976373119348,inf,0.993960310612597,0.962466487935657,1.0,0.9812332439678284,"#contributetotheworld, #creatingthefuture, #kampusswastaterbaik, #sustainabilityuniversity",#entrepreneurialuniversity
"contributetotheworld, entrepreneurialuniversity, kampusswastaterbaik, sustainabilityuniversity",creatingthefuture,0.13410534180052297,0.13933507657825925,0.1341,1.0,7.1769,1.0,0.11541976373119348,inf,0.993960310612597,0.962466487935657,1.0,0.9812332439678284,"#contributetotheworld, #entrepreneurialuniversity, #kampusswastaterbaik, #sustainabilityuniversity",#creatingthefuture
entrepreneurialuniversity,"creatingthefuture, kampusberdampak, sustainabilityuniversity",0.13933507657825925,0.10347403810235338,0.1035,0.7426,7.1769,1.0,0.08905647507950026,3.4833769144564806,1.0000000000000002,0.7426273458445042,0.7129222520107238,0.8713136729222519,#entrepreneurialuniversity,"#creatingthefuture, #kampusberdampak, #sustainabilityuniversity"
"creatingthefuture, kampusswastaterbaik, safeaiuniversity",entrepreneurialuniversity,0.10310048561822936,0.13933507657825925,0.1031,1.0,7.1769,1.0,0.08873497155935765,inf,0.9596001665972511,0.7399463806970511,1.0,0.8699731903485255,"#creatingthefuture, #kampusswastaterbaik, #safeaiuniversity",#entrepreneurialuniversity
"entrepreneurialuniversity, kampusswastaterbaik, safeaiuniversity",creatingthefuture,0.10310048561822936,0.13933507657825925,0.1031,1.0,7.1769,1.0,0.08873497155935765,inf,0.9596001665972511,0.7399463806970511,1.0,0.8699731903485255,"#entrepreneurialuniversity, #kampusswastaterbaik, #safeaiuniversity",#creatingthefuture
creatingthefuture,"entrepreneurialuniversity, kampusberdampak, kampusswastaterbaik",0.13933507657825925,0.10347403810235338,0.1035,0.7426,7.1769,1.0,0.08905647507950026,3.4833769144564806,1.0000000000000002,0.7426273458445042,0.7129222520107238,0.8713136729222519,#creatingthefuture,"#entrepreneurialuniversity, #kampusberdampak, #kampusswastaterbaik"
"creatingthefuture, kampusberdampak, safeaiuniversity",entrepreneurialuniversity,0.10310048561822936,0.13933507657825925,0.1031,1.0,7.1769,1.0,0.08873497155935765,inf,0.9596001665972511,0.7399463806970511,1.0,0.8699731903485255,"#creatingthefuture, #kampusberdampak, #safeaiuniversity",#entrepreneurialuniversity
"entrepreneurialuniversity, kampusberdampak, safeaiuniversity",creatingthefuture,0.10310048561822936,0.13933507657825925,0.1031,1.0,7.1769,1.0,0.08873497155935765,inf,0.9596001665972511,0.7399463806970511,1.0,0.8699731903485255,"#entrepreneurialuniversity, #kampusberdampak, #safeaiuniversity",#creatingthefuture
entrepreneurialuniversity,"contributetotheworld, kampusberdampak, kampusswastaterbaik, sustainabilityuniversity",0.13933507657825925,0.10347403810235338,0.1035,0.7426,7.1769,1.0,0.08905647507950026,3.4833769144564806,1.0000000000000002,0.7426273458445042,0.7129222520107238,0.8713136729222519,#entrepreneurialuniversity,"#contributetotheworld, #kampusberdampak, #kampusswastaterbaik, #sustainabilityuniversity"
"contributetotheworld, kampusberdampak, safeaiuniversity, sustainabilityuniversity",entrepreneurialuniversity,0.10310048561822936,0.13933507657825925,0.1031,1.0,7.1769,1.0,0.08873497155935765,inf,0.9596001665972511,0.7399463806970511,1.0,0.8699731903485255,"#contributetotheworld, #kampusberdampak, #safeaiuniversity, #sustainabilityuniversity",#entrepreneurialuniversity
creatingthefuture,"contributetotheworld, kampusberdampak, safeaiuniversity, sustainabilityuniversity",0.13933507657825925,0.10310048561822936,0.1031,0.7399,7.1769,1.0,0.08873497155935765,3.448902256334024,1.0,0.7399463806970511,0.710052670189923,0.8699731903485255,#creatingthefuture,"#contributetotheworld, #kampusberdampak, #safeaiuniversity, #sustainabilityuniversity"
creatingthefuture,"contributetotheworld, entrepreneurialuniversity, kampusberdampak, safeaiuniversity, sustainabilityuniversity",0.13933507657825925,0.10310048561822936,0.1031,0.7399,7.1769,1.0,0.08873497155935765,3.448902256334024,1.0,0.7399463806970511,0.710052670189923,0.8699731903485255,#creatingthefuture,"#contributetotheworld, #entrepreneurialuniversity, #kampusberdampak, #safeaiuniversity, #sustainabilityuniversity"
entrepreneurialuniversity,"contributetotheworld, creatingthefuture, kampusberdampak, safeaiuniversity, sustainabilityuniversity",0.13933507657825925,0.10310048561822936,0.1031,0.7399,7.1769,1.0,0.08873497155935765,3.448902256334024,1.0,0.7399463806970511,0.710052670189923,0.8699731903485255,#entrepreneurialuniversity,"#contributetotheworld, #creatingthefuture, #kampusberdampak, #safeaiuniversity, #sustainabilityuniversity"
"contributetotheworld, creatingthefuture, kampusswastaterbaik, safeaiuniversity, sustainabilityuniversity",entrepreneurialuniversity,0.10310048561822936,0.13933507657825925,0.1031,1.0,7.1769,1.0,0.08873497155935765,inf,0.9596001665972511,0.7399463806970511,1.0,0.8699731903485255,"#contributetotheworld, #creatingthefuture, #kampusswastaterbaik, #safeaiuniversity, #sustainabilityuniversity",#entrepreneurialuniversity
"contributetotheworld, entrepreneurialuniversity, kampusswastaterbaik, safeaiuniversity, sustainabilityuniversity",creatingthefuture,0.10310048561822936,0.13933507657825925,0.1031,1.0,7.1769,1.0,0.08873497155935765,inf,0.9596001665972511,0.7399463806970511,1.0,0.8699731903485255,"#contributetotheworld, #entrepreneurialuniversity, #kampusswastaterbaik, #safeaiuniversity, #sustainabilityuniversity",#creatingthefuture
"contributetotheworld, kampusswastaterbaik, safeaiuniversity",creatingthefuture,0.10310048561822936,0.13933507657825925,0.1031,1.0,7.1769,1.0,0.08873497155935765,inf,0.9596001665972511,0.7399463806970511,1.0,0.8699731903485255,"#contributetotheworld, #kampusswastaterbaik, #safeaiuniversity",#creatingthefuture
"contributetotheworld, creatingthefuture, kampusberdampak, kampusswastaterbaik, safeaiuniversity",entrepreneurialuniversity,0.10310048561822936,0.13933507657825925,0.1031,1.0,7.1769,1.0,0.08873497155935765,inf,0.9596001665972511,0.7399463806970511,1.0,0.8699731903485255,"#contributetotheworld, #creatingthefuture, #kampusberdampak, #kampusswastaterbaik, #safeaiuniversity",#entrepreneurialuniversity
"contributetotheworld, entrepreneurialuniversity, kampusberdampak, kampusswastaterbaik, safeaiuniversity",creatingthefuture,0.10310048561822936,0.13933507657825925,0.1031,1.0,7.1769,1.0,0.08873497155935765,inf,0.9596001665972511,0.7399463806970511,1.0,0.8699731903485255,"#contributetotheworld, #entrepreneurialuniversity, #kampusberdampak, #kampusswastaterbaik, #safeaiuniversity",#creatingthefuture
entrepreneurialuniversity,"contributetotheworld, kampusswastaterbaik, safeaiuniversity, sustainabilityuniversity",0.13933507657825925,0.10310048561822936,0.1031,0.7399,7.1769,1.0,0.08873497155935765,3.448902256334024,1.0,0.7399463806970511,0.710052670189923,0.8699731903485255,#entrepreneurialuniversity,"#contributetotheworld, #kampusswastaterbaik, #safeaiuniversity, #sustainabilityuniversity"
"contributetotheworld, kampusswastaterbaik, safeaiuniversity, sustainabilityuniversity",entrepreneurialuniversity,0.10310048561822936,0.13933507657825925,0.1031,1.0,7.1769,1.0,0.08873497155935765,inf,0.9596001665972511,0.7399463806970511,1.0,0.8699731903485255,"#contributetotheworld, #kampusswastaterbaik, #safeaiuniversity, #sustainabilityuniversity",#entrepreneurialuniversity
creatingthefuture,"entrepreneurialuniversity, safeaiuniversity, sustainabilityuniversity",0.13933507657825925,0.10310048561822936,0.1031,0.7399,7.1769,1.0,0.08873497155935765,3.448902256334024,1.0,0.7399463806970511,0.710052670189923,0.8699731903485255,#creatingthefuture,"#entrepreneurialuniversity, #safeaiuniversity, #sustainabilityuniversity"
"contributetotheworld, creatingthefuture, kampusberdampak, kampusswastaterbaik",entrepreneurialuniversity,0.10347403810235338,0.13933507657825925,0.1035,1.0,7.1769,1.0,0.08905647507950026,inf,0.9600000000000001,0.7426273458445042,1.0,0.8713136729222519,"#contributetotheworld, #creatingthefuture, #kampusberdampak, #kampusswastaterbaik",#entrepreneurialuniversity
"contributetotheworld, entrepreneurialuniversity, kampusberdampak, kampusswastaterbaik",creatingthefuture,0.10347403810235338,0.13933507657825925,0.1035,1.0,7.1769,1.0,0.08905647507950026,inf,0.9600000000000001,0.7426273458445042,1.0,0.8713136729222519,"#contributetotheworld, #entrepreneurialuniversity, #kampusberdampak, #kampusswastaterbaik",#creatingthefuture
creatingthefuture,"entrepreneurialuniversity, kampusberdampak, kampusswastaterbaik, safeaiuniversity, sustainabilityuniversity",0.13933507657825925,0.10310048561822936,0.1031,0.7399,7.1769,1.0,0.08873497155935765,3.448902256334024,1.0,0.7399463806970511,0.710052670189923,0.8699731903485255,#creatingthefuture,"#entrepreneurialuniversity, #kampusberdampak, #kampusswastaterbaik, #safeaiuniversity, #sustainabilityuniversity"
creatingthefuture,"contributetotheworld, kampusberdampak, kampusswastaterbaik, sustainabilityuniversity",0.13933507657825925,0.10347403810235338,0.1035,0.7426,7.1769,1.0,0.08905647507950026,3.4833769144564806,1.0000000000000002,0.7426273458445042,0.7129222520107238,0.8713136729222519,#creatingthefuture,"#contributetotheworld, #kampusberdampak, #kampusswastaterbaik, #sustainabilityuniversity"
"contributetotheworld, kampusberdampak, safeaiuniversity, sustainabilityuniversity",creatingthefuture,0.10310048561822936,0.13933507657825925,0.1031,1.0,7.1769,1.0,0.08873497155935765,inf,0.9596001665972511,0.7399463806970511,1.0,0.8699731903485255,"#contributetotheworld, #kampusberdampak, #safeaiuniversity, #sustainabilityuniversity",#creatingthefuture
"contributetotheworld, kampusswastaterbaik, safeaiuniversity, sustainabilityuniversity",creatingthefuture,0.10310048561822936,0.13933507657825925,0.1031,1.0,7.1769,1.0,0.08873497155935765,inf,0.9596001665972511,0.7399463806970511,1.0,0.8699731903485255,"#contributetotheworld, #kampusswastaterbaik, #safeaiuniversity, #sustainabilityuniversity",#creatingthefuture
"kampusberdampak, kampusswastaterbaik, sustainabilityuniversity",creatingthefuture,0.10347403810235338,0.13933507657825925,0.1035,1.0,7.1769,1.0,0.08905647507950026,inf,0.9600000000000001,0.7426273458445042,1.0,0.8713136729222519,"#kampusberdampak, #kampusswastaterbaik, #sustainabilityuniversity",#creatingthefuture
"kampusberdampak, safeaiuniversity",creatingthefuture,0.10310048561822936,0.13933507657825925,0.1031,1.0,7.1769,1.0,0.08873497155935765,inf,0.9596001665972511,0.7399463806970511,1.0,0.8699731903485255,"#kampusberdampak, #safeaiuniversity",#creatingthefuture
creatingthefuture,"kampusberdampak, safeaiuniversity",0.13933507657825925,0.10310048561822936,0.1031,0.7399,7.1769,1.0,0.08873497155935765,3.448902256334024,1.0,0.7399463806970511,0.710052670189923,0.8699731903485255,#creatingthefuture,"#kampusberdampak, #safeaiuniversity"
"kampusberdampak, sustainabilityuniversity",creatingthefuture,0.10347403810235338,0.13933507657825925,0.1035,1.0,7.1769,1.0,0.08905647507950026,inf,0.9600000000000001,0.7426273458445042,1.0,0.8713136729222519,"#kampusberdampak, #sustainabilityuniversity",#creatingthefuture
creatingthefuture,"kampusberdampak, sustainabilityuniversity",0.13933507657825925,0.10347403810235338,0.1035,0.7426,7.1769,1.0,0.08905647507950026,3.4833769144564806,1.0000000000000002,0.7426273458445042,0.7129222520107238,0.8713136729222519,#creatingthefuture,"#kampusberdampak, #sustainabilityuniversity"
"entrepreneurialuniversity, kampusswastaterbaik",creatingthefuture,0.1382144191258872,0.13933507657825925,0.1382,1.0,7.1769,1.0,0.11895630245276208,inf,0.9986996098829648,0.9919571045576407,1.0,0.9959785522788204,"#entrepreneurialuniversity, #kampusswastaterbaik",#creatingthefuture
creatingthefuture,"entrepreneurialuniversity, kampusswastaterbaik",0.13933507657825925,0.1382144191258872,0.1382,0.992,7.1769,1.0,0.11895630245276208,107.14867388868129,1.0,0.9919571045576407,0.9906671733423512,0.9959785522788204,#creatingthefuture,"#entrepreneurialuniversity, #kampusswastaterbaik"
"creatingthefuture, safeaiuniversity",entrepreneurialuniversity,0.10310048561822936,0.13933507657825925,0.1031,1.0,7.1769,1.0,0.08873497155935765,inf,0.9596001665972511,0.7399463806970511,1.0,0.8699731903485255,"#creatingthefuture, #safeaiuniversity",#entrepreneurialuniversity
entrepreneurialuniversity,"contributetotheworld, kampusberdampak, sustainabilityuniversity",0.13933507657825925,0.10347403810235338,0.1035,0.7426,7.1769,1.0,0.08905647507950026,3.4833769144564806,1.0000000000000002,0.7426273458445042,0.7129222520107238,0.8713136729222519,#entrepreneurialuniversity,"#contributetotheworld, #kampusberdampak, #sustainabilityuniversity"
"kampusberdampak, kampusswastaterbaik, safeaiuniversity, sustainabilityuniversity",entrepreneurialuniversity,0.10310048561822936,0.13933507657825925,0.1031,1.0,7.1769,1.0,0.08873497155935765,inf,0.9596001665972511,0.7399463806970511,1.0,0.8699731903485255,"#kampusberdampak, #kampusswastaterbaik, #safeaiuniversity, #sustainabilityuniversity",#entrepreneurialuniversity
"contributetotheworld, kampusberdampak, safeaiuniversity",creatingthefuture,0.10310048561822936,0.13933507657825925,0.1031,1.0,7.1769,1.0,0.08873497155935765,inf,0.9596001665972511,0.7399463806970511,1.0,0.8699731903485255,"#contributetotheworld, #kampusberdampak, #safeaiuniversity",#creatingthefuture
entrepreneurialuniversity,"kampusberdampak, kampusswastaterbaik, safeaiuniversity, sustainabilityuniversity",0.13933507657825925,0.10310048561822936,0.1031,0.7399,7.1769,1.0,0.08873497155935765,3.448902256334024,1.0,0.7399463806970511,0.710052670189923,0.8699731903485255,#entrepreneurialuniversity,"#kampusberdampak, #kampusswastaterbaik, #safeaiuniversity, #sustainabilityuniversity"
creatingthefuture,"kampusberdampak, kampusswastaterbaik, safeaiuniversity, sustainabilityuniversity",0.13933507657825925,0.10310048561822936,0.1031,0.7399,7.1769,1.0,0.08873497155935765,3.448902256334024,1.0,0.7399463806970511,0.710052670189923,0.8699731903485255,#creatingthefuture,"#kampusberdampak, #kampusswastaterbaik, #safeaiuniversity, #sustainabilityuniversity"
creatingthefuture,"contributetotheworld, entrepreneurialuniversity",0.13933507657825925,0.13522599925289502,0.1352,0.9705,7.1769,1.0,0.11638427429162126,29.323700207151703,1.0,0.9705093833780158,0.9658978917075373,0.9852546916890079,#creatingthefuture,"#contributetotheworld, #entrepreneurialuniversity"
entrepreneurialuniversity,"contributetotheworld, creatingthefuture",0.13933507657825925,0.13522599925289502,0.1352,0.9705,7.1769,1.0,0.11638427429162126,29.323700207151703,1.0,0.9705093833780158,0.9658978917075373,0.9852546916890079,#entrepreneurialuniversity,"#contributetotheworld, #creatingthefuture"
"contributetotheworld, sustainabilityuniversity",creatingthefuture,0.134852446768771,0.13933507657825925,0.1349,1.0,7.1769,1.0,0.11606277077147867,inf,0.994818652849741,0.9678284182305631,1.0,0.9839142091152815,"#contributetotheworld, #sustainabilityuniversity",#creatingthefuture
"contributetotheworld, safeaiuniversity, sustainabilityuniversity",entrepreneurialuniversity,0.10310048561822936,0.13933507657825925,0.1031,1.0,7.1769,1.0,0.08873497155935765,inf,0.9596001665972511,0.7399463806970511,1.0,0.8699731903485255,"#contributetotheworld, #safeaiuniversity, #sustainabilityuniversity",#entrepreneurialuniversity
creatingthefuture,"kampusberdampak, kampusswastaterbaik, safeaiuniversity",0.13933507657825925,0.10310048561822936,0.1031,0.7399,7.1769,1.0,0.08873497155935765,3.448902256334024,1.0,0.7399463806970511,0.710052670189923,0.8699731903485255,#creatingthefuture,"#kampusberdampak, #kampusswastaterbaik, #safeaiuniversity"
entrepreneurialuniversity,"contributetotheworld, safeaiuniversity, sustainabilityuniversity",0.13933507657825925,0.10310048561822936,0.1031,0.7399,7.1769,1.0,0.08873497155935765,3.448902256334024,1.0,0.7399463806970511,0.710052670189923,0.8699731903485255,#entrepreneurialuniversity,"#contributetotheworld, #safeaiuniversity, #sustainabilityuniversity"
entrepreneurialuniversity,"contributetotheworld, kampusswastaterbaik, safeaiuniversity",0.13933507657825925,0.10310048561822936,0.1031,0.7399,7.1769,1.0,0.08873497155935765,3.448902256334024,1.0,0.7399463806970511,0.710052670189923,0.8699731903485255,#entrepreneurialuniversity,"#contributetotheworld, #kampusswastaterbaik, #safeaiuniversity"
entrepreneurialuniversity,"contributetotheworld, creatingthefuture, kampusberdampak, kampusswastaterbaik, sustainabilityuniversity",0.13933507657825925,0.10347403810235338,0.1035,0.7426,7.1769,1.0,0.08905647507950026,3.4833769144564806,1.0000000000000002,0.7426273458445042,0.7129222520107238,0.8713136729222519,#entrepreneurialuniversity,"#contributetotheworld, #creatingthefuture, #kampusberdampak, #kampusswastaterbaik, #sustainabilityuniversity"
"contributetotheworld, creatingthefuture, kampusberdampak, safeaiuniversity, sustainabilityuniversity",entrepreneurialuniversity,0.10310048561822936,0.13933507657825925,0.1031,1.0,7.1769,1.0,0.08873497155935765,inf,0.9596001665972511,0.7399463806970511,1.0,0.8699731903485255,"#contributetotheworld, #creatingthefuture, #kampusberdampak, #safeaiuniversity, #sustainabilityuniversity",#entrepreneurialuniversity
"contributetotheworld, entrepreneurialuniversity, kampusberdampak, safeaiuniversity, sustainabilityuniversity",creatingthefuture,0.10310048561822936,0.13933507657825925,0.1031,1.0,7.1769,1.0,0.08873497155935765,inf,0.9596001665972511,0.7399463806970511,1.0,0.8699731903485255,"#contributetotheworld, #entrepreneurialuniversity, #kampusberdampak, #safeaiuniversity, #sustainabilityuniversity",#creatingthefuture
creatingthefuture,"contributetotheworld, kampusswastaterbaik, safeaiuniversity",0.13933507657825925,0.10310048561822936,0.1031,0.7399,7.1769,1.0,0.08873497155935765,3.448902256334024,1.0,0.7399463806970511,0.710052670189923,0.8699731903485255,#creatingthefuture,"#contributetotheworld, #kampusswastaterbaik, #safeaiuniversity"
creatingthefuture,"contributetotheworld, kampusberdampak, safeaiuniversity",0.13933507657825925,0.10310048561822936,0.1031,0.7399,7.1769,1.0,0.08873497155935765,3.448902256334024,1.0,0.7399463806970511,0.710052670189923,0.8699731903485255,#creatingthefuture,"#contributetotheworld, #kampusberdampak, #safeaiuniversity"
"creatingthefuture, kampusberdampak, kampusswastaterbaik, safeaiuniversity",entrepreneurialuniversity,0.10310048561822936,0.13933507657825925,0.1031,1.0,7.1769,1.0,0.08873497155935765,inf,0.9596001665972511,0.7399463806970511,1.0,0.8699731903485255,"#creatingthefuture, #kampusberdampak, #kampusswastaterbaik, #safeaiuniversity",#entrepreneurialuniversity
"entrepreneurialuniversity, kampusberdampak, kampusswastaterbaik, safeaiuniversity",creatingthefuture,0.10310048561822936,0.13933507657825925,0.1031,1.0,7.1769,1.0,0.08873497155935765,inf,0.9596001665972511,0.7399463806970511,1.0,0.8699731903485255,"#entrepreneurialuniversity, #kampusberdampak, #kampusswastaterbaik, #safeaiuniversity",#creatingthefuture
"creatingthefuture, kampusberdampak, kampusswastaterbaik, sustainabilityuniversity",entrepreneurialuniversity,0.10347403810235338,0.13933507657825925,0.1035,1.0,7.1769,1.0,0.08905647507950026,inf,0.9600000000000001,0.7426273458445042,1.0,0.8713136729222519,"#creatingthefuture, #kampusberdampak, #kampusswastaterbaik, #sustainabilityuniversity",#entrepreneurialuniversity
"contributetotheworld, kampusswastaterbaik, sustainabilityuniversity",entrepreneurialuniversity,0.13410534180052297,0.13933507657825925,0.1341,1.0,7.1769,1.0,0.11541976373119348,inf,0.993960310612597,0.962466487935657,1.0,0.9812332439678284,"#contributetotheworld, #kampusswastaterbaik, #sustainabilityuniversity",#entrepreneurialuniversity
entrepreneurialuniversity,"contributetotheworld, kampusswastaterbaik, sustainabilityuniversity",0.13933507657825925,0.13410534180052297,0.1341,0.9625,7.1769,1.0,0.11541976373119348,23.069907679171767,1.0000000000000002,0.962466487935657,0.9566534893027409,0.9812332439678284,#entrepreneurialuniversity,"#contributetotheworld, #kampusswastaterbaik, #sustainabilityuniversity"
entrepreneurialuniversity,"kampusberdampak, safeaiuniversity",0.13933507657825925,0.10310048561822936,0.1031,0.7399,7.1769,1.0,0.08873497155935765,3.448902256334024,1.0,0.7399463806970511,0.710052670189923,0.8699731903485255,#entrepreneurialuniversity,"#kampusberdampak, #safeaiuniversity"
"kampusswastaterbaik, safeaiuniversity",creatingthefuture,0.10310048561822936,0.13933507657825925,0.1031,1.0,7.1769,1.0,0.08873497155935765,inf,0.9596001665972511,0.7399463806970511,1.0,0.8699731903485255,"#kampusswastaterbaik, #safeaiuniversity",#creatingthefuture
creatingthefuture,"kampusswastaterbaik, safeaiuniversity",0.13933507657825925,0.10310048561822936,0.1031,0.7399,7.1769,1.0,0.08873497155935765,3.448902256334024,1.0,0.7399463806970511,0.710052670189923,0.8699731903485255,#creatingthefuture,"#kampusswastaterbaik, #safeaiuniversity"
"contributetotheworld, kampusswastaterbaik, safeaiuniversity",entrepreneurialuniversity,0.10310048561822936,0.13933507657825925,0.1031,1.0,7.1769,1.0,0.08873497155935765,inf,0.9596001665972511,0.7399463806970511,1.0,0.8699731903485255,"#contributetotheworld, #kampusswastaterbaik, #safeaiuniversity",#entrepreneurialuniversity
"contributetotheworld, creatingthefuture, kampusberdampak",entrepreneurialuniversity,0.10347403810235338,0.13933507657825925,0.1035,1.0,7.1769,1.0,0.08905647507950026,inf,0.9600000000000001,0.7426273458445042,1.0,0.8713136729222519,"#contributetotheworld, #creatingthefuture, #kampusberdampak",#entrepreneurialuniversity
"contributetotheworld, entrepreneurialuniversity, kampusberdampak",creatingthefuture,0.10347403810235338,0.13933507657825925,0.1035,1.0,7.1769,1.0,0.08905647507950026,inf,0.9600000000000001,0.7426273458445042,1.0,0.8713136729222519,"#contributetotheworld, #entrepreneurialuniversity, #kampusberdampak",#creatingthefuture
creatingthefuture,"contributetotheworld, entrepreneurialuniversity, kampusberdampak, safeaiuniversity",0.13933507657825925,0.10310048561822936,0.1031,0.7399,7.1769,1.0,0.08873497155935765,3.448902256334024,1.0,0.7399463806970511,0.710052670189923,0.8699731903485255,#creatingthefuture,"#contributetotheworld, #entrepreneurialuniversity, #kampusberdampak, #safeaiuniversity"
"entrepreneurialuniversity, safeaiuniversity",creatingthefuture,0.10310048561822936,0.13933507657825925,0.1031,1.0,7.1769,1.0,0.08873497155935765,inf,0.9596001665972511,0.7399463806970511,1.0,0.8699731903485255,"#entrepreneurialuniversity, #safeaiuniversity",#creatingthefuture
creatingthefuture,"entrepreneurialuniversity, safeaiuniversity",0.13933507657825925,0.10310048561822936,0.1031,0.7399,7.1769,1.0,0.08873497155935765,3.448902256334024,1.0,0.7399463806970511,0.710052670189923,0.8699731903485255,#creatingthefuture,"#entrepreneurialuniversity, #safeaiuniversity"
entrepreneurialuniversity,"creatingthefuture, safeaiuniversity",0.13933507657825925,0.10310048561822936,0.1031,0.7399,7.1769,1.0,0.08873497155935765,3.448902256334024,1.0,0.7399463806970511,0.710052670189923,0.8699731903485255,#entrepreneurialuniversity,"#creatingthefuture, #safeaiuniversity"
"creatingthefuture, sustainabilityuniversity",entrepreneurialuniversity,0.1385879716100112,0.13933507657825925,0.1386,1.0,7.1769,1.0,0.11927780597290469,inf,0.9991326973113618,0.9946380697050938,1.0,0.9973190348525469,"#creatingthefuture, #sustainabilityuniversity",#entrepreneurialuniversity
"entrepreneurialuniversity, sustainabilityuniversity",creatingthefuture,0.1385879716100112,0.13933507657825925,0.1386,1.0,7.1769,1.0,0.11927780597290469,inf,0.9991326973113618,0.9946380697050938,1.0,0.9973190348525469,"#entrepreneurialuniversity, #sustainabilityuniversity",#creatingthefuture
creatingthefuture,"entrepreneurialuniversity, sustainabilityuniversity",0.13933507657825925,0.1385879716100112,0.1386,0.9946,7.1769,1.0,0.11927780597290469,160.6533432947328,1.0000000000000002,0.9946380697050938,0.9937754174330166,0.9973190348525469,#creatingthefuture,"#entrepreneurialuniversity, #sustainabilityuniversity"
entrepreneurialuniversity,"creatingthefuture, sustainabilityuniversity",0.13933507657825925,0.1385879716100112,0.1386,0.9946,7.1769,1.0,0.11927780597290469,160.6533432947328,1.0000000000000002,0.9946380697050938,0.9937754174330166,0.9973190348525469,#entrepreneurialuniversity,"#creatingthefuture, #sustainabilityuniversity"
entrepreneurialuniversity,"creatingthefuture, safeaiuniversity, sustainabilityuniversity",0.13933507657825925,0.10310048561822936,0.1031,0.7399,7.1769,1.0,0.08873497155935765,3.448902256334024,1.0,0.7399463806970511,0.710052670189923,0.8699731903485255,#entrepreneurialuniversity,"#creatingthefuture, #safeaiuniversity, #sustainabilityuniversity"
"entrepreneurialuniversity, kampusberdampak, kampusswastaterbaik",creatingthefuture,0.10347403810235338,0.13933507657825925,0.1035,1.0,7.1769,1.0,0.08905647507950026,inf,0.9600000000000001,0.7426273458445042,1.0,0.8713136729222519,"#entrepreneurialuniversity, #kampusberdampak, #kampusswastaterbaik",#creatingthefuture
entrepreneurialuniversity,"contributetotheworld, kampusberdampak, safeaiuniversity, sustainabilityuniversity",0.13933507657825925,0.10310048561822936,0.1031,0.7399,7.1769,1.0,0.08873497155935765,3.448902256334024,1.0,0.7399463806970511,0.710052670189923,0.8699731903485255,#entrepreneurialuniversity,"#contributetotheworld, #kampusberdampak, #safeaiuniversity, #sustainabilityuniversity"
"entrepreneurialuniversity, safeaiuniversity, sustainabilityuniversity",creatingthefuture,0.10310048561822936,0.13933507657825925,0.1031,1.0,7.1769,1.0,0.08873497155935765,inf,0.9596001665972511,0.7399463806970511,1.0,0.8699731903485255,"#entrepreneurialuniversity, #safeaiuniversity, #sustainabilityuniversity",#creatingthefuture
entrepreneurialuniversity,"creatingthefuture, kampusswastaterbaik, sustainabilityuniversity",0.13933507657825925,0.13784086664176318,0.1378,0.9893,7.1769,1.0,0.11863479893261948,80.39633918565553,1.0,0.9892761394101877,0.9875616227041042,0.9946380697050938,#entrepreneurialuniversity,"#creatingthefuture, #kampusswastaterbaik, #sustainabilityuniversity"
"creatingthefuture, safeaiuniversity, sustainabilityuniversity",entrepreneurialuniversity,0.10310048561822936,0.13933507657825925,0.1031,1.0,7.1769,1.0,0.08873497155935765,inf,0.9596001665972511,0.7399463806970511,1.0,0.8699731903485255,"#creatingthefuture, #safeaiuniversity, #sustainabilityuniversity",#entrepreneurialuniversity
entrepreneurialuniversity,"kampusberdampak, safeaiuniversity, sustainabilityuniversity",0.13933507657825925,0.10310048561822936,0.1031,0.7399,7.1769,1.0,0.08873497155935765,3.448902256334024,1.0,0.7399463806970511,0.710052670189923,0.8699731903485255,#entrepreneurialuniversity,"#kampusberdampak, #safeaiuniversity, #sustainabilityuniversity"
creatingthefuture,"entrepreneurialuniversity, kampusswastaterbaik, safeaiuniversity, sustainabilityuniversity",0.13933507657825925,0.10310048561822936,0.1031,0.7399,7.1769,1.0,0.08873497155935765,3.448902256334024,1.0,0.7399463806970511,0.710052670189923,0.8699731903485255,#creatingthefuture,"#entrepreneurialuniversity, #kampusswastaterbaik, #safeaiuniversity, #sustainabilityuniversity"
"kampusswastaterbaik, sustainabilityuniversity",entrepreneurialuniversity,0.13784086664176318,0.13933507657825925,0.1378,1.0,7.1769,1.0,0.11863479893261948,inf,0.9982668977469671,0.9892761394101877,1.0,0.9946380697050938,"#kampusswastaterbaik, #sustainabilityuniversity",#entrepreneurialuniversity
"safeaiuniversity, sustainabilityuniversity",creatingthefuture,0.10310048561822936,0.13933507657825925,0.1031,1.0,7.1769,1.0,0.08873497155935765,inf,0.9596001665972511,0.7399463806970511,1.0,0.8699731903485255,"#safeaiuniversity, #sustainabilityuniversity",#creatingthefuture
creatingthefuture,"safeaiuniversity, sustainabilityuniversity",0.13933507657825925,0.10310048561822936,0.1031,0.7399,7.1769,1.0,0.08873497155935765,3.448902256334024,1.0,0.7399463806970511,0.710052670189923,0.8699731903485255,#creatingthefuture,"#safeaiuniversity, #sustainabilityuniversity"
creatingthefuture,"contributetotheworld, entrepreneurialuniversity, kampusberdampak, kampusswastaterbaik, sustainabilityuniversity",0.13933507657825925,0.10347403810235338,0.1035,0.7426,7.1769,1.0,0.08905647507950026,3.4833769144564806,1.0000000000000002,0.7426273458445042,0.7129222520107238,0.8713136729222519,#creatingthefuture,"#contributetotheworld, #entrepreneurialuniversity, #kampusberdampak, #kampusswastaterbaik, #sustainabilityuniversity"
"contributetotheworld, creatingthefuture, kampusberdampak, kampusswastaterbaik, safeaiuniversity, sustainabilityuniversity",entrepreneurialuniversity,0.10310048561822936,0.13933507657825925,0.1031,1.0,7.1769,1.0,0.08873497155935765,inf,0.9596001665972511,0.7399463806970511,1.0,0.8699731903485255,"#contributetotheworld, #creatingthefuture, #kampusberdampak, #kampusswastaterbaik, #safeaiuniversity, #sustainabilityuniversity",#entrepreneurialuniversity
"kampusswastaterbaik, safeaiuniversity, sustainabilityuniversity",creatingthefuture,0.10310048561822936,0.13933507657825925,0.1031,1.0,7.1769,1.0,0.08873497155935765,inf,0.9596001665972511,0.7399463806970511,1.0,0.8699731903485255,"#kampusswastaterbaik, #safeaiuniversity, #sustainabilityuniversity",#creatingthefuture
creatingthefuture,"kampusberdampak, kampusswastaterbaik, sustainabilityuniversity",0.13933507657825925,0.10347403810235338,0.1035,0.7426,7.1769,1.0,0.08905647507950026,3.4833769144564806,1.0000000000000002,0.7426273458445042,0.7129222520107238,0.8713136729222519,#creatingthefuture,"#kampusberdampak, #kampusswastaterbaik, #sustainabilityuniversity"
entrepreneurialuniversity,"contributetotheworld, kampusberdampak, safeaiuniversity",0.13933507657825925,0.10310048561822936,0.1031,0.7399,7.1769,1.0,0.08873497155935765,3.448902256334024,1.0,0.7399463806970511,0.710052670189923,0.8699731903485255,#entrepreneurialuniversity,"#contributetotheworld, #kampusberdampak, #safeaiuniversity"
creatingthefuture,"entrepreneurialuniversity, kampusberdampak, kampusswastaterbaik, safeaiuniversity",0.13933507657825925,0.10310048561822936,0.1031,0.7399,7.1769,1.0,0.08873497155935765,3.448902256334024,1.0,0.7399463806970511,0.710052670189923,0.8699731903485255,#creatingthefuture,"#entrepreneurialuniversity, #kampusberdampak, #kampusswastaterbaik, #safeaiuniversity"
entrepreneurialuniversity,"creatingthefuture, kampusberdampak, kampusswastaterbaik, safeaiuniversity",0.13933507657825925,0.10310048561822936,0.1031,0.7399,7.1769,1.0,0.08873497155935765,3.448902256334024,1.0,0.7399463806970511,0.710052670189923,0.8699731903485255,#entrepreneurialuniversity,"#creatingthefuture, #kampusberdampak, #kampusswastaterbaik, #safeaiuniversity"
creatingthefuture,"entrepreneurialuniversity, kampusberdampak, kampusswastaterbaik, sustainabilityuniversity",0.13933507657825925,0.10347403810235338,0.1035,0.7426,7.1769,1.0,0.08905647507950026,3.4833769144564806,1.0000000000000002,0.7426273458445042,0.7129222520107238,0.8713136729222519,#creatingthefuture,"#entrepreneurialuniversity, #kampusberdampak, #kampusswastaterbaik, #sustainabilityuniversity"
entrepreneurialuniversity,"creatingthefuture, kampusberdampak, kampusswastaterbaik, sustainabilityuniversity",0.13933507657825925,0.10347403810235338,0.1035,0.7426,7.1769,1.0,0.08905647507950026,3.4833769144564806,1.0000000000000002,0.7426273458445042,0.7129222520107238,0.8713136729222519,#entrepreneurialuniversity,"#creatingthefuture, #kampusberdampak, #kampusswastaterbaik, #sustainabilityuniversity"
creatingthefuture,"contributetotheworld, entrepreneurialuniversity, kampusswastaterbaik, safeaiuniversity, sustainabilityuniversity",0.13933507657825925,0.10310048561822936,0.1031,0.7399,7.1769,1.0,0.08873497155935765,3.448902256334024,1.0,0.7399463806970511,0.710052670189923,0.8699731903485255,#creatingthefuture,"#contributetotheworld, #entrepreneurialuniversity, #kampusswastaterbaik, #safeaiuniversity, #sustainabilityuniversity"
entrepreneurialuniversity,"contributetotheworld, creatingthefuture, kampusswastaterbaik, safeaiuniversity, sustainabilityuniversity",0.13933507657825925,0.10310048561822936,0.1031,0.7399,7.1769,1.0,0.08873497155935765,3.448902256334024,1.0,0.7399463806970511,0.710052670189923,0.8699731903485255,#entrepreneurialuniversity,"#contributetotheworld, #creatingthefuture, #kampusswastaterbaik, #safeaiuniversity, #sustainabilityuniversity"
"contributetotheworld, kampusberdampak, kampusswastaterbaik, safeaiuniversity, sustainabilityuniversity",creatingthefuture,0.10310048561822936,0.13933507657825925,0.1031,1.0,7.1769,1.0,0.08873497155935765,inf,0.9596001665972511,0.7399463806970511,1.0,0.8699731903485255,"#contributetotheworld, #kampusberdampak, #kampusswastaterbaik, #safeaiuniversity, #sustainabilityuniversity",#creatingthefuture
"kampusberdampak, safeaiuniversity, sustainabilityuniversity",creatingthefuture,0.10310048561822936,0.13933507657825925,0.1031,1.0,7.1769,1.0,0.08873497155935765,inf,0.9596001665972511,0.7399463806970511,1.0,0.8699731903485255,"#kampusberdampak, #safeaiuniversity, #sustainabilityuniversity",#creatingthefuture
"entrepreneurialuniversity, kampusberdampak, kampusswastaterbaik, sustainabilityuniversity",creatingthefuture,0.10347403810235338,0.13933507657825925,0.1035,1.0,7.1769,1.0,0.08905647507950026,inf,0.9600000000000001,0.7426273458445042,1.0,0.8713136729222519,"#entrepreneurialuniversity, #kampusberdampak, #kampusswastaterbaik, #sustainabilityuniversity",#creatingthefuture
"kampusberdampak, safeaiuniversity",entrepreneurialuniversity,0.10310048561822936,0.13933507657825925,0.1031,1.0,7.1769,1.0,0.08873497155935765,inf,0.9596001665972511,0.7399463806970511,1.0,0.8699731903485255,"#kampusberdampak, #safeaiuniversity",#entrepreneurialuniversity
"contributetotheworld, safeaiuniversity",creatingthefuture,0.10310048561822936,0.13933507657825925,0.1031,1.0,7.1769,1.0,0.08873497155935765,inf,0.9596001665972511,0.7399463806970511,1.0,0.8699731903485255,"#contributetotheworld, #safeaiuniversity",#creatingthefuture
creatingthefuture,"contributetotheworld, safeaiuniversity",0.13933507657825925,0.10310048561822936,0.1031,0.7399,7.1769,1.0,0.08873497155935765,3.448902256334024,1.0,0.7399463806970511,0.710052670189923,0.8699731903485255,#creatingthefuture,"#contributetotheworld, #safeaiuniversity"
"contributetotheworld, entrepreneurialuniversity, kampusberdampak, kampusswastaterbaik, safeaiuniversity, sustainabilityuniversity",creatingthefuture,0.10310048561822936,0.13933507657825925,0.1031,1.0,7.1769,1.0,0.08873497155935765,inf,0.9596001665972511,0.7399463806970511,1.0,0.8699731903485255,"#contributetotheworld, #entrepreneurialuniversity, #kampusberdampak, #kampusswastaterbaik, #safeaiuniversity, #sustainabilityuniversity",#creatingthefuture
"contributetotheworld, kampusberdampak, safeaiuniversity",entrepreneurialuniversity,0.10310048561822936,0.13933507657825925,0.1031,1.0,7.1769,1.0,0.08873497155935765,inf,0.9596001665972511,0.7399463806970511,1.0,0.8699731903485255,"#contributetotheworld, #kampusberdampak, #safeaiuniversity",#entrepreneurialuniversity
"creatingthefuture, kampusberdampak, safeaiuniversity, sustainabilityuniversity",entrepreneurialuniversity,0.10310048561822936,0.13933507657825925,0.1031,1.0,7.1769,1.0,0.08873497155935765,inf,0.9596001665972511,0.7399463806970511,1.0,0.8699731903485255,"#creatingthefuture, #kampusberdampak, #safeaiuniversity, #sustainabilityuniversity",#entrepreneurialuniversity
entrepreneurialuniversity,"kampusberdampak, kampusswastaterbaik, safeaiuniversity",0.13933507657825925,0.10310048561822936,0.1031,0.7399,7.1769,1.0,0.08873497155935765,3.448902256334024,1.0,0.7399463806970511,0.710052670189923,0.8699731903485255,#entrepreneurialuniversity,"#kampusberdampak, #kampusswastaterbaik, #safeaiuniversity"
"kampusberdampak, kampusswastaterbaik, sustainabilityuniversity",entrepreneurialuniversity,0.10347403810235338,0.13933507657825925,0.1035,1.0,7.1769,1.0,0.08905647507950026,inf,0.9600000000000001,0.7426273458445042,1.0,0.8713136729222519,"#kampusberdampak, #kampusswastaterbaik, #sustainabilityuniversity",#entrepreneurialuniversity
"kampusberdampak, kampusswastaterbaik, safeaiuniversity",entrepreneurialuniversity,0.10310048561822936,0.13933507657825925,0.1031,1.0,7.1769,1.0,0.08873497155935765,inf,0.9596001665972511,0.7399463806970511,1.0,0.8699731903485255,"#kampusberdampak, #kampusswastaterbaik, #safeaiuniversity",#entrepreneurialuniversity
creatingthefuture,"kampusberdampak, safeaiuniversity, sustainabilityuniversity",0.13933507657825925,0.10310048561822936,0.1031,0.7399,7.1769,1.0,0.08873497155935765,3.448902256334024,1.0,0.7399463806970511,0.710052670189923,0.8699731903485255,#creatingthefuture,"#kampusberdampak, #safeaiuniversity, #sustainabilityuniversity"
creatingthefuture,"contributetotheworld, kampusberdampak, kampusswastaterbaik, safeaiuniversity",0.13933507657825925,0.10310048561822936,0.1031,0.7399,7.1769,1.0,0.08873497155935765,3.448902256334024,1.0,0.7399463806970511,0.710052670189923,0.8699731903485255,#creatingthefuture,"#contributetotheworld, #kampusberdampak, #kampusswastaterbaik, #safeaiuniversity"
"contributetotheworld, kampusberdampak, kampusswastaterbaik, sustainabilityuniversity",creatingthefuture,0.10347403810235338,0.13933507657825925,0.1035,1.0,7.1769,1.0,0.08905647507950026,inf,0.9600000000000001,0.7426273458445042,1.0,0.8713136729222519,"#contributetotheworld, #kampusberdampak, #kampusswastaterbaik, #sustainabilityuniversity",#creatingthefuture
"contributetotheworld, sustainabilityuniversity",entrepreneurialuniversity,0.134852446768771,0.13933507657825925,0.1349,1.0,7.1769,1.0,0.11606277077147867,inf,0.994818652849741,0.9678284182305631,1.0,0.9839142091152815,"#contributetotheworld, #sustainabilityuniversity",#entrepreneurialuniversity
"entrepreneurialuniversity, kampusberdampak, safeaiuniversity, sustainabilityuniversity",creatingthefuture,0.10310048561822936,0.13933507657825925,0.1031,1.0,7.1769,1.0,0.08873497155935765,inf,0.9596001665972511,0.7399463806970511,1.0,0.8699731903485255,"#entrepreneurialuniversity, #kampusberdampak, #safeaiuniversity, #sustainabilityuniversity",#creatingthefuture
"contributetotheworld, kampusberdampak, sustainabilityuniversity",entrepreneurialuniversity,0.10347403810235338,0.13933507657825925,0.1035,1.0,7.1769,1.0,0.08905647507950026,inf,0.9600000000000001,0.7426273458445042,1.0,0.8713136729222519,"#contributetotheworld, #kampusberdampak, #sustainabilityuniversity",#entrepreneurialuniversity
entrepreneurialuniversity,"creatingthefuture, kampusberdampak, kampusswastaterbaik, safeaiuniversity, sustainabilityuniversity",0.13933507657825925,0.10310048561822936,0.1031,0.7399,7.1769,1.0,0.08873497155935765,3.448902256334024,1.0,0.7399463806970511,0.710052670189923,0.8699731903485255,#entrepreneurialuniversity,"#creatingthefuture, #kampusberdampak, #kampusswastaterbaik, #safeaiuniversity, #sustainabilityuniversity"
entrepreneurialuniversity,"creatingthefuture, kampusberdampak, safeaiuniversity, sustainabilityuniversity",0.13933507657825925,0.10310048561822936,0.1031,0.7399,7.1769,1.0,0.08873497155935765,3.448902256334024,1.0,0.7399463806970511,0.710052670189923,0.8699731903485255,#entrepreneurialuniversity,"#creatingthefuture, #kampusberdampak, #safeaiuniversity, #sustainabilityuniversity"
entrepreneurialuniversity,"creatingthefuture, kampusswastaterbaik, safeaiuniversity, sustainabilityuniversity",0.13933507657825925,0.10310048561822936,0.1031,0.7399,7.1769,1.0,0.08873497155935765,3.448902256334024,1.0,0.7399463806970511,0.710052670189923,0.8699731903485255,#entrepreneurialuniversity,"#creatingthefuture, #kampusswastaterbaik, #safeaiuniversity, #sustainabilityuniversity"
"contributetotheworld, safeaiuniversity, sustainabilityuniversity",creatingthefuture,0.10310048561822936,0.13933507657825925,0.1031,1.0,7.1769,1.0,0.08873497155935765,inf,0.9596001665972511,0.7399463806970511,1.0,0.8699731903485255,"#contributetotheworld, #safeaiuniversity, #sustainabilityuniversity",#creatingthefuture
creatingthefuture,"contributetotheworld, safeaiuniversity, sustainabilityuniversity",0.13933507657825925,0.10310048561822936,0.1031,0.7399,7.1769,1.0,0.08873497155935765,3.448902256334024,1.0,0.7399463806970511,0.710052670189923,0.8699731903485255,#creatingthefuture,"#contributetotheworld, #safeaiuniversity, #sustainabilityuniversity"
"contributetotheworld, kampusswastaterbaik, sustainabilityuniversity",creatingthefuture,0.13410534180052297,0.13933507657825925,0.1341,1.0,7.1769,1.0,0.11541976373119348,inf,0.993960310612597,0.962466487935657,1.0,0.9812332439678284,"#contributetotheworld, #kampusswastaterbaik, #sustainabilityuniversity",#creatingthefuture
"kampusberdampak, kampusswastaterbaik, safeaiuniversity, sustainabilityuniversity",creatingthefuture,0.10310048561822936,0.13933507657825925,0.1031,1.0,7.1769,1.0,0.08873497155935765,inf,0.9596001665972511,0.7399463806970511,1.0,0.8699731903485255,"#kampusberdampak, #kampusswastaterbaik, #safeaiuniversity, #sustainabilityuniversity",#creatingthefuture
creatingthefuture,"contributetotheworld, kampusswastaterbaik, sustainabilityuniversity",0.13933507657825925,0.13410534180052297,0.1341,0.9625,7.1769,1.0,0.11541976373119348,23.069907679171767,1.0000000000000002,0.962466487935657,0.9566534893027409,0.9812332439678284,#creatingthefuture,"#contributetotheworld, #kampusswastaterbaik, #sustainabilityuniversity"
entrepreneurialuniversity,"kampusswastaterbaik, safeaiuniversity, sustainabilityuniversity",0.13933507657825925,0.10310048561822936,0.1031,0.7399,7.1769,1.0,0.08873497155935765,3.448902256334024,1.0,0.7399463806970511,0.710052670189923,0.8699731903485255,#entrepreneurialuniversity,"#kampusswastaterbaik, #safeaiuniversity, #sustainabilityuniversity"
"kampusberdampak, safeaiuniversity, sustainabilityuniversity",entrepreneurialuniversity,0.10310048561822936,0.13933507657825925,0.1031,1.0,7.1769,1.0,0.08873497155935765,inf,0.9596001665972511,0.7399463806970511,1.0,0.8699731903485255,"#kampusberdampak, #safeaiuniversity, #sustainabilityuniversity",#entrepreneurialuniversity
entrepreneurialuniversity,"contributetotheworld, safeaiuniversity",0.13933507657825925,0.10310048561822936,0.1031,0.7399,7.1769,1.0,0.08873497155935765,3.448902256334024,1.0,0.7399463806970511,0.710052670189923,0.8699731903485255,#entrepreneurialuniversity,"#contributetotheworld, #safeaiuniversity"
creatingthefuture,"entrepreneurialuniversity, kampusberdampak, safeaiuniversity, sustainabilityuniversity",0.13933507657825925,0.10310048561822936,0.1031,0.7399,7.1769,1.0,0.08873497155935765,3.448902256334024,1.0,0.7399463806970511,0.710052670189923,0.8699731903485255,#creatingthefuture,"#entrepreneurialuniversity, #kampusberdampak, #safeaiuniversity, #sustainabilityuniversity"
"creatingthefuture, kampusswastaterbaik, safeaiuniversity, sustainabilityuniversity",entrepreneurialuniversity,0.10310048561822936,0.13933507657825925,0.1031,1.0,7.1769,1.0,0.08873497155935765,inf,0.9596001665972511,0.7399463806970511,1.0,0.8699731903485255,"#creatingthefuture, #kampusswastaterbaik, #safeaiuniversity, #sustainabilityuniversity",#entrepreneurialuniversity
"entrepreneurialuniversity, kampusswastaterbaik, safeaiuniversity, sustainabilityuniversity",creatingthefuture,0.10310048561822936,0.13933507657825925,0.1031,1.0,7.1769,1.0,0.08873497155935765,inf,0.9596001665972511,0.7399463806970511,1.0,0.8699731903485255,"#entrepreneurialuniversity, #kampusswastaterbaik, #safeaiuniversity, #sustainabilityuniversity",#creatingthefuture
"kampusswastaterbaik, sustainabilityuniversity",creatingthefuture,0.13784086664176318,0.13933507657825925,0.1378,1.0,7.1769,1.0,0.11863479893261948,inf,0.9982668977469671,0.9892761394101877,1.0,0.9946380697050938,"#kampusswastaterbaik, #sustainabilityuniversity",#creatingthefuture
creatingthefuture,"kampusswastaterbaik, sustainabilityuniversity",0.13933507657825925,0.13784086664176318,0.1378,0.9893,7.1769,1.0,0.11863479893261948,80.39633918565553,1.0,0.9892761394101877,0.9875616227041042,0.9946380697050938,#creatingthefuture,"#kampusswastaterbaik, #sustainabilityuniversity"
entrepreneurialuniversity,"contributetotheworld, kampusberdampak, kampusswastaterbaik, safeaiuniversity",0.13933507657825925,0.10310048561822936,0.1031,0.7399,7.1769,1.0,0.08873497155935765,3.448902256334024,1.0,0.7399463806970511,0.710052670189923,0.8699731903485255,#entrepreneurialuniversity,"#contributetotheworld, #kampusberdampak, #kampusswastaterbaik, #safeaiuniversity"
"contributetotheworld, kampusberdampak, kampusswastaterbaik, sustainabilityuniversity",entrepreneurialuniversity,0.10347403810235338,0.13933507657825925,0.1035,1.0,7.1769,1.0,0.08905647507950026,inf,0.9600000000000001,0.7426273458445042,1.0,0.8713136729222519,"#contributetotheworld, #kampusberdampak, #kampusswastaterbaik, #sustainabilityuniversity",#entrepreneurialuniversity
entrepreneurialuniversity,"creatingthefuture, kampusswastaterbaik, safeaiuniversity",0.13933507657825925,0.10310048561822936,0.1031,0.7399,7.1769,1.0,0.08873497155935765,3.448902256334024,1.0,0.7399463806970511,0.710052670189923,0.8699731903485255,#entrepreneurialuniversity,"#creatingthefuture, #kampusswastaterbaik, #safeaiuniversity"
creatingthefuture,"entrepreneurialuniversity, kampusberdampak, safeaiuniversity",0.13933507657825925,0.10310048561822936,0.1031,0.7399,7.1769,1.0,0.08873497155935765,3.448902256334024,1.0,0.7399463806970511,0.710052670189923,0.8699731903485255,#creatingthefuture,"#entrepreneurialuniversity, #kampusberdampak, #safeaiuniversity"
entrepreneurialuniversity,"creatingthefuture, kampusberdampak, safeaiuniversity",0.13933507657825925,0.10310048561822936,0.1031,0.7399,7.1769,1.0,0.08873497155935765,3.448902256334024,1.0,0.7399463806970511,0.710052670189923,0.8699731903485255,#entrepreneurialuniversity,"#creatingthefuture, #kampusberdampak, #safeaiuniversity"
entrepreneurialuniversity,"contributetotheworld, creatingthefuture, kampusberdampak, safeaiuniversity",0.13933507657825925,0.10310048561822936,0.1031,0.7399,7.1769,1.0,0.08873497155935765,3.448902256334024,1.0,0.7399463806970511,0.710052670189923,0.8699731903485255,#entrepreneurialuniversity,"#contributetotheworld, #creatingthefuture, #kampusberdampak, #safeaiuniversity"
"contributetotheworld, creatingthefuture, kampusberdampak, sustainabilityuniversity",entrepreneurialuniversity,0.10347403810235338,0.13933507657825925,0.1035,1.0,7.1769,1.0,0.08905647507950026,inf,0.9600000000000001,0.7426273458445042,1.0,0.8713136729222519,"#contributetotheworld, #creatingthefuture, #kampusberdampak, #sustainabilityuniversity",#entrepreneurialuniversity
"contributetotheworld, entrepreneurialuniversity, kampusberdampak, sustainabilityuniversity",creatingthefuture,0.10347403810235338,0.13933507657825925,0.1035,1.0,7.1769,1.0,0.08905647507950026,inf,0.9600000000000001,0.7426273458445042,1.0,0.8713136729222519,"#contributetotheworld, #entrepreneurialuniversity, #kampusberdampak, #sustainabilityuniversity",#creatingthefuture
creatingthefuture,"contributetotheworld, entrepreneurialuniversity, kampusberdampak, kampusswastaterbaik",0.13933507657825925,0.10347403810235338,0.1035,0.7426,7.1769,1.0,0.08905647507950026,3.4833769144564806,1.0000000000000002,0.7426273458445042,0.7129222520107238,0.8713136729222519,#creatingthefuture,"#contributetotheworld, #entrepreneurialuniversity, #kampusberdampak, #kampusswastaterbaik"
creatingthefuture,safeaiuniversity,0.13933507657825925,0.10310048561822936,0.1031,0.7399,7.1769,1.0,0.08873497155935765,3.448902256334024,1.0,0.7399463806970511,0.710052670189923,0.8699731903485255,#creatingthefuture,#safeaiuniversity
"contributetotheworld, entrepreneurialuniversity, kampusswastaterbaik",creatingthefuture,0.134478894284647,0.13933507657825925,0.1345,1.0,7.1769,1.0,0.11574126725133607,inf,0.9943892965041001,0.9651474530831097,1.0,0.982573726541555,"#contributetotheworld, #entrepreneurialuniversity, #kampusswastaterbaik",#creatingthefuture
creatingthefuture,"contributetotheworld, entrepreneurialuniversity, kampusswastaterbaik",0.13933507657825925,0.134478894284647,0.1345,0.9651,7.1769,1.0,0.11574126725133607,24.833797879371264,1.0,0.9651474530831097,0.9597322968940376,0.982573726541555,#creatingthefuture,"#contributetotheworld, #entrepreneurialuniversity, #kampusswastaterbaik"
entrepreneurialuniversity,"contributetotheworld, creatingthefuture, kampusswastaterbaik",0.13933507657825925,0.134478894284647,0.1345,0.9651,7.1769,1.0,0.11574126725133607,24.833797879371264,1.0,0.9651474530831097,0.9597322968940376,0.982573726541555,#entrepreneurialuniversity,"#contributetotheworld, #creatingthefuture, #kampusswastaterbaik"
"contributetotheworld, creatingthefuture, safeaiuniversity",entrepreneurialuniversity,0.10310048561822936,0.13933507657825925,0.1031,1.0,7.1769,1.0,0.08873497155935765,inf,0.9596001665972511,0.7399463806970511,1.0,0.8699731903485255,"#contributetotheworld, #creatingthefuture, #safeaiuniversity",#entrepreneurialuniversity
"contributetotheworld, entrepreneurialuniversity, safeaiuniversity",creatingthefuture,0.10310048561822936,0.13933507657825925,0.1031,1.0,7.1769,1.0,0.08873497155935765,inf,0.9596001665972511,0.7399463806970511,1.0,0.8699731903485255,"#contributetotheworld, #entrepreneurialuniversity, #safeaiuniversity",#creatingthefuture
"kampusberdampak, sustainabilityuniversity",entrepreneurialuniversity,0.10347403810235338,0.13933507657825925,0.1035,1.0,7.1769,1.0,0.08905647507950026,inf,0.9600000000000001,0.7426273458445042,1.0,0.8713136729222519,"#kampusberdampak, #sustainabilityuniversity",#entrepreneurialuniversity
entrepreneurialuniversity,"kampusberdampak, sustainabilityuniversity",0.13933507657825925,0.10347403810235338,0.1035,0.7426,7.1769,1.0,0.08905647507950026,3.4833769144564806,1.0000000000000002,0.7426273458445042,0.7129222520107238,0.8713136729222519,#entrepreneurialuniversity,"#kampusberdampak, #sustainabilityuniversity"
"kampusswastaterbaik, safeaiuniversity",entrepreneurialuniversity,0.10310048561822936,0.13933507657825925,0.1031,1.0,7.1769,1.0,0.08873497155935765,inf,0.9596001665972511,0.7399463806970511,1.0,0.8699731903485255,"#kampusswastaterbaik, #safeaiuniversity",#entrepreneurialuniversity
entrepreneurialuniversity,"kampusswastaterbaik, safeaiuniversity",0.13933507657825925,0.10310048561822936,0.1031,0.7399,7.1769,1.0,0.08873497155935765,3.448902256334024,1.0,0.7399463806970511,0.710052670189923,0.8699731903485255,#entrepreneurialuniversity,"#kampusswastaterbaik, #safeaiuniversity"
entrepreneurialuniversity,"kampusberdampak, kampusswastaterbaik, sustainabilityuniversity",0.13933507657825925,0.10347403810235338,0.1035,0.7426,7.1769,1.0,0.08905647507950026,3.4833769144564806,1.0000000000000002,0.7426273458445042,0.7129222520107238,0.8713136729222519,#entrepreneurialuniversity,"#kampusberdampak, #kampusswastaterbaik, #sustainabilityuniversity"
creatingthefuture,"kampusswastaterbaik, safeaiuniversity, sustainabilityuniversity",0.13933507657825925,0.10310048561822936,0.1031,0.7399,7.1769,1.0,0.08873497155935765,3.448902256334024,1.0,0.7399463806970511,0.710052670189923,0.8699731903485255,#creatingthefuture,"#kampusswastaterbaik, #safeaiuniversity, #sustainabilityuniversity"
creatingthefuture,"contributetotheworld, entrepreneurialuniversity, safeaiuniversity, sustainabilityuniversity",0.13933507657825925,0.10310048561822936,0.1031,0.7399,7.1769,1.0,0.08873497155935765,3.448902256334024,1.0,0.7399463806970511,0.710052670189923,0.8699731903485255,#creatingthefuture,"#contributetotheworld, #entrepreneurialuniversity, #safeaiuniversity, #sustainabilityuniversity"
"contributetotheworld, creatingthefuture",entrepreneurialuniversity,0.13522599925289502,0.13933507657825925,0.1352,1.0,7.1769,1.0,0.11638427429162126,inf,0.9952483801295896,0.9705093833780158,1.0,0.9852546916890079,"#contributetotheworld, #creatingthefuture",#entrepreneurialuniversity
creatingthefuture,"contributetotheworld, entrepreneurialuniversity, kampusberdampak",0.13933507657825925,0.10347403810235338,0.1035,0.7426,7.1769,1.0,0.08905647507950026,3.4833769144564806,1.0000000000000002,0.7426273458445042,0.7129222520107238,0.8713136729222519,#creatingthefuture,"#contributetotheworld, #entrepreneurialuniversity, #kampusberdampak"
entrepreneurialuniversity,"contributetotheworld, creatingthefuture, kampusberdampak",0.13933507657825925,0.10347403810235338,0.1035,0.7426,7.1769,1.0,0.08905647507950026,3.4833769144564806,1.0000000000000002,0.7426273458445042,0.7129222520107238,0.8713136729222519,#entrepreneurialuniversity,"#contributetotheworld, #creatingthefuture, #kampusberdampak"
"contributetotheworld, creatingthefuture, kampusswastaterbaik",entrepreneurialuniversity,0.134478894284647,0.13933507657825925,0.1345,1.0,7.1769,1.0,0.11574126725133607,inf,0.9943892965041001,0.9651474530831097,1.0,0.982573726541555,"#contributetotheworld, #creatingthefuture, #kampusswastaterbaik",#entrepreneurialuniversity
creatingthefuture,sustainabilityuniversity,0.13933507657825925,0.1385879716100112,0.1386,0.9946,7.1769,1.0,0.11927780597290469,160.6533432947328,1.0000000000000002,0.9946380697050938,0.9937754174330166,0.9973190348525469,#creatingthefuture,#sustainabilityuniversity
entrepreneurialuniversity,"contributetotheworld, creatingthefuture, safeaiuniversity, sustainabilityuniversity",0.13933507657825925,0.10310048561822936,0.1031,0.7399,7.1769,1.0,0.08873497155935765,3.448902256334024,1.0,0.7399463806970511,0.710052670189923,0.8699731903485255,#entrepreneurialuniversity,"#contributetotheworld, #creatingthefuture, #safeaiuniversity, #sustainabilityuniversity"
entrepreneurialuniversity,"contributetotheworld, creatingthefuture, kampusberdampak, kampusswastaterbaik, safeaiuniversity, sustainabilityuniversity",0.13933507657825925,0.10310048561822936,0.1031,0.7399,7.1769,1.0,0.08873497155935765,3.448902256334024,1.0,0.7399463806970511,0.710052670189923,0.8699731903485255,#entrepreneurialuniversity,"#contributetotheworld, #creatingthefuture, #kampusberdampak, #kampusswastaterbaik, #safeaiuniversity, #sustainabilityuniversity"
creatingthefuture,"entrepreneurialuniversity, kampusswastaterbaik, safeaiuniversity",0.13933507657825925,0.10310048561822936,0.1031,0.7399,7.1769,1.0,0.08873497155935765,3.448902256334024,1.0,0.7399463806970511,0.710052670189923,0.8699731903485255,#creatingthefuture,"#entrepreneurialuniversity, #kampusswastaterbaik, #safeaiuniversity"
"creatingthefuture, kampusberdampak, sustainabilityuniversity",entrepreneurialuniversity,0.10347403810235338,0.13933507657825925,0.1035,1.0,7.1769,1.0,0.08905647507950026,inf,0.9600000000000001,0.7426273458445042,1.0,0.8713136729222519,"#creatingthefuture, #kampusberdampak, #sustainabilityuniversity",#entrepreneurialuniversity
"contributetotheworld, creatingthefuture, kampusswastaterbaik, safeaiuniversity",entrepreneurialuniversity,0.10310048561822936,0.13933507657825925,0.1031,1.0,7.1769,1.0,0.08873497155935765,inf,0.9596001665972511,0.7399463806970511,1.0,0.8699731903485255,"#contributetotheworld, #creatingthefuture, #kampusswastaterbaik, #safeaiuniversity",#entrepreneurialuniversity
"contributetotheworld, entrepreneurialuniversity, kampusswastaterbaik, safeaiuniversity",creatingthefuture,0.10310048561822936,0.13933507657825925,0.1031,1.0,7.1769,1.0,0.08873497155935765,inf,0.9596001665972511,0.7399463806970511,1.0,0.8699731903485255,"#contributetotheworld, #entrepreneurialuniversity, #kampusswastaterbaik, #safeaiuniversity",#creatingthefuture
"contributetotheworld, entrepreneurialuniversity",creatingthefuture,0.13522599925289502,0.13933507657825925,0.1352,1.0,7.1769,1.0,0.11638427429162126,inf,0.9952483801295896,0.9705093833780158,1.0,0.9852546916890079,"#contributetotheworld, #entrepreneurialuniversity",#creatingthefuture
"contributetotheworld, creatingthefuture, kampusberdampak, safeaiuniversity",entrepreneurialuniversity,0.10310048561822936,0.13933507657825925,0.1031,1.0,7.1769,1.0,0.08873497155935765,inf,0.9596001665972511,0.7399463806970511,1.0,0.8699731903485255,"#contributetotheworld, #creatingthefuture, #kampusberdampak, #safeaiuniversity",#entrepreneurialuniversity
"contributetotheworld, entrepreneurialuniversity, kampusberdampak, safeaiuniversity",creatingthefuture,0.10310048561822936,0.13933507657825925,0.1031,1.0,7.1769,1.0,0.08873497155935765,inf,0.9596001665972511,0.7399463806970511,1.0,0.8699731903485255,"#contributetotheworld, #entrepreneurialuniversity, #kampusberdampak, #safeaiuniversity",#creatingthefuture
entrepreneurialuniversity,"contributetotheworld, kampusberdampak, kampusswastaterbaik, safeaiuniversity, sustainabilityuniversity",0.13933507657825925,0.10310048561822936,0.1031,0.7399,7.1769,1.0,0.08873497155935765,3.448902256334024,1.0,0.7399463806970511,0.710052670189923,0.8699731903485255,#entrepreneurialuniversity,"#contributetotheworld, #kampusberdampak, #kampusswastaterbaik, #safeaiuniversity, #sustainabilityuniversity"
creatingthefuture,"contributetotheworld, entrepreneurialuniversity, kampusberdampak, kampusswastaterbaik, safeaiuniversity",0.13933507657825925,0.10310048561822936,0.1031,0.7399,7.1769,1.0,0.08873497155935765,3.448902256334024,1.0,0.7399463806970511,0.710052670189923,0.8699731903485255,#creatingthefuture,"#contributetotheworld, #entrepreneurialuniversity, #kampusberdampak, #kampusswastaterbaik, #safeaiuniversity"
sustainabilityuniversity,"creatingthefuture, kampusswastaterbaik",0.1385879716100112,0.1385879716100112,0.1378,0.9946,7.1767,1.0,0.1186342407667859,159.79193126634343,0.9991279964837809,0.9892761394101877,0.9937418617318469,0.9946091644204852,#sustainabilityuniversity,"#creatingthefuture, #kampusswastaterbaik"
"creatingthefuture, kampusswastaterbaik","entrepreneurialuniversity, sustainabilityuniversity",0.1385879716100112,0.1385879716100112,0.1378,0.9946,7.1767,1.0,0.1186342407667859,159.79193126634343,0.9991279964837809,0.9892761394101877,0.9937418617318469,0.9946091644204852,"#creatingthefuture, #kampusswastaterbaik","#entrepreneurialuniversity, #sustainabilityuniversity"
"creatingthefuture, kampusswastaterbaik",sustainabilityuniversity,0.1385879716100112,0.1385879716100112,0.1378,0.9946,7.1767,1.0,0.1186342407667859,159.79193126634343,0.9991279964837809,0.9892761394101877,0.9937418617318469,0.9946091644204852,"#creatingthefuture, #kampusswastaterbaik",#sustainabilityuniversity
"entrepreneurialuniversity, sustainabilityuniversity","creatingthefuture, kampusswastaterbaik",0.1385879716100112,0.1385879716100112,0.1378,0.9946,7.1767,1.0,0.1186342407667859,159.79193126634343,0.9991279964837809,0.9892761394101877,0.9937418617318469,0.9946091644204852,"#entrepreneurialuniversity, #sustainabilityuniversity","#creatingthefuture, #kampusswastaterbaik"
"contributetotheworld, entrepreneurialuniversity","creatingthefuture, kampusswastaterbaik",0.13522599925289502,0.1385879716100112,0.1345,0.9945,7.1758,1.0,0.11573819733925138,155.91557713858836,0.9952219822414207,0.9651474530831097,0.9935862726588818,0.9824127712171077,"#contributetotheworld, #entrepreneurialuniversity","#creatingthefuture, #kampusswastaterbaik"
"creatingthefuture, kampusswastaterbaik","contributetotheworld, entrepreneurialuniversity",0.1385879716100112,0.13522599925289502,0.1345,0.9704,7.1758,1.0,0.11573819733925138,29.166468570652288,0.9991061963958756,0.9651474530831097,0.9657140528488178,0.9824127712171077,"#creatingthefuture, #kampusswastaterbaik","#contributetotheworld, #entrepreneurialuniversity"
"contributetotheworld, entrepreneurialuniversity, sustainabilityuniversity","creatingthefuture, kampusswastaterbaik",0.134852446768771,0.1385879716100112,0.1341,0.9945,7.1757,1.0,0.11541641473619199,155.48487112439446,0.994789787406007,0.962466487935657,0.9935685061011501,0.9810574101589624,"#contributetotheworld, #entrepreneurialuniversity, #sustainabilityuniversity","#creatingthefuture, #kampusswastaterbaik"
"contributetotheworld, sustainabilityuniversity","creatingthefuture, kampusswastaterbaik",0.134852446768771,0.1385879716100112,0.1341,0.9945,7.1757,1.0,0.11541641473619199,155.48487112439446,0.994789787406007,0.962466487935657,0.9935685061011501,0.9810574101589624,"#contributetotheworld, #sustainabilityuniversity","#creatingthefuture, #kampusswastaterbaik"
"creatingthefuture, kampusswastaterbaik","contributetotheworld, sustainabilityuniversity",0.1385879716100112,0.134852446768771,0.1341,0.9677,7.1757,1.0,0.11541641473619199,26.747478520732063,0.9991037066922429,0.962466487935657,0.962613298325489,0.9810574101589624,"#creatingthefuture, #kampusswastaterbaik","#contributetotheworld, #sustainabilityuniversity"
"creatingthefuture, kampusswastaterbaik","contributetotheworld, entrepreneurialuniversity, sustainabilityuniversity",0.1385879716100112,0.134852446768771,0.1341,0.9677,7.1757,1.0,0.11541641473619199,26.747478520732063,0.9991037066922429,0.962466487935657,0.962613298325489,0.9810574101589624,"#creatingthefuture, #kampusswastaterbaik","#contributetotheworld, #entrepreneurialuniversity, #sustainabilityuniversity"
creatingthefuture,entrepreneurialuniversity,0.13933507657825925,0.13933507657825925,0.139,0.9973,7.1577,1.0,0.11954726052906586,321.0280164363091,0.9995648054808842,0.9946524064171123,0.9968850070747691,0.9973190348525469,#creatingthefuture,#entrepreneurialuniversity
entrepreneurialuniversity,creatingthefuture,0.13933507657825925,0.13933507657825925,0.139,0.9973,7.1577,1.0,0.11954726052906586,321.0280164363091,0.9995648054808842,0.9946524064171123,0.9968850070747691,0.9973190348525469,#entrepreneurialuniversity,#creatingthefuture
"creatingthefuture, kampusswastaterbaik",entrepreneurialuniversity,0.1385879716100112,0.13933507657825925,0.1382,0.9973,7.1576,1.0,0.11890425348878067,319.3066865894734,0.9986955298750616,0.9893048128342247,0.9968682146600779,0.9946308433839417,"#creatingthefuture, #kampusswastaterbaik",#entrepreneurialuniversity
entrepreneurialuniversity,"creatingthefuture, kampusswastaterbaik",0.13933507657825925,0.1385879716100112,0.1382,0.992,7.1576,1.0,0.11890425348878067,107.1022288631552,0.9995624530780782,0.9893048128342247,0.9906631261495248,0.9946308433839417,#entrepreneurialuniversity,"#creatingthefuture, #kampusswastaterbaik"
"creatingthefuture, kampusberdampak, kampusswastaterbaik",entrepreneurialuniversity,0.1038475905864774,0.13933507657825925,0.1035,0.9964,7.1511,1.0,0.08900442611551884,239.2648487112454,0.959838861860312,0.7406417112299467,0.9958205310751399,0.8695151117711728,"#creatingthefuture, #kampusberdampak, #kampusswastaterbaik",#entrepreneurialuniversity
entrepreneurialuniversity,"creatingthefuture, kampusberdampak",0.13933507657825925,0.1038475905864774,0.1035,0.7426,7.1511,1.0,0.08900442611551884,3.48192550740879,0.9994155510429203,0.7406417112299467,0.7128025864217329,0.8695151117711728,#entrepreneurialuniversity,"#creatingthefuture, #kampusberdampak"
entrepreneurialuniversity,"creatingthefuture, kampusberdampak, kampusswastaterbaik",0.13933507657825925,0.1038475905864774,0.1035,0.7426,7.1511,1.0,0.08900442611551884,3.48192550740879,0.9994155510429203,0.7406417112299467,0.7128025864217329,0.8695151117711728,#entrepreneurialuniversity,"#creatingthefuture, #kampusberdampak, #kampusswastaterbaik"
"creatingthefuture, kampusberdampak",entrepreneurialuniversity,0.1038475905864774,0.13933507657825925,0.1035,0.9964,7.1511,1.0,0.08900442611551884,239.2648487112454,0.959838861860312,0.7406417112299467,0.9958205310751399,0.8695151117711728,"#creatingthefuture, #kampusberdampak",#entrepreneurialuniversity
"contributetotheworld, kampusberdampak, kampusswastaterbaik","entrepreneurialuniversity, safeaiuniversity",0.1441912588718715,0.10310048561822936,0.1031,0.715,6.9352,1.0,0.08823429680663558,3.147301932285122,0.9999999999999999,0.7150259067357513,0.682267535331781,0.8575129533678756,"#contributetotheworld, #kampusberdampak, #kampusswastaterbaik","#entrepreneurialuniversity, #safeaiuniversity"
"contributetotheworld, kampusberdampak, kampusswastaterbaik","creatingthefuture, entrepreneurialuniversity, safeaiuniversity",0.1441912588718715,0.10310048561822936,0.1031,0.715,6.9352,1.0,0.08823429680663558,3.147301932285122,0.9999999999999999,0.7150259067357513,0.682267535331781,0.8575129533678756,"#contributetotheworld, #kampusberdampak, #kampusswastaterbaik","#creatingthefuture, #entrepreneurialuniversity, #safeaiuniversity"
"contributetotheworld, kampusberdampak, kampusswastaterbaik","creatingthefuture, entrepreneurialuniversity, safeaiuniversity, sustainabilityuniversity",0.1441912588718715,0.10310048561822936,0.1031,0.715,6.9352,1.0,0.08823429680663558,3.147301932285122,0.9999999999999999,0.7150259067357513,0.682267535331781,0.8575129533678756,"#contributetotheworld, #kampusberdampak, #kampusswastaterbaik","#creatingthefuture, #entrepreneurialuniversity, #safeaiuniversity, #sustainabilityuniversity"
"contributetotheworld, kampusberdampak, kampusswastaterbaik","entrepreneurialuniversity, safeaiuniversity, sustainabilityuniversity",0.1441912588718715,0.10310048561822936,0.1031,0.715,6.9352,1.0,0.08823429680663558,3.147301932285122,0.9999999999999999,0.7150259067357513,0.682267535331781,0.8575129533678756,"#contributetotheworld, #kampusberdampak, #kampusswastaterbaik","#entrepreneurialuniversity, #safeaiuniversity, #sustainabilityuniversity"
"contributetotheworld, kampusberdampak, kampusswastaterbaik","creatingthefuture, safeaiuniversity",0.1441912588718715,0.10310048561822936,0.1031,0.715,6.9352,1.0,0.08823429680663558,3.147301932285122,0.9999999999999999,0.7150259067357513,0.682267535331781,0.8575129533678756,"#contributetotheworld, #kampusberdampak, #kampusswastaterbaik","#creatingthefuture, #safeaiuniversity"
"creatingthefuture, safeaiuniversity, sustainabilityuniversity","contributetotheworld, kampusberdampak, kampusswastaterbaik",0.10310048561822936,0.1441912588718715,0.1031,1.0,6.9352,1.0,0.08823429680663558,inf,0.9541857559350271,0.7150259067357513,1.0,0.8575129533678756,"#creatingthefuture, #safeaiuniversity, #sustainabilityuniversity","#contributetotheworld, #kampusberdampak, #kampusswastaterbaik"
"contributetotheworld, kampusberdampak, kampusswastaterbaik","safeaiuniversity, sustainabilityuniversity",0.1441912588718715,0.10310048561822936,0.1031,0.715,6.9352,1.0,0.08823429680663558,3.147301932285122,0.9999999999999999,0.7150259067357513,0.682267535331781,0.8575129533678756,"#contributetotheworld, #kampusberdampak, #kampusswastaterbaik","#safeaiuniversity, #sustainabilityuniversity"
"contributetotheworld, kampusberdampak, kampusswastaterbaik","creatingthefuture, safeaiuniversity, sustainabilityuniversity",0.1441912588718715,0.10310048561822936,0.1031,0.715,6.9352,1.0,0.08823429680663558,3.147301932285122,0.9999999999999999,0.7150259067357513,0.682267535331781,0.8575129533678756,"#contributetotheworld, #kampusberdampak, #kampusswastaterbaik","#creatingthefuture, #safeaiuniversity, #sustainabilityuniversity"
"entrepreneurialuniversity, safeaiuniversity","contributetotheworld, kampusberdampak, kampusswastaterbaik",0.10310048561822936,0.1441912588718715,0.1031,1.0,6.9352,1.0,0.08823429680663558,inf,0.9541857559350271,0.7150259067357513,1.0,0.8575129533678756,"#entrepreneurialuniversity, #safeaiuniversity","#contributetotheworld, #kampusberdampak, #kampusswastaterbaik"
"creatingthefuture, entrepreneurialuniversity, safeaiuniversity","contributetotheworld, kampusberdampak, kampusswastaterbaik",0.10310048561822936,0.1441912588718715,0.1031,1.0,6.9352,1.0,0.08823429680663558,inf,0.9541857559350271,0.7150259067357513,1.0,0.8575129533678756,"#creatingthefuture, #entrepreneurialuniversity, #safeaiuniversity","#contributetotheworld, #kampusberdampak, #kampusswastaterbaik"
"safeaiuniversity, sustainabilityuniversity","contributetotheworld, kampusberdampak, kampusswastaterbaik",0.10310048561822936,0.1441912588718715,0.1031,1.0,6.9352,1.0,0.08823429680663558,inf,0.9541857559350271,0.7150259067357513,1.0,0.8575129533678756,"#safeaiuniversity, #sustainabilityuniversity","#contributetotheworld, #kampusberdampak, #kampusswastaterbaik"
"creatingthefuture, safeaiuniversity","contributetotheworld, kampusberdampak, kampusswastaterbaik",0.10310048561822936,0.1441912588718715,0.1031,1.0,6.9352,1.0,0.08823429680663558,inf,0.9541857559350271,0.7150259067357513,1.0,0.8575129533678756,"#creatingthefuture, #safeaiuniversity","#contributetotheworld, #kampusberdampak, #kampusswastaterbaik"
"creatingthefuture, entrepreneurialuniversity, safeaiuniversity, sustainabilityuniversity","contributetotheworld, kampusberdampak, kampusswastaterbaik",0.10310048561822936,0.1441912588718715,0.1031,1.0,6.9352,1.0,0.08823429680663558,inf,0.9541857559350271,0.7150259067357513,1.0,0.8575129533678756,"#creatingthefuture, #entrepreneurialuniversity, #safeaiuniversity, #sustainabilityuniversity","#contributetotheworld, #kampusberdampak, #kampusswastaterbaik"
"entrepreneurialuniversity, safeaiuniversity, sustainabilityuniversity","contributetotheworld, kampusberdampak, kampusswastaterbaik",0.10310048561822936,0.1441912588718715,0.1031,1.0,6.9352,1.0,0.08823429680663558,inf,0.9541857559350271,0.7150259067357513,1.0,0.8575129533678756,"#entrepreneurialuniversity, #safeaiuniversity, #sustainabilityuniversity","#contributetotheworld, #kampusberdampak, #kampusswastaterbaik"
"contributetotheworld, kampusberdampak, kampusswastaterbaik",safeaiuniversity,0.1441912588718715,0.10310048561822936,0.1031,0.715,6.9352,1.0,0.08823429680663558,3.147301932285122,0.9999999999999999,0.7150259067357513,0.682267535331781,0.8575129533678756,"#contributetotheworld, #kampusberdampak, #kampusswastaterbaik",#safeaiuniversity
safeaiuniversity,"contributetotheworld, kampusberdampak, kampusswastaterbaik",0.10310048561822936,0.1441912588718715,0.1031,1.0,6.9352,1.0,0.08823429680663558,inf,0.9541857559350271,0.7150259067357513,1.0,0.8575129533678756,#safeaiuniversity,"#contributetotheworld, #kampusberdampak, #kampusswastaterbaik"
"contributetotheworld, kampusberdampak","creatingthefuture, entrepreneurialuniversity, kampusswastaterbaik, safeaiuniversity",0.14456481135599553,0.10310048561822936,0.1031,0.7132,6.9173,1.0,0.0881957833641185,3.1270280366283347,1.0,0.7131782945736433,0.6802075362655741,0.8565891472868217,"#contributetotheworld, #kampusberdampak","#creatingthefuture, #entrepreneurialuniversity, #kampusswastaterbaik, #safeaiuniversity"
"contributetotheworld, kampusberdampak","creatingthefuture, entrepreneurialuniversity, kampusswastaterbaik, safeaiuniversity, sustainabilityuniversity",0.14456481135599553,0.10310048561822936,0.1031,0.7132,6.9173,1.0,0.0881957833641185,3.1270280366283347,1.0,0.7131782945736433,0.6802075362655741,0.8565891472868217,"#contributetotheworld, #kampusberdampak","#creatingthefuture, #entrepreneurialuniversity, #kampusswastaterbaik, #safeaiuniversity, #sustainabilityuniversity"
"creatingthefuture, entrepreneurialuniversity, safeaiuniversity, sustainabilityuniversity","kampusberdampak, kampusswastaterbaik",0.10310048561822936,0.14456481135599553,0.1031,1.0,6.9173,1.0,0.0881957833641185,inf,0.9537692628071637,0.7131782945736433,1.0,0.8565891472868217,"#creatingthefuture, #entrepreneurialuniversity, #safeaiuniversity, #sustainabilityuniversity","#kampusberdampak, #kampusswastaterbaik"
"safeaiuniversity, sustainabilityuniversity","kampusberdampak, kampusswastaterbaik",0.10310048561822936,0.14456481135599553,0.1031,1.0,6.9173,1.0,0.0881957833641185,inf,0.9537692628071637,0.7131782945736433,1.0,0.8565891472868217,"#safeaiuniversity, #sustainabilityuniversity","#kampusberdampak, #kampusswastaterbaik"
"contributetotheworld, kampusberdampak","creatingthefuture, entrepreneurialuniversity, safeaiuniversity",0.14456481135599553,0.10310048561822936,0.1031,0.7132,6.9173,1.0,0.0881957833641185,3.1270280366283347,1.0,0.7131782945736433,0.6802075362655741,0.8565891472868217,"#contributetotheworld, #kampusberdampak","#creatingthefuture, #entrepreneurialuniversity, #safeaiuniversity"
"contributetotheworld, kampusberdampak","creatingthefuture, kampusswastaterbaik, safeaiuniversity, sustainabilityuniversity",0.14456481135599553,0.10310048561822936,0.1031,0.7132,6.9173,1.0,0.0881957833641185,3.1270280366283347,1.0,0.7131782945736433,0.6802075362655741,0.8565891472868217,"#contributetotheworld, #kampusberdampak","#creatingthefuture, #kampusswastaterbaik, #safeaiuniversity, #sustainabilityuniversity"
"kampusberdampak, kampusswastaterbaik","contributetotheworld, creatingthefuture, safeaiuniversity, sustainabilityuniversity",0.14456481135599553,0.10310048561822936,0.1031,0.7132,6.9173,1.0,0.0881957833641185,3.1270280366283347,1.0,0.7131782945736433,0.6802075362655741,0.8565891472868217,"#kampusberdampak, #kampusswastaterbaik","#contributetotheworld, #creatingthefuture, #safeaiuniversity, #sustainabilityuniversity"
"kampusberdampak, kampusswastaterbaik","contributetotheworld, creatingthefuture, entrepreneurialuniversity, safeaiuniversity, sustainabilityuniversity",0.14456481135599553,0.10310048561822936,0.1031,0.7132,6.9173,1.0,0.0881957833641185,3.1270280366283347,1.0,0.7131782945736433,0.6802075362655741,0.8565891472868217,"#kampusberdampak, #kampusswastaterbaik","#contributetotheworld, #creatingthefuture, #entrepreneurialuniversity, #safeaiuniversity, #sustainabilityuniversity"
"entrepreneurialuniversity, safeaiuniversity, sustainabilityuniversity","contributetotheworld, kampusberdampak",0.10310048561822936,0.14456481135599553,0.1031,1.0,6.9173,1.0,0.0881957833641185,inf,0.9537692628071637,0.7131782945736433,1.0,0.8565891472868217,"#entrepreneurialuniversity, #safeaiuniversity, #sustainabilityuniversity","#contributetotheworld, #kampusberdampak"
"creatingthefuture, entrepreneurialuniversity, safeaiuniversity","contributetotheworld, kampusberdampak",0.10310048561822936,0.14456481135599553,0.1031,1.0,6.9173,1.0,0.0881957833641185,inf,0.9537692628071637,0.7131782945736433,1.0,0.8565891472868217,"#creatingthefuture, #entrepreneurialuniversity, #safeaiuniversity","#contributetotheworld, #kampusberdampak"
"entrepreneurialuniversity, safeaiuniversity","kampusberdampak, kampusswastaterbaik",0.10310048561822936,0.14456481135599553,0.1031,1.0,6.9173,1.0,0.0881957833641185,inf,0.9537692628071637,0.7131782945736433,1.0,0.8565891472868217,"#entrepreneurialuniversity, #safeaiuniversity","#kampusberdampak, #kampusswastaterbaik"
"creatingthefuture, kampusswastaterbaik, safeaiuniversity","contributetotheworld, kampusberdampak",0.10310048561822936,0.14456481135599553,0.1031,1.0,6.9173,1.0,0.0881957833641185,inf,0.9537692628071637,0.7131782945736433,1.0,0.8565891472868217,"#creatingthefuture, #kampusswastaterbaik, #safeaiuniversity","#contributetotheworld, #kampusberdampak"
"contributetotheworld, creatingthefuture, safeaiuniversity, sustainabilityuniversity","kampusberdampak, kampusswastaterbaik",0.10310048561822936,0.14456481135599553,0.1031,1.0,6.9173,1.0,0.0881957833641185,inf,0.9537692628071637,0.7131782945736433,1.0,0.8565891472868217,"#contributetotheworld, #creatingthefuture, #safeaiuniversity, #sustainabilityuniversity","#kampusberdampak, #kampusswastaterbaik"
"contributetotheworld, safeaiuniversity","kampusberdampak, kampusswastaterbaik",0.10310048561822936,0.14456481135599553,0.1031,1.0,6.9173,1.0,0.0881957833641185,inf,0.9537692628071637,0.7131782945736433,1.0,0.8565891472868217,"#contributetotheworld, #safeaiuniversity","#kampusberdampak, #kampusswastaterbaik"
"kampusswastaterbaik, safeaiuniversity","contributetotheworld, kampusberdampak",0.10310048561822936,0.14456481135599553,0.1031,1.0,6.9173,1.0,0.0881957833641185,inf,0.9537692628071637,0.7131782945736433,1.0,0.8565891472868217,"#kampusswastaterbaik, #safeaiuniversity","#contributetotheworld, #kampusberdampak"
"creatingthefuture, safeaiuniversity, sustainabilityuniversity","contributetotheworld, kampusberdampak",0.10310048561822936,0.14456481135599553,0.1031,1.0,6.9173,1.0,0.0881957833641185,inf,0.9537692628071637,0.7131782945736433,1.0,0.8565891472868217,"#creatingthefuture, #safeaiuniversity, #sustainabilityuniversity","#contributetotheworld, #kampusberdampak"
"contributetotheworld, kampusberdampak","creatingthefuture, entrepreneurialuniversity, safeaiuniversity, sustainabilityuniversity",0.14456481135599553,0.10310048561822936,0.1031,0.7132,6.9173,1.0,0.0881957833641185,3.1270280366283347,1.0,0.7131782945736433,0.6802075362655741,0.8565891472868217,"#contributetotheworld, #kampusberdampak","#creatingthefuture, #entrepreneurialuniversity, #safeaiuniversity, #sustainabilityuniversity"
"kampusberdampak, kampusswastaterbaik","contributetotheworld, safeaiuniversity",0.14456481135599553,0.10310048561822936,0.1031,0.7132,6.9173,1.0,0.0881957833641185,3.1270280366283347,1.0,0.7131782945736433,0.6802075362655741,0.8565891472868217,"#kampusberdampak, #kampusswastaterbaik","#contributetotheworld, #safeaiuniversity"
"contributetotheworld, kampusberdampak","kampusswastaterbaik, safeaiuniversity",0.14456481135599553,0.10310048561822936,0.1031,0.7132,6.9173,1.0,0.0881957833641185,3.1270280366283347,1.0,0.7131782945736433,0.6802075362655741,0.8565891472868217,"#contributetotheworld, #kampusberdampak","#kampusswastaterbaik, #safeaiuniversity"
"contributetotheworld, creatingthefuture, entrepreneurialuniversity, safeaiuniversity, sustainabilityuniversity","kampusberdampak, kampusswastaterbaik",0.10310048561822936,0.14456481135599553,0.1031,1.0,6.9173,1.0,0.0881957833641185,inf,0.9537692628071637,0.7131782945736433,1.0,0.8565891472868217,"#contributetotheworld, #creatingthefuture, #entrepreneurialuniversity, #safeaiuniversity, #sustainabilityuniversity","#kampusberdampak, #kampusswastaterbaik"
"creatingthefuture, entrepreneurialuniversity, kampusswastaterbaik, safeaiuniversity, sustainabilityuniversity","contributetotheworld, kampusberdampak",0.10310048561822936,0.14456481135599553,0.1031,1.0,6.9173,1.0,0.0881957833641185,inf,0.9537692628071637,0.7131782945736433,1.0,0.8565891472868217,"#creatingthefuture, #entrepreneurialuniversity, #kampusswastaterbaik, #safeaiuniversity, #sustainabilityuniversity","#contributetotheworld, #kampusberdampak"
"creatingthefuture, entrepreneurialuniversity, safeaiuniversity","kampusberdampak, kampusswastaterbaik",0.10310048561822936,0.14456481135599553,0.1031,1.0,6.9173,1.0,0.0881957833641185,inf,0.9537692628071637,0.7131782945736433,1.0,0.8565891472868217,"#creatingthefuture, #entrepreneurialuniversity, #safeaiuniversity","#kampusberdampak, #kampusswastaterbaik"
"creatingthefuture, safeaiuniversity","kampusberdampak, kampusswastaterbaik",0.10310048561822936,0.14456481135599553,0.1031,1.0,6.9173,1.0,0.0881957833641185,inf,0.9537692628071637,0.7131782945736433,1.0,0.8565891472868217,"#creatingthefuture, #safeaiuniversity","#kampusberdampak, #kampusswastaterbaik"
"kampusberdampak, kampusswastaterbaik","contributetotheworld, safeaiuniversity, sustainabilityuniversity",0.14456481135599553,0.10310048561822936,0.1031,0.7132,6.9173,1.0,0.0881957833641185,3.1270280366283347,1.0,0.7131782945736433,0.6802075362655741,0.8565891472868217,"#kampusberdampak, #kampusswastaterbaik","#contributetotheworld, #safeaiuniversity, #sustainabilityuniversity"
"contributetotheworld, safeaiuniversity, sustainabilityuniversity","kampusberdampak, kampusswastaterbaik",0.10310048561822936,0.14456481135599553,0.1031,1.0,6.9173,1.0,0.0881957833641185,inf,0.9537692628071637,0.7131782945736433,1.0,0.8565891472868217,"#contributetotheworld, #safeaiuniversity, #sustainabilityuniversity","#kampusberdampak, #kampusswastaterbaik"
"kampusberdampak, kampusswastaterbaik","creatingthefuture, safeaiuniversity",0.14456481135599553,0.10310048561822936,0.1031,0.7132,6.9173,1.0,0.0881957833641185,3.1270280366283347,1.0,0.7131782945736433,0.6802075362655741,0.8565891472868217,"#kampusberdampak, #kampusswastaterbaik","#creatingthefuture, #safeaiuniversity"
"creatingthefuture, safeaiuniversity, sustainabilityuniversity","kampusberdampak, kampusswastaterbaik",0.10310048561822936,0.14456481135599553,0.1031,1.0,6.9173,1.0,0.0881957833641185,inf,0.9537692628071637,0.7131782945736433,1.0,0.8565891472868217,"#creatingthefuture, #safeaiuniversity, #sustainabilityuniversity","#kampusberdampak, #kampusswastaterbaik"
"contributetotheworld, kampusberdampak","safeaiuniversity, sustainabilityuniversity",0.14456481135599553,0.10310048561822936,0.1031,0.7132,6.9173,1.0,0.0881957833641185,3.1270280366283347,1.0,0.7131782945736433,0.6802075362655741,0.8565891472868217,"#contributetotheworld, #kampusberdampak","#safeaiuniversity, #sustainabilityuniversity"
"kampusberdampak, kampusswastaterbaik","creatingthefuture, safeaiuniversity, sustainabilityuniversity",0.14456481135599553,0.10310048561822936,0.1031,0.7132,6.9173,1.0,0.0881957833641185,3.1270280366283347,1.0,0.7131782945736433,0.6802075362655741,0.8565891472868217,"#kampusberdampak, #kampusswastaterbaik","#creatingthefuture, #safeaiuniversity, #sustainabilityuniversity"
"contributetotheworld, kampusberdampak","kampusswastaterbaik, safeaiuniversity, sustainabilityuniversity",0.14456481135599553,0.10310048561822936,0.1031,0.7132,6.9173,1.0,0.0881957833641185,3.1270280366283347,1.0,0.7131782945736433,0.6802075362655741,0.8565891472868217,"#contributetotheworld, #kampusberdampak","#kampusswastaterbaik, #safeaiuniversity, #sustainabilityuniversity"
"kampusberdampak, kampusswastaterbaik","creatingthefuture, entrepreneurialuniversity, safeaiuniversity",0.14456481135599553,0.10310048561822936,0.1031,0.7132,6.9173,1.0,0.0881957833641185,3.1270280366283347,1.0,0.7131782945736433,0.6802075362655741,0.8565891472868217,"#kampusberdampak, #kampusswastaterbaik","#creatingthefuture, #entrepreneurialuniversity, #safeaiuniversity"
"contributetotheworld, kampusberdampak","creatingthefuture, kampusswastaterbaik, safeaiuniversity",0.14456481135599553,0.10310048561822936,0.1031,0.7132,6.9173,1.0,0.0881957833641185,3.1270280366283347,1.0,0.7131782945736433,0.6802075362655741,0.8565891472868217,"#contributetotheworld, #kampusberdampak","#creatingthefuture, #kampusswastaterbaik, #safeaiuniversity"
"entrepreneurialuniversity, safeaiuniversity","contributetotheworld, kampusberdampak",0.10310048561822936,0.14456481135599553,0.1031,1.0,6.9173,1.0,0.0881957833641185,inf,0.9537692628071637,0.7131782945736433,1.0,0.8565891472868217,"#entrepreneurialuniversity, #safeaiuniversity","#contributetotheworld, #kampusberdampak"
"contributetotheworld, kampusberdampak","entrepreneurialuniversity, safeaiuniversity",0.14456481135599553,0.10310048561822936,0.1031,0.7132,6.9173,1.0,0.0881957833641185,3.1270280366283347,1.0,0.7131782945736433,0.6802075362655741,0.8565891472868217,"#contributetotheworld, #kampusberdampak","#entrepreneurialuniversity, #safeaiuniversity"
safeaiuniversity,"contributetotheworld, kampusberdampak",0.10310048561822936,0.14456481135599553,0.1031,1.0,6.9173,1.0,0.0881957833641185,inf,0.9537692628071637,0.7131782945736433,1.0,0.8565891472868217,#safeaiuniversity,"#contributetotheworld, #kampusberdampak"
"kampusswastaterbaik, safeaiuniversity, sustainabilityuniversity","contributetotheworld, kampusberdampak",0.10310048561822936,0.14456481135599553,0.1031,1.0,6.9173,1.0,0.0881957833641185,inf,0.9537692628071637,0.7131782945736433,1.0,0.8565891472868217,"#kampusswastaterbaik, #safeaiuniversity, #sustainabilityuniversity","#contributetotheworld, #kampusberdampak"
"contributetotheworld, kampusberdampak","entrepreneurialuniversity, kampusswastaterbaik, safeaiuniversity, sustainabilityuniversity",0.14456481135599553,0.10310048561822936,0.1031,0.7132,6.9173,1.0,0.0881957833641185,3.1270280366283347,1.0,0.7131782945736433,0.6802075362655741,0.8565891472868217,"#contributetotheworld, #kampusberdampak","#entrepreneurialuniversity, #kampusswastaterbaik, #safeaiuniversity, #sustainabilityuniversity"
"creatingthefuture, safeaiuniversity","contributetotheworld, kampusberdampak",0.10310048561822936,0.14456481135599553,0.1031,1.0,6.9173,1.0,0.0881957833641185,inf,0.9537692628071637,0.7131782945736433,1.0,0.8565891472868217,"#creatingthefuture, #safeaiuniversity","#contributetotheworld, #kampusberdampak"
"kampusberdampak, kampusswastaterbaik","entrepreneurialuniversity, safeaiuniversity, sustainabilityuniversity",0.14456481135599553,0.10310048561822936,0.1031,0.7132,6.9173,1.0,0.0881957833641185,3.1270280366283347,1.0,0.7131782945736433,0.6802075362655741,0.8565891472868217,"#kampusberdampak, #kampusswastaterbaik","#entrepreneurialuniversity, #safeaiuniversity, #sustainabilityuniversity"
"kampusberdampak, kampusswastaterbaik","entrepreneurialuniversity, safeaiuniversity",0.14456481135599553,0.10310048561822936,0.1031,0.7132,6.9173,1.0,0.0881957833641185,3.1270280366283347,1.0,0.7131782945736433,0.6802075362655741,0.8565891472868217,"#kampusberdampak, #kampusswastaterbaik","#entrepreneurialuniversity, #safeaiuniversity"
"kampusberdampak, kampusswastaterbaik","contributetotheworld, creatingthefuture, safeaiuniversity",0.14456481135599553,0.10310048561822936,0.1031,0.7132,6.9173,1.0,0.0881957833641185,3.1270280366283347,1.0,0.7131782945736433,0.6802075362655741,0.8565891472868217,"#kampusberdampak, #kampusswastaterbaik","#contributetotheworld, #creatingthefuture, #safeaiuniversity"
"contributetotheworld, kampusberdampak",safeaiuniversity,0.14456481135599553,0.10310048561822936,0.1031,0.7132,6.9173,1.0,0.0881957833641185,3.1270280366283347,1.0,0.7131782945736433,0.6802075362655741,0.8565891472868217,"#contributetotheworld, #kampusberdampak",#safeaiuniversity
"creatingthefuture, kampusswastaterbaik, safeaiuniversity, sustainabilityuniversity","contributetotheworld, kampusberdampak",0.10310048561822936,0.14456481135599553,0.1031,1.0,6.9173,1.0,0.0881957833641185,inf,0.9537692628071637,0.7131782945736433,1.0,0.8565891472868217,"#creatingthefuture, #kampusswastaterbaik, #safeaiuniversity, #sustainabilityuniversity","#contributetotheworld, #kampusberdampak"
"contributetotheworld, creatingthefuture, safeaiuniversity","kampusberdampak, kampusswastaterbaik",0.10310048561822936,0.14456481135599553,0.1031,1.0,6.9173,1.0,0.0881957833641185,inf,0.9537692628071637,0.7131782945736433,1.0,0.8565891472868217,"#contributetotheworld, #creatingthefuture, #safeaiuniversity","#kampusberdampak, #kampusswastaterbaik"
"creatingthefuture, entrepreneurialuniversity, safeaiuniversity, sustainabilityuniversity","contributetotheworld, kampusberdampak",0.10310048561822936,0.14456481135599553,0.1031,1.0,6.9173,1.0,0.0881957833641185,inf,0.9537692628071637,0.7131782945736433,1.0,0.8565891472868217,"#creatingthefuture, #entrepreneurialuniversity, #safeaiuniversity, #sustainabilityuniversity","#contributetotheworld, #kampusberdampak"
"contributetotheworld, entrepreneurialuniversity, safeaiuniversity, sustainabilityuniversity","kampusberdampak, kampusswastaterbaik",0.10310048561822936,0.14456481135599553,0.1031,1.0,6.9173,1.0,0.0881957833641185,inf,0.9537692628071637,0.7131782945736433,1.0,0.8565891472868217,"#contributetotheworld, #entrepreneurialuniversity, #safeaiuniversity, #sustainabilityuniversity","#kampusberdampak, #kampusswastaterbaik"
"contributetotheworld, creatingthefuture, entrepreneurialuniversity, safeaiuniversity","kampusberdampak, kampusswastaterbaik",0.10310048561822936,0.14456481135599553,0.1031,1.0,6.9173,1.0,0.0881957833641185,inf,0.9537692628071637,0.7131782945736433,1.0,0.8565891472868217,"#contributetotheworld, #creatingthefuture, #entrepreneurialuniversity, #safeaiuniversity","#kampusberdampak, #kampusswastaterbaik"
"contributetotheworld, kampusberdampak","entrepreneurialuniversity, safeaiuniversity, sustainabilityuniversity",0.14456481135599553,0.10310048561822936,0.1031,0.7132,6.9173,1.0,0.0881957833641185,3.1270280366283347,1.0,0.7131782945736433,0.6802075362655741,0.8565891472868217,"#contributetotheworld, #kampusberdampak","#entrepreneurialuniversity, #safeaiuniversity, #sustainabilityuniversity"
"contributetotheworld, entrepreneurialuniversity, safeaiuniversity","kampusberdampak, kampusswastaterbaik",0.10310048561822936,0.14456481135599553,0.1031,1.0,6.9173,1.0,0.0881957833641185,inf,0.9537692628071637,0.7131782945736433,1.0,0.8565891472868217,"#contributetotheworld, #entrepreneurialuniversity, #safeaiuniversity","#kampusberdampak, #kampusswastaterbaik"
"kampusberdampak, kampusswastaterbaik","creatingthefuture, entrepreneurialuniversity, safeaiuniversity, sustainabilityuniversity",0.14456481135599553,0.10310048561822936,0.1031,0.7132,6.9173,1.0,0.0881957833641185,3.1270280366283347,1.0,0.7131782945736433,0.6802075362655741,0.8565891472868217,"#kampusberdampak, #kampusswastaterbaik","#creatingthefuture, #entrepreneurialuniversity, #safeaiuniversity, #sustainabilityuniversity"
"kampusberdampak, kampusswastaterbaik","contributetotheworld, creatingthefuture, entrepreneurialuniversity, safeaiuniversity",0.14456481135599553,0.10310048561822936,0.1031,0.7132,6.9173,1.0,0.0881957833641185,3.1270280366283347,1.0,0.7131782945736433,0.6802075362655741,0.8565891472868217,"#kampusberdampak, #kampusswastaterbaik","#contributetotheworld, #creatingthefuture, #entrepreneurialuniversity, #safeaiuniversity"
"kampusberdampak, kampusswastaterbaik","contributetotheworld, entrepreneurialuniversity, safeaiuniversity",0.14456481135599553,0.10310048561822936,0.1031,0.7132,6.9173,1.0,0.0881957833641185,3.1270280366283347,1.0,0.7131782945736433,0.6802075362655741,0.8565891472868217,"#kampusberdampak, #kampusswastaterbaik","#contributetotheworld, #entrepreneurialuniversity, #safeaiuniversity"
"contributetotheworld, kampusberdampak","entrepreneurialuniversity, kampusswastaterbaik, safeaiuniversity",0.14456481135599553,0.10310048561822936,0.1031,0.7132,6.9173,1.0,0.0881957833641185,3.1270280366283347,1.0,0.7131782945736433,0.6802075362655741,0.8565891472868217,"#contributetotheworld, #kampusberdampak","#entrepreneurialuniversity, #kampusswastaterbaik, #safeaiuniversity"
"kampusberdampak, kampusswastaterbaik","contributetotheworld, entrepreneurialuniversity, safeaiuniversity, sustainabilityuniversity",0.14456481135599553,0.10310048561822936,0.1031,0.7132,6.9173,1.0,0.0881957833641185,3.1270280366283347,1.0,0.7131782945736433,0.6802075362655741,0.8565891472868217,"#kampusberdampak, #kampusswastaterbaik","#contributetotheworld, #entrepreneurialuniversity, #safeaiuniversity, #sustainabilityuniversity"
"contributetotheworld, kampusberdampak","creatingthefuture, safeaiuniversity",0.14456481135599553,0.10310048561822936,0.1031,0.7132,6.9173,1.0,0.0881957833641185,3.1270280366283347,1.0,0.7131782945736433,0.6802075362655741,0.8565891472868217,"#contributetotheworld, #kampusberdampak","#creatingthefuture, #safeaiuniversity"
"safeaiuniversity, sustainabilityuniversity","contributetotheworld, kampusberdampak",0.10310048561822936,0.14456481135599553,0.1031,1.0,6.9173,1.0,0.0881957833641185,inf,0.9537692628071637,0.7131782945736433,1.0,0.8565891472868217,"#safeaiuniversity, #sustainabilityuniversity","#contributetotheworld, #kampusberdampak"
"entrepreneurialuniversity, safeaiuniversity, sustainabilityuniversity","kampusberdampak, kampusswastaterbaik",0.10310048561822936,0.14456481135599553,0.1031,1.0,6.9173,1.0,0.0881957833641185,inf,0.9537692628071637,0.7131782945736433,1.0,0.8565891472868217,"#entrepreneurialuniversity, #safeaiuniversity, #sustainabilityuniversity","#kampusberdampak, #kampusswastaterbaik"
"kampusberdampak, kampusswastaterbaik",safeaiuniversity,0.14456481135599553,0.10310048561822936,0.1031,0.7132,6.9173,1.0,0.0881957833641185,3.1270280366283347,1.0,0.7131782945736433,0.6802075362655741,0.8565891472868217,"#kampusberdampak, #kampusswastaterbaik",#safeaiuniversity
safeaiuniversity,"kampusberdampak, kampusswastaterbaik",0.10310048561822936,0.14456481135599553,0.1031,1.0,6.9173,1.0,0.0881957833641185,inf,0.9537692628071637,0.7131782945736433,1.0,0.8565891472868217,#safeaiuniversity,"#kampusberdampak, #kampusswastaterbaik"
"kampusberdampak, kampusswastaterbaik","safeaiuniversity, sustainabilityuniversity",0.14456481135599553,0.10310048561822936,0.1031,0.7132,6.9173,1.0,0.0881957833641185,3.1270280366283347,1.0,0.7131782945736433,0.6802075362655741,0.8565891472868217,"#kampusberdampak, #kampusswastaterbaik","#safeaiuniversity, #sustainabilityuniversity"
"entrepreneurialuniversity, kampusswastaterbaik, safeaiuniversity, sustainabilityuniversity","contributetotheworld, kampusberdampak",0.10310048561822936,0.14456481135599553,0.1031,1.0,6.9173,1.0,0.0881957833641185,inf,0.9537692628071637,0.7131782945736433,1.0,0.8565891472868217,"#entrepreneurialuniversity, #kampusswastaterbaik, #safeaiuniversity, #sustainabilityuniversity","#contributetotheworld, #kampusberdampak"
"creatingthefuture, entrepreneurialuniversity, kampusswastaterbaik, safeaiuniversity","contributetotheworld, kampusberdampak",0.10310048561822936,0.14456481135599553,0.1031,1.0,6.9173,1.0,0.0881957833641185,inf,0.9537692628071637,0.7131782945736433,1.0,0.8565891472868217,"#creatingthefuture, #entrepreneurialuniversity, #kampusswastaterbaik, #safeaiuniversity","#contributetotheworld, #kampusberdampak"
"contributetotheworld, kampusberdampak","creatingthefuture, safeaiuniversity, sustainabilityuniversity",0.14456481135599553,0.10310048561822936,0.1031,0.7132,6.9173,1.0,0.0881957833641185,3.1270280366283347,1.0,0.7131782945736433,0.6802075362655741,0.8565891472868217,"#contributetotheworld, #kampusberdampak","#creatingthefuture, #safeaiuniversity, #sustainabilityuniversity"
"entrepreneurialuniversity, kampusswastaterbaik, safeaiuniversity","contributetotheworld, kampusberdampak",0.10310048561822936,0.14456481135599553,0.1031,1.0,6.9173,1.0,0.0881957833641185,inf,0.9537692628071637,0.7131782945736433,1.0,0.8565891472868217,"#entrepreneurialuniversity, #kampusswastaterbaik, #safeaiuniversity","#contributetotheworld, #kampusberdampak"
sobatmudamendunia,muhammadiyah,0.033993276055285765,0.11019798281658573,0.0258,0.7582,6.8807,1.0,0.022029130953937506,3.6805447074404873,0.884741697210173,0.21766561514195581,0.7283010859837057,0.49607003166325203,#sobatmudamendunia,#muhammadiyah
"creatingthefuture, entrepreneurialuniversity, kampusberdampak","contributetotheworld, kampusswastaterbaik",0.10347403810235338,0.1751961150541651,0.1035,1.0,5.7079,1.0,0.08534578861785441,inf,0.92,0.5906183368869936,1.0,0.7953091684434968,"#creatingthefuture, #entrepreneurialuniversity, #kampusberdampak","#contributetotheworld, #kampusswastaterbaik"
"contributetotheworld, kampusswastaterbaik","entrepreneurialuniversity, kampusberdampak, safeaiuniversity",0.1751961150541651,0.10310048561822936,0.1031,0.5885,5.7079,1.0,0.08503768107771775,2.179512291425132,1.0,0.5884861407249468,0.5411817570681726,0.7942430703624734,"#contributetotheworld, #kampusswastaterbaik","#entrepreneurialuniversity, #kampusberdampak, #safeaiuniversity"
"contributetotheworld, kampusswastaterbaik","creatingthefuture, kampusberdampak, safeaiuniversity, sustainabilityuniversity",0.1751961150541651,0.10310048561822936,0.1031,0.5885,5.7079,1.0,0.08503768107771775,2.179512291425132,1.0,0.5884861407249468,0.5411817570681726,0.7942430703624734,"#contributetotheworld, #kampusswastaterbaik","#creatingthefuture, #kampusberdampak, #safeaiuniversity, #sustainabilityuniversity"
"creatingthefuture, kampusberdampak, safeaiuniversity","contributetotheworld, kampusswastaterbaik",0.10310048561822936,0.1751961150541651,0.1031,1.0,5.7079,1.0,0.08503768107771775,inf,0.9196168263223657,0.5884861407249468,1.0,0.7942430703624734,"#creatingthefuture, #kampusberdampak, #safeaiuniversity","#contributetotheworld, #kampusswastaterbaik"
"creatingthefuture, kampusberdampak, safeaiuniversity, sustainabilityuniversity","contributetotheworld, kampusswastaterbaik",0.10310048561822936,0.1751961150541651,0.1031,1.0,5.7079,1.0,0.08503768107771775,inf,0.9196168263223657,0.5884861407249468,1.0,0.7942430703624734,"#creatingthefuture, #kampusberdampak, #safeaiuniversity, #sustainabilityuniversity","#contributetotheworld, #kampusswastaterbaik"
"contributetotheworld, kampusswastaterbaik","entrepreneurialuniversity, kampusberdampak",0.1751961150541651,0.10347403810235338,0.1035,0.5906,5.7079,1.0,0.08534578861785441,2.189951438177064,1.0,0.5906183368869936,0.5433688699360341,0.7953091684434968,"#contributetotheworld, #kampusswastaterbaik","#entrepreneurialuniversity, #kampusberdampak"
"creatingthefuture, kampusberdampak, sustainabilityuniversity","contributetotheworld, kampusswastaterbaik",0.10347403810235338,0.1751961150541651,0.1035,1.0,5.7079,1.0,0.08534578861785441,inf,0.92,0.5906183368869936,1.0,0.7953091684434968,"#creatingthefuture, #kampusberdampak, #sustainabilityuniversity","#contributetotheworld, #kampusswastaterbaik"
"entrepreneurialuniversity, safeaiuniversity","contributetotheworld, kampusswastaterbaik",0.10310048561822936,0.1751961150541651,0.1031,1.0,5.7079,1.0,0.08503768107771775,inf,0.9196168263223657,0.5884861407249468,1.0,0.7942430703624734,"#entrepreneurialuniversity, #safeaiuniversity","#contributetotheworld, #kampusswastaterbaik"
"contributetotheworld, kampusswastaterbaik","entrepreneurialuniversity, safeaiuniversity",0.1751961150541651,0.10310048561822936,0.1031,0.5885,5.7079,1.0,0.08503768107771775,2.179512291425132,1.0,0.5884861407249468,0.5411817570681726,0.7942430703624734,"#contributetotheworld, #kampusswastaterbaik","#entrepreneurialuniversity, #safeaiuniversity"
"contributetotheworld, kampusswastaterbaik","creatingthefuture, entrepreneurialuniversity, safeaiuniversity, sustainabilityuniversity",0.1751961150541651,0.10310048561822936,0.1031,0.5885,5.7079,1.0,0.08503768107771775,2.179512291425132,1.0,0.5884861407249468,0.5411817570681726,0.7942430703624734,"#contributetotheworld, #kampusswastaterbaik","#creatingthefuture, #entrepreneurialuniversity, #safeaiuniversity, #sustainabilityuniversity"
"contributetotheworld, kampusswastaterbaik","kampusberdampak, safeaiuniversity, sustainabilityuniversity",0.1751961150541651,0.10310048561822936,0.1031,0.5885,5.7079,1.0,0.08503768107771775,2.179512291425132,1.0,0.5884861407249468,0.5411817570681726,0.7942430703624734,"#contributetotheworld, #kampusswastaterbaik","#kampusberdampak, #safeaiuniversity, #sustainabilityuniversity"
"contributetotheworld, kampusswastaterbaik","creatingthefuture, kampusberdampak, safeaiuniversity",0.1751961150541651,0.10310048561822936,0.1031,0.5885,5.7079,1.0,0.08503768107771775,2.179512291425132,1.0,0.5884861407249468,0.5411817570681726,0.7942430703624734,"#contributetotheworld, #kampusswastaterbaik","#creatingthefuture, #kampusberdampak, #safeaiuniversity"
"contributetotheworld, kampusswastaterbaik","kampusberdampak, safeaiuniversity",0.1751961150541651,0.10310048561822936,0.1031,0.5885,5.7079,1.0,0.08503768107771775,2.179512291425132,1.0,0.5884861407249468,0.5411817570681726,0.7942430703624734,"#contributetotheworld, #kampusswastaterbaik","#kampusberdampak, #safeaiuniversity"
"kampusberdampak, safeaiuniversity","contributetotheworld, kampusswastaterbaik",0.10310048561822936,0.1751961150541651,0.1031,1.0,5.7079,1.0,0.08503768107771775,inf,0.9196168263223657,0.5884861407249468,1.0,0.7942430703624734,"#kampusberdampak, #safeaiuniversity","#contributetotheworld, #kampusswastaterbaik"
"creatingthefuture, entrepreneurialuniversity, kampusberdampak, safeaiuniversity, sustainabilityuniversity","contributetotheworld, kampusswastaterbaik",0.10310048561822936,0.1751961150541651,0.1031,1.0,5.7079,1.0,0.08503768107771775,inf,0.9196168263223657,0.5884861407249468,1.0,0.7942430703624734,"#creatingthefuture, #entrepreneurialuniversity, #kampusberdampak, #safeaiuniversity, #sustainabilityuniversity","#contributetotheworld, #kampusswastaterbaik"
"entrepreneurialuniversity, safeaiuniversity, sustainabilityuniversity","contributetotheworld, kampusswastaterbaik",0.10310048561822936,0.1751961150541651,0.1031,1.0,5.7079,1.0,0.08503768107771775,inf,0.9196168263223657,0.5884861407249468,1.0,0.7942430703624734,"#entrepreneurialuniversity, #safeaiuniversity, #sustainabilityuniversity","#contributetotheworld, #kampusswastaterbaik"
"contributetotheworld, kampusswastaterbaik","creatingthefuture, safeaiuniversity",0.1751961150541651,0.10310048561822936,0.1031,0.5885,5.7079,1.0,0.08503768107771775,2.179512291425132,1.0,0.5884861407249468,0.5411817570681726,0.7942430703624734,"#contributetotheworld, #kampusswastaterbaik","#creatingthefuture, #safeaiuniversity"
"creatingthefuture, safeaiuniversity","contributetotheworld, kampusswastaterbaik",0.10310048561822936,0.1751961150541651,0.1031,1.0,5.7079,1.0,0.08503768107771775,inf,0.9196168263223657,0.5884861407249468,1.0,0.7942430703624734,"#creatingthefuture, #safeaiuniversity","#contributetotheworld, #kampusswastaterbaik"
"kampusberdampak, safeaiuniversity, sustainabilityuniversity","contributetotheworld, kampusswastaterbaik",0.10310048561822936,0.1751961150541651,0.1031,1.0,5.7079,1.0,0.08503768107771775,inf,0.9196168263223657,0.5884861407249468,1.0,0.7942430703624734,"#kampusberdampak, #safeaiuniversity, #sustainabilityuniversity","#contributetotheworld, #kampusswastaterbaik"
"contributetotheworld, kampusswastaterbaik","entrepreneurialuniversity, kampusberdampak, safeaiuniversity, sustainabilityuniversity",0.1751961150541651,0.10310048561822936,0.1031,0.5885,5.7079,1.0,0.08503768107771775,2.179512291425132,1.0,0.5884861407249468,0.5411817570681726,0.7942430703624734,"#contributetotheworld, #kampusswastaterbaik","#entrepreneurialuniversity, #kampusberdampak, #safeaiuniversity, #sustainabilityuniversity"
"entrepreneurialuniversity, kampusberdampak","contributetotheworld, kampusswastaterbaik",0.10347403810235338,0.1751961150541651,0.1035,1.0,5.7079,1.0,0.08534578861785441,inf,0.92,0.5906183368869936,1.0,0.7953091684434968,"#entrepreneurialuniversity, #kampusberdampak","#contributetotheworld, #kampusswastaterbaik"
"contributetotheworld, kampusswastaterbaik","creatingthefuture, entrepreneurialuniversity, kampusberdampak",0.1751961150541651,0.10347403810235338,0.1035,0.5906,5.7079,1.0,0.08534578861785441,2.189951438177064,1.0,0.5906183368869936,0.5433688699360341,0.7953091684434968,"#contributetotheworld, #kampusswastaterbaik","#creatingthefuture, #entrepreneurialuniversity, #kampusberdampak"
"contributetotheworld, kampusswastaterbaik","creatingthefuture, entrepreneurialuniversity, safeaiuniversity",0.1751961150541651,0.10310048561822936,0.1031,0.5885,5.7079,1.0,0.08503768107771775,2.179512291425132,1.0,0.5884861407249468,0.5411817570681726,0.7942430703624734,"#contributetotheworld, #kampusswastaterbaik","#creatingthefuture, #entrepreneurialuniversity, #safeaiuniversity"
"creatingthefuture, entrepreneurialuniversity, kampusberdampak, safeaiuniversity","contributetotheworld, kampusswastaterbaik",0.10310048561822936,0.1751961150541651,0.1031,1.0,5.7079,1.0,0.08503768107771775,inf,0.9196168263223657,0.5884861407249468,1.0,0.7942430703624734,"#creatingthefuture, #entrepreneurialuniversity, #kampusberdampak, #safeaiuniversity","#contributetotheworld, #kampusswastaterbaik"
"contributetotheworld, kampusswastaterbaik","entrepreneurialuniversity, safeaiuniversity, sustainabilityuniversity",0.1751961150541651,0.10310048561822936,0.1031,0.5885,5.7079,1.0,0.08503768107771775,2.179512291425132,1.0,0.5884861407249468,0.5411817570681726,0.7942430703624734,"#contributetotheworld, #kampusswastaterbaik","#entrepreneurialuniversity, #safeaiuniversity, #sustainabilityuniversity"
"contributetotheworld, kampusswastaterbaik","kampusberdampak, sustainabilityuniversity",0.1751961150541651,0.10347403810235338,0.1035,0.5906,5.7079,1.0,0.08534578861785441,2.189951438177064,1.0,0.5906183368869936,0.5433688699360341,0.7953091684434968,"#contributetotheworld, #kampusswastaterbaik","#kampusberdampak, #sustainabilityuniversity"
"contributetotheworld, kampusswastaterbaik","creatingthefuture, kampusberdampak, sustainabilityuniversity",0.1751961150541651,0.10347403810235338,0.1035,0.5906,5.7079,1.0,0.08534578861785441,2.189951438177064,1.0,0.5906183368869936,0.5433688699360341,0.7953091684434968,"#contributetotheworld, #kampusswastaterbaik","#creatingthefuture, #kampusberdampak, #sustainabilityuniversity"
"entrepreneurialuniversity, kampusberdampak, safeaiuniversity, sustainabilityuniversity","contributetotheworld, kampusswastaterbaik",0.10310048561822936,0.1751961150541651,0.1031,1.0,5.7079,1.0,0.08503768107771775,inf,0.9196168263223657,0.5884861407249468,1.0,0.7942430703624734,"#entrepreneurialuniversity, #kampusberdampak, #safeaiuniversity, #sustainabilityuniversity","#contributetotheworld, #kampusswastaterbaik"
"safeaiuniversity, sustainabilityuniversity","contributetotheworld, kampusswastaterbaik",0.10310048561822936,0.1751961150541651,0.1031,1.0,5.7079,1.0,0.08503768107771775,inf,0.9196168263223657,0.5884861407249468,1.0,0.7942430703624734,"#safeaiuniversity, #sustainabilityuniversity","#contributetotheworld, #kampusswastaterbaik"
"contributetotheworld, kampusswastaterbaik","safeaiuniversity, sustainabilityuniversity",0.1751961150541651,0.10310048561822936,0.1031,0.5885,5.7079,1.0,0.08503768107771775,2.179512291425132,1.0,0.5884861407249468,0.5411817570681726,0.7942430703624734,"#contributetotheworld, #kampusswastaterbaik","#safeaiuniversity, #sustainabilityuniversity"
"kampusberdampak, sustainabilityuniversity","contributetotheworld, kampusswastaterbaik",0.10347403810235338,0.1751961150541651,0.1035,1.0,5.7079,1.0,0.08534578861785441,inf,0.92,0.5906183368869936,1.0,0.7953091684434968,"#kampusberdampak, #sustainabilityuniversity","#contributetotheworld, #kampusswastaterbaik"
"contributetotheworld, kampusswastaterbaik","creatingthefuture, safeaiuniversity, sustainabilityuniversity",0.1751961150541651,0.10310048561822936,0.1031,0.5885,5.7079,1.0,0.08503768107771775,2.179512291425132,1.0,0.5884861407249468,0.5411817570681726,0.7942430703624734,"#contributetotheworld, #kampusswastaterbaik","#creatingthefuture, #safeaiuniversity, #sustainabilityuniversity"
"creatingthefuture, safeaiuniversity, sustainabilityuniversity","contributetotheworld, kampusswastaterbaik",0.10310048561822936,0.1751961150541651,0.1031,1.0,5.7079,1.0,0.08503768107771775,inf,0.9196168263223657,0.5884861407249468,1.0,0.7942430703624734,"#creatingthefuture, #safeaiuniversity, #sustainabilityuniversity","#contributetotheworld, #kampusswastaterbaik"
"entrepreneurialuniversity, kampusberdampak, safeaiuniversity","contributetotheworld, kampusswastaterbaik",0.10310048561822936,0.1751961150541651,0.1031,1.0,5.7079,1.0,0.08503768107771775,inf,0.9196168263223657,0.5884861407249468,1.0,0.7942430703624734,"#entrepreneurialuniversity, #kampusberdampak, #safeaiuniversity","#contributetotheworld, #kampusswastaterbaik"
"contributetotheworld, kampusswastaterbaik","creatingthefuture, entrepreneurialuniversity, kampusberdampak, sustainabilityuniversity",0.1751961150541651,0.10347403810235338,0.1035,0.5906,5.7079,1.0,0.08534578861785441,2.189951438177064,1.0,0.5906183368869936,0.5433688699360341,0.7953091684434968,"#contributetotheworld, #kampusswastaterbaik","#creatingthefuture, #entrepreneurialuniversity, #kampusberdampak, #sustainabilityuniversity"
"creatingthefuture, entrepreneurialuniversity, safeaiuniversity, sustainabilityuniversity","contributetotheworld, kampusswastaterbaik",0.10310048561822936,0.1751961150541651,0.1031,1.0,5.7079,1.0,0.08503768107771775,inf,0.9196168263223657,0.5884861407249468,1.0,0.7942430703624734,"#creatingthefuture, #entrepreneurialuniversity, #safeaiuniversity, #sustainabilityuniversity","#contributetotheworld, #kampusswastaterbaik"
"entrepreneurialuniversity, kampusberdampak, sustainabilityuniversity","contributetotheworld, kampusswastaterbaik",0.10347403810235338,0.1751961150541651,0.1035,1.0,5.7079,1.0,0.08534578861785441,inf,0.92,0.5906183368869936,1.0,0.7953091684434968,"#entrepreneurialuniversity, #kampusberdampak, #sustainabilityuniversity","#contributetotheworld, #kampusswastaterbaik"
safeaiuniversity,"contributetotheworld, kampusswastaterbaik",0.10310048561822936,0.1751961150541651,0.1031,1.0,5.7079,1.0,0.08503768107771775,inf,0.9196168263223657,0.5884861407249468,1.0,0.7942430703624734,#safeaiuniversity,"#contributetotheworld, #kampusswastaterbaik"
"contributetotheworld, kampusswastaterbaik",safeaiuniversity,0.1751961150541651,0.10310048561822936,0.1031,0.5885,5.7079,1.0,0.08503768107771775,2.179512291425132,1.0,0.5884861407249468,0.5411817570681726,0.7942430703624734,"#contributetotheworld, #kampusswastaterbaik",#safeaiuniversity
"contributetotheworld, kampusswastaterbaik","entrepreneurialuniversity, kampusberdampak, sustainabilityuniversity",0.1751961150541651,0.10347403810235338,0.1035,0.5906,5.7079,1.0,0.08534578861785441,2.189951438177064,1.0,0.5906183368869936,0.5433688699360341,0.7953091684434968,"#contributetotheworld, #kampusswastaterbaik","#entrepreneurialuniversity, #kampusberdampak, #sustainabilityuniversity"
"creatingthefuture, entrepreneurialuniversity, safeaiuniversity","contributetotheworld, kampusswastaterbaik",0.10310048561822936,0.1751961150541651,0.1031,1.0,5.7079,1.0,0.08503768107771775,inf,0.9196168263223657,0.5884861407249468,1.0,0.7942430703624734,"#creatingthefuture, #entrepreneurialuniversity, #safeaiuniversity","#contributetotheworld, #kampusswastaterbaik"
"creatingthefuture, entrepreneurialuniversity, kampusberdampak, sustainabilityuniversity","contributetotheworld, kampusswastaterbaik",0.10347403810235338,0.1751961150541651,0.1035,1.0,5.7079,1.0,0.08534578861785441,inf,0.92,0.5906183368869936,1.0,0.7953091684434968,"#creatingthefuture, #entrepreneurialuniversity, #kampusberdampak, #sustainabilityuniversity","#contributetotheworld, #kampusswastaterbaik"
"contributetotheworld, kampusswastaterbaik","creatingthefuture, entrepreneurialuniversity, kampusberdampak, safeaiuniversity",0.1751961150541651,0.10310048561822936,0.1031,0.5885,5.7079,1.0,0.08503768107771775,2.179512291425132,1.0,0.5884861407249468,0.5411817570681726,0.7942430703624734,"#contributetotheworld, #kampusswastaterbaik","#creatingthefuture, #entrepreneurialuniversity, #kampusberdampak, #safeaiuniversity"
"contributetotheworld, kampusswastaterbaik","creatingthefuture, entrepreneurialuniversity, kampusberdampak, safeaiuniversity, sustainabilityuniversity",0.1751961150541651,0.10310048561822936,0.1031,0.5885,5.7079,1.0,0.08503768107771775,2.179512291425132,1.0,0.5884861407249468,0.5411817570681726,0.7942430703624734,"#contributetotheworld, #kampusswastaterbaik","#creatingthefuture, #entrepreneurialuniversity, #kampusberdampak, #safeaiuniversity, #sustainabilityuniversity"
"creatingthefuture, kampusberdampak","contributetotheworld, kampusswastaterbaik",0.1038475905864774,0.1751961150541651,0.1035,0.9964,5.6874,1.0,0.08528034367386705,229.29548001494354,0.9196777237206237,0.5893617021276596,0.9956388150349286,0.7935106072924176,"#creatingthefuture, #kampusberdampak","#contributetotheworld, #kampusswastaterbaik"
"contributetotheworld, kampusswastaterbaik","creatingthefuture, kampusberdampak",0.1751961150541651,0.1038475905864774,0.1035,0.5906,5.6874,1.0,0.08528034367386705,2.1890389584111567,0.9992331789881232,0.5893617021276596,0.5431785276558907,0.7935106072924176,"#contributetotheworld, #kampusswastaterbaik","#creatingthefuture, #kampusberdampak"
"creatingthefuture, entrepreneurialuniversity, safeaiuniversity",contributetotheworld,0.10310048561822936,0.17631677250653716,0.1031,1.0,5.6716,1.0,0.0849221407501665,inf,0.9183673469387755,0.5847457627118644,1.0,0.7923728813559322,"#creatingthefuture, #entrepreneurialuniversity, #safeaiuniversity",#contributetotheworld
"entrepreneurialuniversity, kampusberdampak, kampusswastaterbaik, safeaiuniversity, sustainabilityuniversity",contributetotheworld,0.10310048561822936,0.17631677250653716,0.1031,1.0,5.6716,1.0,0.0849221407501665,inf,0.9183673469387755,0.5847457627118644,1.0,0.7923728813559322,"#entrepreneurialuniversity, #kampusberdampak, #kampusswastaterbaik, #safeaiuniversity, #sustainabilityuniversity",#contributetotheworld
"creatingthefuture, entrepreneurialuniversity, kampusberdampak, kampusswastaterbaik, safeaiuniversity",contributetotheworld,0.10310048561822936,0.17631677250653716,0.1031,1.0,5.6716,1.0,0.0849221407501665,inf,0.9183673469387755,0.5847457627118644,1.0,0.7923728813559322,"#creatingthefuture, #entrepreneurialuniversity, #kampusberdampak, #kampusswastaterbaik, #safeaiuniversity",#contributetotheworld
"creatingthefuture, kampusberdampak, safeaiuniversity",contributetotheworld,0.10310048561822936,0.17631677250653716,0.1031,1.0,5.6716,1.0,0.0849221407501665,inf,0.9183673469387755,0.5847457627118644,1.0,0.7923728813559322,"#creatingthefuture, #kampusberdampak, #safeaiuniversity",#contributetotheworld
"creatingthefuture, entrepreneurialuniversity, kampusberdampak",contributetotheworld,0.10347403810235338,0.17631677250653716,0.1035,1.0,5.6716,1.0,0.08522982966592799,inf,0.9187500000000001,0.586864406779661,1.0,0.7934322033898304,"#creatingthefuture, #entrepreneurialuniversity, #kampusberdampak",#contributetotheworld
"creatingthefuture, entrepreneurialuniversity, kampusberdampak, kampusswastaterbaik, sustainabilityuniversity",contributetotheworld,0.10347403810235338,0.17631677250653716,0.1035,1.0,5.6716,1.0,0.08522982966592799,inf,0.9187500000000001,0.586864406779661,1.0,0.7934322033898304,"#creatingthefuture, #entrepreneurialuniversity, #kampusberdampak, #kampusswastaterbaik, #sustainabilityuniversity",#contributetotheworld
"entrepreneurialuniversity, kampusberdampak, safeaiuniversity",contributetotheworld,0.10310048561822936,0.17631677250653716,0.1031,1.0,5.6716,1.0,0.0849221407501665,inf,0.9183673469387755,0.5847457627118644,1.0,0.7923728813559322,"#entrepreneurialuniversity, #kampusberdampak, #safeaiuniversity",#contributetotheworld
"entrepreneurialuniversity, kampusswastaterbaik, safeaiuniversity",contributetotheworld,0.10310048561822936,0.17631677250653716,0.1031,1.0,5.6716,1.0,0.0849221407501665,inf,0.9183673469387755,0.5847457627118644,1.0,0.7923728813559322,"#entrepreneurialuniversity, #kampusswastaterbaik, #safeaiuniversity",#contributetotheworld
"entrepreneurialuniversity, kampusswastaterbaik, safeaiuniversity, sustainabilityuniversity",contributetotheworld,0.10310048561822936,0.17631677250653716,0.1031,1.0,5.6716,1.0,0.0849221407501665,inf,0.9183673469387755,0.5847457627118644,1.0,0.7923728813559322,"#entrepreneurialuniversity, #kampusswastaterbaik, #safeaiuniversity, #sustainabilityuniversity",#contributetotheworld
"kampusberdampak, kampusswastaterbaik, sustainabilityuniversity",contributetotheworld,0.10347403810235338,0.17631677250653716,0.1035,1.0,5.6716,1.0,0.08522982966592799,inf,0.9187500000000001,0.586864406779661,1.0,0.7934322033898304,"#kampusberdampak, #kampusswastaterbaik, #sustainabilityuniversity",#contributetotheworld
"entrepreneurialuniversity, safeaiuniversity, sustainabilityuniversity",contributetotheworld,0.10310048561822936,0.17631677250653716,0.1031,1.0,5.6716,1.0,0.0849221407501665,inf,0.9183673469387755,0.5847457627118644,1.0,0.7923728813559322,"#entrepreneurialuniversity, #safeaiuniversity, #sustainabilityuniversity",#contributetotheworld
"kampusberdampak, kampusswastaterbaik, safeaiuniversity",contributetotheworld,0.10310048561822936,0.17631677250653716,0.1031,1.0,5.6716,1.0,0.0849221407501665,inf,0.9183673469387755,0.5847457627118644,1.0,0.7923728813559322,"#kampusberdampak, #kampusswastaterbaik, #safeaiuniversity",#contributetotheworld
"creatingthefuture, entrepreneurialuniversity, kampusberdampak, kampusswastaterbaik, safeaiuniversity, sustainabilityuniversity",contributetotheworld,0.10310048561822936,0.17631677250653716,0.1031,1.0,5.6716,1.0,0.0849221407501665,inf,0.9183673469387755,0.5847457627118644,1.0,0.7923728813559322,"#creatingthefuture, #entrepreneurialuniversity, #kampusberdampak, #kampusswastaterbaik, #safeaiuniversity, #sustainabilityuniversity",#contributetotheworld
"entrepreneurialuniversity, kampusberdampak, kampusswastaterbaik",contributetotheworld,0.10347403810235338,0.17631677250653716,0.1035,1.0,5.6716,1.0,0.08522982966592799,inf,0.9187500000000001,0.586864406779661,1.0,0.7934322033898304,"#entrepreneurialuniversity, #kampusberdampak, #kampusswastaterbaik",#contributetotheworld
"creatingthefuture, entrepreneurialuniversity, kampusberdampak, safeaiuniversity, sustainabilityuniversity",contributetotheworld,0.10310048561822936,0.17631677250653716,0.1031,1.0,5.6716,1.0,0.0849221407501665,inf,0.9183673469387755,0.5847457627118644,1.0,0.7923728813559322,"#creatingthefuture, #entrepreneurialuniversity, #kampusberdampak, #safeaiuniversity, #sustainabilityuniversity",#contributetotheworld
"entrepreneurialuniversity, kampusberdampak, sustainabilityuniversity",contributetotheworld,0.10347403810235338,0.17631677250653716,0.1035,1.0,5.6716,1.0,0.08522982966592799,inf,0.9187500000000001,0.586864406779661,1.0,0.7934322033898304,"#entrepreneurialuniversity, #kampusberdampak, #sustainabilityuniversity",#contributetotheworld
"creatingthefuture, safeaiuniversity, sustainabilityuniversity",contributetotheworld,0.10310048561822936,0.17631677250653716,0.1031,1.0,5.6716,1.0,0.0849221407501665,inf,0.9183673469387755,0.5847457627118644,1.0,0.7923728813559322,"#creatingthefuture, #safeaiuniversity, #sustainabilityuniversity",#contributetotheworld
"creatingthefuture, kampusswastaterbaik, safeaiuniversity",contributetotheworld,0.10310048561822936,0.17631677250653716,0.1031,1.0,5.6716,1.0,0.0849221407501665,inf,0.9183673469387755,0.5847457627118644,1.0,0.7923728813559322,"#creatingthefuture, #kampusswastaterbaik, #safeaiuniversity",#contributetotheworld
"creatingthefuture, kampusberdampak, sustainabilityuniversity",contributetotheworld,0.10347403810235338,0.17631677250653716,0.1035,1.0,5.6716,1.0,0.08522982966592799,inf,0.9187500000000001,0.586864406779661,1.0,0.7934322033898304,"#creatingthefuture, #kampusberdampak, #sustainabilityuniversity",#contributetotheworld
"creatingthefuture, entrepreneurialuniversity, kampusberdampak, kampusswastaterbaik",contributetotheworld,0.10347403810235338,0.17631677250653716,0.1035,1.0,5.6716,1.0,0.08522982966592799,inf,0.9187500000000001,0.586864406779661,1.0,0.7934322033898304,"#creatingthefuture, #entrepreneurialuniversity, #kampusberdampak, #kampusswastaterbaik",#contributetotheworld
"creatingthefuture, kampusberdampak, kampusswastaterbaik, sustainabilityuniversity",contributetotheworld,0.10347403810235338,0.17631677250653716,0.1035,1.0,5.6716,1.0,0.08522982966592799,inf,0.9187500000000001,0.586864406779661,1.0,0.7934322033898304,"#creatingthefuture, #kampusberdampak, #kampusswastaterbaik, #sustainabilityuniversity",#contributetotheworld
"entrepreneurialuniversity, kampusberdampak",contributetotheworld,0.10347403810235338,0.17631677250653716,0.1035,1.0,5.6716,1.0,0.08522982966592799,inf,0.9187500000000001,0.586864406779661,1.0,0.7934322033898304,"#entrepreneurialuniversity, #kampusberdampak",#contributetotheworld
"creatingthefuture, kampusswastaterbaik, safeaiuniversity, sustainabilityuniversity",contributetotheworld,0.10310048561822936,0.17631677250653716,0.1031,1.0,5.6716,1.0,0.0849221407501665,inf,0.9183673469387755,0.5847457627118644,1.0,0.7923728813559322,"#creatingthefuture, #kampusswastaterbaik, #safeaiuniversity, #sustainabilityuniversity",#contributetotheworld
"kampusberdampak, sustainabilityuniversity",contributetotheworld,0.10347403810235338,0.17631677250653716,0.1035,1.0,5.6716,1.0,0.08522982966592799,inf,0.9187500000000001,0.586864406779661,1.0,0.7934322033898304,"#kampusberdampak, #sustainabilityuniversity",#contributetotheworld
"creatingthefuture, kampusberdampak, kampusswastaterbaik, safeaiuniversity, sustainabilityuniversity",contributetotheworld,0.10310048561822936,0.17631677250653716,0.1031,1.0,5.6716,1.0,0.0849221407501665,inf,0.9183673469387755,0.5847457627118644,1.0,0.7923728813559322,"#creatingthefuture, #kampusberdampak, #kampusswastaterbaik, #safeaiuniversity, #sustainabilityuniversity",#contributetotheworld
"kampusberdampak, safeaiuniversity",contributetotheworld,0.10310048561822936,0.17631677250653716,0.1031,1.0,5.6716,1.0,0.0849221407501665,inf,0.9183673469387755,0.5847457627118644,1.0,0.7923728813559322,"#kampusberdampak, #safeaiuniversity",#contributetotheworld
"creatingthefuture, kampusberdampak, safeaiuniversity, sustainabilityuniversity",contributetotheworld,0.10310048561822936,0.17631677250653716,0.1031,1.0,5.6716,1.0,0.0849221407501665,inf,0.9183673469387755,0.5847457627118644,1.0,0.7923728813559322,"#creatingthefuture, #kampusberdampak, #safeaiuniversity, #sustainabilityuniversity",#contributetotheworld
"entrepreneurialuniversity, kampusberdampak, kampusswastaterbaik, safeaiuniversity",contributetotheworld,0.10310048561822936,0.17631677250653716,0.1031,1.0,5.6716,1.0,0.0849221407501665,inf,0.9183673469387755,0.5847457627118644,1.0,0.7923728813559322,"#entrepreneurialuniversity, #kampusberdampak, #kampusswastaterbaik, #safeaiuniversity",#contributetotheworld
"kampusswastaterbaik, safeaiuniversity",contributetotheworld,0.10310048561822936,0.17631677250653716,0.1031,1.0,5.6716,1.0,0.0849221407501665,inf,0.9183673469387755,0.5847457627118644,1.0,0.7923728813559322,"#kampusswastaterbaik, #safeaiuniversity",#contributetotheworld
"kampusberdampak, safeaiuniversity, sustainabilityuniversity",contributetotheworld,0.10310048561822936,0.17631677250653716,0.1031,1.0,5.6716,1.0,0.0849221407501665,inf,0.9183673469387755,0.5847457627118644,1.0,0.7923728813559322,"#kampusberdampak, #safeaiuniversity, #sustainabilityuniversity",#contributetotheworld
"entrepreneurialuniversity, kampusberdampak, kampusswastaterbaik, sustainabilityuniversity",contributetotheworld,0.10347403810235338,0.17631677250653716,0.1035,1.0,5.6716,1.0,0.08522982966592799,inf,0.9187500000000001,0.586864406779661,1.0,0.7934322033898304,"#entrepreneurialuniversity, #kampusberdampak, #kampusswastaterbaik, #sustainabilityuniversity",#contributetotheworld
"entrepreneurialuniversity, kampusberdampak, safeaiuniversity, sustainabilityuniversity",contributetotheworld,0.10310048561822936,0.17631677250653716,0.1031,1.0,5.6716,1.0,0.0849221407501665,inf,0.9183673469387755,0.5847457627118644,1.0,0.7923728813559322,"#entrepreneurialuniversity, #kampusberdampak, #safeaiuniversity, #sustainabilityuniversity",#contributetotheworld
"kampusswastaterbaik, safeaiuniversity, sustainabilityuniversity",contributetotheworld,0.10310048561822936,0.17631677250653716,0.1031,1.0,5.6716,1.0,0.0849221407501665,inf,0.9183673469387755,0.5847457627118644,1.0,0.7923728813559322,"#kampusswastaterbaik, #safeaiuniversity, #sustainabilityuniversity",#contributetotheworld
"safeaiuniversity, sustainabilityuniversity",contributetotheworld,0.10310048561822936,0.17631677250653716,0.1031,1.0,5.6716,1.0,0.0849221407501665,inf,0.9183673469387755,0.5847457627118644,1.0,0.7923728813559322,"#safeaiuniversity, #sustainabilityuniversity",#contributetotheworld
"creatingthefuture, entrepreneurialuniversity, kampusswastaterbaik, safeaiuniversity, sustainabilityuniversity",contributetotheworld,0.10310048561822936,0.17631677250653716,0.1031,1.0,5.6716,1.0,0.0849221407501665,inf,0.9183673469387755,0.5847457627118644,1.0,0.7923728813559322,"#creatingthefuture, #entrepreneurialuniversity, #kampusswastaterbaik, #safeaiuniversity, #sustainabilityuniversity",#contributetotheworld
"kampusberdampak, kampusswastaterbaik, safeaiuniversity, sustainabilityuniversity",contributetotheworld,0.10310048561822936,0.17631677250653716,0.1031,1.0,5.6716,1.0,0.0849221407501665,inf,0.9183673469387755,0.5847457627118644,1.0,0.7923728813559322,"#kampusberdampak, #kampusswastaterbaik, #safeaiuniversity, #sustainabilityuniversity",#contributetotheworld
"creatingthefuture, entrepreneurialuniversity, kampusberdampak, sustainabilityuniversity",contributetotheworld,0.10347403810235338,0.17631677250653716,0.1035,1.0,5.6716,1.0,0.08522982966592799,inf,0.9187500000000001,0.586864406779661,1.0,0.7934322033898304,"#creatingthefuture, #entrepreneurialuniversity, #kampusberdampak, #sustainabilityuniversity",#contributetotheworld
"creatingthefuture, entrepreneurialuniversity, kampusberdampak, safeaiuniversity",contributetotheworld,0.10310048561822936,0.17631677250653716,0.1031,1.0,5.6716,1.0,0.0849221407501665,inf,0.9183673469387755,0.5847457627118644,1.0,0.7923728813559322,"#creatingthefuture, #entrepreneurialuniversity, #kampusberdampak, #safeaiuniversity",#contributetotheworld
safeaiuniversity,contributetotheworld,0.10310048561822936,0.17631677250653716,0.1031,1.0,5.6716,1.0,0.0849221407501665,inf,0.9183673469387755,0.5847457627118644,1.0,0.7923728813559322,#safeaiuniversity,#contributetotheworld
"creatingthefuture, kampusberdampak, kampusswastaterbaik, safeaiuniversity",contributetotheworld,0.10310048561822936,0.17631677250653716,0.1031,1.0,5.6716,1.0,0.0849221407501665,inf,0.9183673469387755,0.5847457627118644,1.0,0.7923728813559322,"#creatingthefuture, #kampusberdampak, #kampusswastaterbaik, #safeaiuniversity",#contributetotheworld
"creatingthefuture, entrepreneurialuniversity, safeaiuniversity, sustainabilityuniversity",contributetotheworld,0.10310048561822936,0.17631677250653716,0.1031,1.0,5.6716,1.0,0.0849221407501665,inf,0.9183673469387755,0.5847457627118644,1.0,0.7923728813559322,"#creatingthefuture, #entrepreneurialuniversity, #safeaiuniversity, #sustainabilityuniversity",#contributetotheworld
"creatingthefuture, safeaiuniversity",contributetotheworld,0.10310048561822936,0.17631677250653716,0.1031,1.0,5.6716,1.0,0.0849221407501665,inf,0.9183673469387755,0.5847457627118644,1.0,0.7923728813559322,"#creatingthefuture, #safeaiuniversity",#contributetotheworld
"creatingthefuture, entrepreneurialuniversity, kampusswastaterbaik, safeaiuniversity",contributetotheworld,0.10310048561822936,0.17631677250653716,0.1031,1.0,5.6716,1.0,0.0849221407501665,inf,0.9183673469387755,0.5847457627118644,1.0,0.7923728813559322,"#creatingthefuture, #entrepreneurialuniversity, #kampusswastaterbaik, #safeaiuniversity",#contributetotheworld
"entrepreneurialuniversity, safeaiuniversity",contributetotheworld,0.10310048561822936,0.17631677250653716,0.1031,1.0,5.6716,1.0,0.0849221407501665,inf,0.9183673469387755,0.5847457627118644,1.0,0.7923728813559322,"#entrepreneurialuniversity, #safeaiuniversity",#contributetotheworld
contributetotheworld,"creatingthefuture, entrepreneurialuniversity, kampusberdampak, safeaiuniversity, sustainabilityuniversity",0.17631677250653716,0.10310048561822936,0.1031,0.5847,5.6716,1.0,0.0849221407501665,2.1598804632050803,0.9999999999999999,0.5847457627118644,0.5370114147353857,0.7923728813559322,#contributetotheworld,"#creatingthefuture, #entrepreneurialuniversity, #kampusberdampak, #safeaiuniversity, #sustainabilityuniversity"
contributetotheworld,"kampusberdampak, kampusswastaterbaik, sustainabilityuniversity",0.17631677250653716,0.10347403810235338,0.1035,0.5869,5.6716,1.0,0.08522982966592799,2.170052584695842,1.0,0.586864406779661,0.5391816737288135,0.7934322033898304,#contributetotheworld,"#kampusberdampak, #kampusswastaterbaik, #sustainabilityuniversity"
contributetotheworld,"kampusberdampak, sustainabilityuniversity",0.17631677250653716,0.10347403810235338,0.1035,0.5869,5.6716,1.0,0.08522982966592799,2.170052584695842,1.0,0.586864406779661,0.5391816737288135,0.7934322033898304,#contributetotheworld,"#kampusberdampak, #sustainabilityuniversity"
contributetotheworld,"kampusberdampak, safeaiuniversity",0.17631677250653716,0.10310048561822936,0.1031,0.5847,5.6716,1.0,0.0849221407501665,2.1598804632050803,0.9999999999999999,0.5847457627118644,0.5370114147353857,0.7923728813559322,#contributetotheworld,"#kampusberdampak, #safeaiuniversity"
contributetotheworld,"creatingthefuture, kampusberdampak, kampusswastaterbaik, sustainabilityuniversity",0.17631677250653716,0.10347403810235338,0.1035,0.5869,5.6716,1.0,0.08522982966592799,2.170052584695842,1.0,0.586864406779661,0.5391816737288135,0.7934322033898304,#contributetotheworld,"#creatingthefuture, #kampusberdampak, #kampusswastaterbaik, #sustainabilityuniversity"
contributetotheworld,"creatingthefuture, kampusberdampak, safeaiuniversity, sustainabilityuniversity",0.17631677250653716,0.10310048561822936,0.1031,0.5847,5.6716,1.0,0.0849221407501665,2.1598804632050803,0.9999999999999999,0.5847457627118644,0.5370114147353857,0.7923728813559322,#contributetotheworld,"#creatingthefuture, #kampusberdampak, #safeaiuniversity, #sustainabilityuniversity"
contributetotheworld,"kampusswastaterbaik, safeaiuniversity",0.17631677250653716,0.10310048561822936,0.1031,0.5847,5.6716,1.0,0.0849221407501665,2.1598804632050803,0.9999999999999999,0.5847457627118644,0.5370114147353857,0.7923728813559322,#contributetotheworld,"#kampusswastaterbaik, #safeaiuniversity"
contributetotheworld,"kampusberdampak, safeaiuniversity, sustainabilityuniversity",0.17631677250653716,0.10310048561822936,0.1031,0.5847,5.6716,1.0,0.0849221407501665,2.1598804632050803,0.9999999999999999,0.5847457627118644,0.5370114147353857,0.7923728813559322,#contributetotheworld,"#kampusberdampak, #safeaiuniversity, #sustainabilityuniversity"
contributetotheworld,"entrepreneurialuniversity, kampusberdampak, kampusswastaterbaik, safeaiuniversity, sustainabilityuniversity",0.17631677250653716,0.10310048561822936,0.1031,0.5847,5.6716,1.0,0.0849221407501665,2.1598804632050803,0.9999999999999999,0.5847457627118644,0.5370114147353857,0.7923728813559322,#contributetotheworld,"#entrepreneurialuniversity, #kampusberdampak, #kampusswastaterbaik, #safeaiuniversity, #sustainabilityuniversity"
contributetotheworld,"creatingthefuture, entrepreneurialuniversity, kampusswastaterbaik, safeaiuniversity",0.17631677250653716,0.10310048561822936,0.1031,0.5847,5.6716,1.0,0.0849221407501665,2.1598804632050803,0.9999999999999999,0.5847457627118644,0.5370114147353857,0.7923728813559322,#contributetotheworld,"#creatingthefuture, #entrepreneurialuniversity, #kampusswastaterbaik, #safeaiuniversity"
contributetotheworld,"creatingthefuture, entrepreneurialuniversity, kampusberdampak, kampusswastaterbaik",0.17631677250653716,0.10347403810235338,0.1035,0.5869,5.6716,1.0,0.08522982966592799,2.170052584695842,1.0,0.586864406779661,0.5391816737288135,0.7934322033898304,#contributetotheworld,"#creatingthefuture, #entrepreneurialuniversity, #kampusberdampak, #kampusswastaterbaik"
contributetotheworld,"creatingthefuture, entrepreneurialuniversity, kampusberdampak, safeaiuniversity",0.17631677250653716,0.10310048561822936,0.1031,0.5847,5.6716,1.0,0.0849221407501665,2.1598804632050803,0.9999999999999999,0.5847457627118644,0.5370114147353857,0.7923728813559322,#contributetotheworld,"#creatingthefuture, #entrepreneurialuniversity, #kampusberdampak, #safeaiuniversity"
contributetotheworld,safeaiuniversity,0.17631677250653716,0.10310048561822936,0.1031,0.5847,5.6716,1.0,0.0849221407501665,2.1598804632050803,0.9999999999999999,0.5847457627118644,0.5370114147353857,0.7923728813559322,#contributetotheworld,#safeaiuniversity
contributetotheworld,"kampusswastaterbaik, safeaiuniversity, sustainabilityuniversity",0.17631677250653716,0.10310048561822936,0.1031,0.5847,5.6716,1.0,0.0849221407501665,2.1598804632050803,0.9999999999999999,0.5847457627118644,0.5370114147353857,0.7923728813559322,#contributetotheworld,"#kampusswastaterbaik, #safeaiuniversity, #sustainabilityuniversity"
contributetotheworld,"entrepreneurialuniversity, kampusberdampak, kampusswastaterbaik, safeaiuniversity",0.17631677250653716,0.10310048561822936,0.1031,0.5847,5.6716,1.0,0.0849221407501665,2.1598804632050803,0.9999999999999999,0.5847457627118644,0.5370114147353857,0.7923728813559322,#contributetotheworld,"#entrepreneurialuniversity, #kampusberdampak, #kampusswastaterbaik, #safeaiuniversity"
contributetotheworld,"safeaiuniversity, sustainabilityuniversity",0.17631677250653716,0.10310048561822936,0.1031,0.5847,5.6716,1.0,0.0849221407501665,2.1598804632050803,0.9999999999999999,0.5847457627118644,0.5370114147353857,0.7923728813559322,#contributetotheworld,"#safeaiuniversity, #sustainabilityuniversity"
contributetotheworld,"creatingthefuture, kampusswastaterbaik, safeaiuniversity, sustainabilityuniversity",0.17631677250653716,0.10310048561822936,0.1031,0.5847,5.6716,1.0,0.0849221407501665,2.1598804632050803,0.9999999999999999,0.5847457627118644,0.5370114147353857,0.7923728813559322,#contributetotheworld,"#creatingthefuture, #kampusswastaterbaik, #safeaiuniversity, #sustainabilityuniversity"
contributetotheworld,"creatingthefuture, entrepreneurialuniversity, kampusswastaterbaik, safeaiuniversity, sustainabilityuniversity",0.17631677250653716,0.10310048561822936,0.1031,0.5847,5.6716,1.0,0.0849221407501665,2.1598804632050803,0.9999999999999999,0.5847457627118644,0.5370114147353857,0.7923728813559322,#contributetotheworld,"#creatingthefuture, #entrepreneurialuniversity, #kampusswastaterbaik, #safeaiuniversity, #sustainabilityuniversity"
contributetotheworld,"entrepreneurialuniversity, kampusberdampak",0.17631677250653716,0.10347403810235338,0.1035,0.5869,5.6716,1.0,0.08522982966592799,2.170052584695842,1.0,0.586864406779661,0.5391816737288135,0.7934322033898304,#contributetotheworld,"#entrepreneurialuniversity, #kampusberdampak"
contributetotheworld,"creatingthefuture, entrepreneurialuniversity, kampusberdampak, sustainabilityuniversity",0.17631677250653716,0.10347403810235338,0.1035,0.5869,5.6716,1.0,0.08522982966592799,2.170052584695842,1.0,0.586864406779661,0.5391816737288135,0.7934322033898304,#contributetotheworld,"#creatingthefuture, #entrepreneurialuniversity, #kampusberdampak, #sustainabilityuniversity"
contributetotheworld,"entrepreneurialuniversity, safeaiuniversity",0.17631677250653716,0.10310048561822936,0.1031,0.5847,5.6716,1.0,0.0849221407501665,2.1598804632050803,0.9999999999999999,0.5847457627118644,0.5370114147353857,0.7923728813559322,#contributetotheworld,"#entrepreneurialuniversity, #safeaiuniversity"
contributetotheworld,"creatingthefuture, entrepreneurialuniversity, safeaiuniversity, sustainabilityuniversity",0.17631677250653716,0.10310048561822936,0.1031,0.5847,5.6716,1.0,0.0849221407501665,2.1598804632050803,0.9999999999999999,0.5847457627118644,0.5370114147353857,0.7923728813559322,#contributetotheworld,"#creatingthefuture, #entrepreneurialuniversity, #safeaiuniversity, #sustainabilityuniversity"
contributetotheworld,"creatingthefuture, safeaiuniversity",0.17631677250653716,0.10310048561822936,0.1031,0.5847,5.6716,1.0,0.0849221407501665,2.1598804632050803,0.9999999999999999,0.5847457627118644,0.5370114147353857,0.7923728813559322,#contributetotheworld,"#creatingthefuture, #safeaiuniversity"
contributetotheworld,"creatingthefuture, kampusberdampak, kampusswastaterbaik, safeaiuniversity",0.17631677250653716,0.10310048561822936,0.1031,0.5847,5.6716,1.0,0.0849221407501665,2.1598804632050803,0.9999999999999999,0.5847457627118644,0.5370114147353857,0.7923728813559322,#contributetotheworld,"#creatingthefuture, #kampusberdampak, #kampusswastaterbaik, #safeaiuniversity"
contributetotheworld,"creatingthefuture, kampusberdampak, sustainabilityuniversity",0.17631677250653716,0.10347403810235338,0.1035,0.5869,5.6716,1.0,0.08522982966592799,2.170052584695842,1.0,0.586864406779661,0.5391816737288135,0.7934322033898304,#contributetotheworld,"#creatingthefuture, #kampusberdampak, #sustainabilityuniversity"
contributetotheworld,"creatingthefuture, safeaiuniversity, sustainabilityuniversity",0.17631677250653716,0.10310048561822936,0.1031,0.5847,5.6716,1.0,0.0849221407501665,2.1598804632050803,0.9999999999999999,0.5847457627118644,0.5370114147353857,0.7923728813559322,#contributetotheworld,"#creatingthefuture, #safeaiuniversity, #sustainabilityuniversity"
contributetotheworld,"creatingthefuture, entrepreneurialuniversity, kampusberdampak, kampusswastaterbaik, sustainabilityuniversity",0.17631677250653716,0.10347403810235338,0.1035,0.5869,5.6716,1.0,0.08522982966592799,2.170052584695842,1.0,0.586864406779661,0.5391816737288135,0.7934322033898304,#contributetotheworld,"#creatingthefuture, #entrepreneurialuniversity, #kampusberdampak, #kampusswastaterbaik, #sustainabilityuniversity"
contributetotheworld,"creatingthefuture, kampusberdampak, kampusswastaterbaik, safeaiuniversity, sustainabilityuniversity",0.17631677250653716,0.10310048561822936,0.1031,0.5847,5.6716,1.0,0.0849221407501665,2.1598804632050803,0.9999999999999999,0.5847457627118644,0.5370114147353857,0.7923728813559322,#contributetotheworld,"#creatingthefuture, #kampusberdampak, #kampusswastaterbaik, #safeaiuniversity, #sustainabilityuniversity"
contributetotheworld,"creatingthefuture, entrepreneurialuniversity, kampusberdampak",0.17631677250653716,0.10347403810235338,0.1035,0.5869,5.6716,1.0,0.08522982966592799,2.170052584695842,1.0,0.586864406779661,0.5391816737288135,0.7934322033898304,#contributetotheworld,"#creatingthefuture, #entrepreneurialuniversity, #kampusberdampak"
contributetotheworld,"creatingthefuture, entrepreneurialuniversity, safeaiuniversity",0.17631677250653716,0.10310048561822936,0.1031,0.5847,5.6716,1.0,0.0849221407501665,2.1598804632050803,0.9999999999999999,0.5847457627118644,0.5370114147353857,0.7923728813559322,#contributetotheworld,"#creatingthefuture, #entrepreneurialuniversity, #safeaiuniversity"
contributetotheworld,"creatingthefuture, entrepreneurialuniversity, kampusberdampak, kampusswastaterbaik, safeaiuniversity, sustainabilityuniversity",0.17631677250653716,0.10310048561822936,0.1031,0.5847,5.6716,1.0,0.0849221407501665,2.1598804632050803,0.9999999999999999,0.5847457627118644,0.5370114147353857,0.7923728813559322,#contributetotheworld,"#creatingthefuture, #entrepreneurialuniversity, #kampusberdampak, #kampusswastaterbaik, #safeaiuniversity, #sustainabilityuniversity"
contributetotheworld,"creatingthefuture, kampusswastaterbaik, safeaiuniversity",0.17631677250653716,0.10310048561822936,0.1031,0.5847,5.6716,1.0,0.0849221407501665,2.1598804632050803,0.9999999999999999,0.5847457627118644,0.5370114147353857,0.7923728813559322,#contributetotheworld,"#creatingthefuture, #kampusswastaterbaik, #safeaiuniversity"
contributetotheworld,"entrepreneurialuniversity, safeaiuniversity, sustainabilityuniversity",0.17631677250653716,0.10310048561822936,0.1031,0.5847,5.6716,1.0,0.0849221407501665,2.1598804632050803,0.9999999999999999,0.5847457627118644,0.5370114147353857,0.7923728813559322,#contributetotheworld,"#entrepreneurialuniversity, #safeaiuniversity, #sustainabilityuniversity"
contributetotheworld,"kampusberdampak, kampusswastaterbaik, safeaiuniversity, sustainabilityuniversity",0.17631677250653716,0.10310048561822936,0.1031,0.5847,5.6716,1.0,0.0849221407501665,2.1598804632050803,0.9999999999999999,0.5847457627118644,0.5370114147353857,0.7923728813559322,#contributetotheworld,"#kampusberdampak, #kampusswastaterbaik, #safeaiuniversity, #sustainabilityuniversity"
contributetotheworld,"kampusberdampak, kampusswastaterbaik, safeaiuniversity",0.17631677250653716,0.10310048561822936,0.1031,0.5847,5.6716,1.0,0.0849221407501665,2.1598804632050803,0.9999999999999999,0.5847457627118644,0.5370114147353857,0.7923728813559322,#contributetotheworld,"#kampusberdampak, #kampusswastaterbaik, #safeaiuniversity"
contributetotheworld,"creatingthefuture, kampusberdampak, safeaiuniversity",0.17631677250653716,0.10310048561822936,0.1031,0.5847,5.6716,1.0,0.0849221407501665,2.1598804632050803,0.9999999999999999,0.5847457627118644,0.5370114147353857,0.7923728813559322,#contributetotheworld,"#creatingthefuture, #kampusberdampak, #safeaiuniversity"
contributetotheworld,"entrepreneurialuniversity, kampusberdampak, kampusswastaterbaik, sustainabilityuniversity",0.17631677250653716,0.10347403810235338,0.1035,0.5869,5.6716,1.0,0.08522982966592799,2.170052584695842,1.0,0.586864406779661,0.5391816737288135,0.7934322033898304,#contributetotheworld,"#entrepreneurialuniversity, #kampusberdampak, #kampusswastaterbaik, #sustainabilityuniversity"
contributetotheworld,"entrepreneurialuniversity, kampusswastaterbaik, safeaiuniversity, sustainabilityuniversity",0.17631677250653716,0.10310048561822936,0.1031,0.5847,5.6716,1.0,0.0849221407501665,2.1598804632050803,0.9999999999999999,0.5847457627118644,0.5370114147353857,0.7923728813559322,#contributetotheworld,"#entrepreneurialuniversity, #kampusswastaterbaik, #safeaiuniversity, #sustainabilityuniversity"
contributetotheworld,"entrepreneurialuniversity, kampusberdampak, safeaiuniversity, sustainabilityuniversity",0.17631677250653716,0.10310048561822936,0.1031,0.5847,5.6716,1.0,0.0849221407501665,2.1598804632050803,0.9999999999999999,0.5847457627118644,0.5370114147353857,0.7923728813559322,#contributetotheworld,"#entrepreneurialuniversity, #kampusberdampak, #safeaiuniversity, #sustainabilityuniversity"
contributetotheworld,"creatingthefuture, entrepreneurialuniversity, kampusberdampak, kampusswastaterbaik, safeaiuniversity",0.17631677250653716,0.10310048561822936,0.1031,0.5847,5.6716,1.0,0.0849221407501665,2.1598804632050803,0.9999999999999999,0.5847457627118644,0.5370114147353857,0.7923728813559322,#contributetotheworld,"#creatingthefuture, #entrepreneurialuniversity, #kampusberdampak, #kampusswastaterbaik, #safeaiuniversity"
contributetotheworld,"entrepreneurialuniversity, kampusberdampak, safeaiuniversity",0.17631677250653716,0.10310048561822936,0.1031,0.5847,5.6716,1.0,0.0849221407501665,2.1598804632050803,0.9999999999999999,0.5847457627118644,0.5370114147353857,0.7923728813559322,#contributetotheworld,"#entrepreneurialuniversity, #kampusberdampak, #safeaiuniversity"
contributetotheworld,"entrepreneurialuniversity, kampusberdampak, kampusswastaterbaik",0.17631677250653716,0.10347403810235338,0.1035,0.5869,5.6716,1.0,0.08522982966592799,2.170052584695842,1.0,0.586864406779661,0.5391816737288135,0.7934322033898304,#contributetotheworld,"#entrepreneurialuniversity, #kampusberdampak, #kampusswastaterbaik"
contributetotheworld,"entrepreneurialuniversity, kampusswastaterbaik, safeaiuniversity",0.17631677250653716,0.10310048561822936,0.1031,0.5847,5.6716,1.0,0.0849221407501665,2.1598804632050803,0.9999999999999999,0.5847457627118644,0.5370114147353857,0.7923728813559322,#contributetotheworld,"#entrepreneurialuniversity, #kampusswastaterbaik, #safeaiuniversity"
contributetotheworld,"entrepreneurialuniversity, kampusberdampak, sustainabilityuniversity",0.17631677250653716,0.10347403810235338,0.1035,0.5869,5.6716,1.0,0.08522982966592799,2.170052584695842,1.0,0.586864406779661,0.5391816737288135,0.7934322033898304,#contributetotheworld,"#entrepreneurialuniversity, #kampusberdampak, #sustainabilityuniversity"
contributetotheworld,"kampusberdampak, kampusswastaterbaik",0.17631677250653716,0.14456481135599553,0.1442,0.8178,5.657,1.0,0.11870205791556598,4.6949466167438425,0.9994454431167976,0.8160676532769557,0.7870050329361263,0.9076063154206632,#contributetotheworld,"#kampusberdampak, #kampusswastaterbaik"
"kampusberdampak, kampusswastaterbaik",contributetotheworld,0.14456481135599553,0.17631677250653716,0.1442,0.9974,5.657,1.0,0.11870205791556598,318.76540903997414,0.9623481231757812,0.8160676532769557,0.9968628967521547,0.9076063154206632,"#kampusberdampak, #kampusswastaterbaik",#contributetotheworld
"creatingthefuture, kampusberdampak, kampusswastaterbaik",contributetotheworld,0.1038475905864774,0.17631677250653716,0.1035,0.9964,5.6512,1.0,0.08516396609756544,228.9839372431841,0.9184226881537585,0.5856236786469345,0.9956328814499421,0.7916336422387513,"#creatingthefuture, #kampusberdampak, #kampusswastaterbaik",#contributetotheworld
contributetotheworld,"creatingthefuture, kampusberdampak, kampusswastaterbaik",0.17631677250653716,0.1038475905864774,0.1035,0.5869,5.6512,1.0,0.08516396609756544,2.1691483961188855,0.9992272239822523,0.5856236786469345,0.5389895860563371,0.7916336422387513,#contributetotheworld,"#creatingthefuture, #kampusberdampak, #kampusswastaterbaik"
contributetotheworld,"creatingthefuture, kampusberdampak",0.17631677250653716,0.1038475905864774,0.1035,0.5869,5.6512,1.0,0.08516396609756544,2.1691483961188855,0.9992272239822523,0.5856236786469345,0.5389895860563371,0.7916336422387513,#contributetotheworld,"#creatingthefuture, #kampusberdampak"
"creatingthefuture, kampusberdampak",contributetotheworld,0.1038475905864774,0.17631677250653716,0.1035,0.9964,5.6512,1.0,0.08516396609756544,228.9839372431841,0.9184226881537585,0.5856236786469345,0.9956328814499421,0.7916336422387513,"#creatingthefuture, #kampusberdampak",#contributetotheworld
"creatingthefuture, kampusberdampak",kampusswastaterbaik,0.1038475905864774,0.1807994023160254,0.1038,1.0,5.531,1.0,0.08507200827648298,inf,0.9141308878699459,0.5743801652892563,1.0,0.7871900826446281,"#creatingthefuture, #kampusberdampak",#kampusswastaterbaik
"contributetotheworld, kampusberdampak, safeaiuniversity, sustainabilityuniversity",kampusswastaterbaik,0.10310048561822936,0.1807994023160254,0.1031,1.0,5.531,1.0,0.08445997943996152,inf,0.9133694294044148,0.5702479338842976,1.0,0.7851239669421488,"#contributetotheworld, #kampusberdampak, #safeaiuniversity, #sustainabilityuniversity",#kampusswastaterbaik
"creatingthefuture, entrepreneurialuniversity, kampusberdampak, safeaiuniversity",kampusswastaterbaik,0.10310048561822936,0.1807994023160254,0.1031,1.0,5.531,1.0,0.08445997943996152,inf,0.9133694294044148,0.5702479338842976,1.0,0.7851239669421488,"#creatingthefuture, #entrepreneurialuniversity, #kampusberdampak, #safeaiuniversity",#kampusswastaterbaik
"creatingthefuture, entrepreneurialuniversity, kampusberdampak, sustainabilityuniversity",kampusswastaterbaik,0.10347403810235338,0.1807994023160254,0.1035,1.0,5.531,1.0,0.08476599385822225,inf,0.9137500000000001,0.572314049586777,1.0,0.7861570247933884,"#creatingthefuture, #entrepreneurialuniversity, #kampusberdampak, #sustainabilityuniversity",#kampusswastaterbaik
kampusswastaterbaik,"creatingthefuture, entrepreneurialuniversity, kampusberdampak, sustainabilityuniversity",0.1807994023160254,0.10347403810235338,0.1035,0.5723,5.531,1.0,0.08476599385822225,2.0962249543887004,1.0000000000000002,0.572314049586777,0.5229519628099174,0.7861570247933884,#kampusswastaterbaik,"#creatingthefuture, #entrepreneurialuniversity, #kampusberdampak, #sustainabilityuniversity"
"contributetotheworld, creatingthefuture, entrepreneurialuniversity, kampusberdampak, safeaiuniversity, sustainabilityuniversity",kampusswastaterbaik,0.10310048561822936,0.1807994023160254,0.1031,1.0,5.531,1.0,0.08445997943996152,inf,0.9133694294044148,0.5702479338842976,1.0,0.7851239669421488,"#contributetotheworld, #creatingthefuture, #entrepreneurialuniversity, #kampusberdampak, #safeaiuniversity, #sustainabilityuniversity",#kampusswastaterbaik
kampusswastaterbaik,"contributetotheworld, creatingthefuture, entrepreneurialuniversity, kampusberdampak",0.1807994023160254,0.10347403810235338,0.1035,0.5723,5.531,1.0,0.08476599385822225,2.0962249543887004,1.0000000000000002,0.572314049586777,0.5229519628099174,0.7861570247933884,#kampusswastaterbaik,"#contributetotheworld, #creatingthefuture, #entrepreneurialuniversity, #kampusberdampak"
"creatingthefuture, entrepreneurialuniversity, kampusberdampak, safeaiuniversity, sustainabilityuniversity",kampusswastaterbaik,0.10310048561822936,0.1807994023160254,0.1031,1.0,5.531,1.0,0.08445997943996152,inf,0.9133694294044148,0.5702479338842976,1.0,0.7851239669421488,"#creatingthefuture, #entrepreneurialuniversity, #kampusberdampak, #safeaiuniversity, #sustainabilityuniversity",#kampusswastaterbaik
"contributetotheworld, creatingthefuture, entrepreneurialuniversity, kampusberdampak",kampusswastaterbaik,0.10347403810235338,0.1807994023160254,0.1035,1.0,5.531,1.0,0.08476599385822225,inf,0.9137500000000001,0.572314049586777,1.0,0.7861570247933884,"#contributetotheworld, #creatingthefuture, #entrepreneurialuniversity, #kampusberdampak",#kampusswastaterbaik
"contributetotheworld, creatingthefuture, entrepreneurialuniversity, safeaiuniversity",kampusswastaterbaik,0.10310048561822936,0.1807994023160254,0.1031,1.0,5.531,1.0,0.08445997943996152,inf,0.9133694294044148,0.5702479338842976,1.0,0.7851239669421488,"#contributetotheworld, #creatingthefuture, #entrepreneurialuniversity, #safeaiuniversity",#kampusswastaterbaik
"contributetotheworld, kampusberdampak, sustainabilityuniversity",kampusswastaterbaik,0.10347403810235338,0.1807994023160254,0.1035,1.0,5.531,1.0,0.08476599385822225,inf,0.9137500000000001,0.572314049586777,1.0,0.7861570247933884,"#contributetotheworld, #kampusberdampak, #sustainabilityuniversity",#kampusswastaterbaik
"contributetotheworld, creatingthefuture, entrepreneurialuniversity, safeaiuniversity, sustainabilityuniversity",kampusswastaterbaik,0.10310048561822936,0.1807994023160254,0.1031,1.0,5.531,1.0,0.08445997943996152,inf,0.9133694294044148,0.5702479338842976,1.0,0.7851239669421488,"#contributetotheworld, #creatingthefuture, #entrepreneurialuniversity, #safeaiuniversity, #sustainabilityuniversity",#kampusswastaterbaik
"contributetotheworld, safeaiuniversity, sustainabilityuniversity",kampusswastaterbaik,0.10310048561822936,0.1807994023160254,0.1031,1.0,5.531,1.0,0.08445997943996152,inf,0.9133694294044148,0.5702479338842976,1.0,0.7851239669421488,"#contributetotheworld, #safeaiuniversity, #sustainabilityuniversity",#kampusswastaterbaik
kampusswastaterbaik,"contributetotheworld, kampusberdampak, sustainabilityuniversity",0.1807994023160254,0.10347403810235338,0.1035,0.5723,5.531,1.0,0.08476599385822225,2.0962249543887004,1.0000000000000002,0.572314049586777,0.5229519628099174,0.7861570247933884,#kampusswastaterbaik,"#contributetotheworld, #kampusberdampak, #sustainabilityuniversity"
kampusswastaterbaik,"contributetotheworld, creatingthefuture, kampusberdampak, sustainabilityuniversity",0.1807994023160254,0.10347403810235338,0.1035,0.5723,5.531,1.0,0.08476599385822225,2.0962249543887004,1.0000000000000002,0.572314049586777,0.5229519628099174,0.7861570247933884,#kampusswastaterbaik,"#contributetotheworld, #creatingthefuture, #kampusberdampak, #sustainabilityuniversity"
"kampusberdampak, safeaiuniversity, sustainabilityuniversity",kampusswastaterbaik,0.10310048561822936,0.1807994023160254,0.1031,1.0,5.531,1.0,0.08445997943996152,inf,0.9133694294044148,0.5702479338842976,1.0,0.7851239669421488,"#kampusberdampak, #safeaiuniversity, #sustainabilityuniversity",#kampusswastaterbaik
"entrepreneurialuniversity, safeaiuniversity, sustainabilityuniversity",kampusswastaterbaik,0.10310048561822936,0.1807994023160254,0.1031,1.0,5.531,1.0,0.08445997943996152,inf,0.9133694294044148,0.5702479338842976,1.0,0.7851239669421488,"#entrepreneurialuniversity, #safeaiuniversity, #sustainabilityuniversity",#kampusswastaterbaik
kampusswastaterbaik,"entrepreneurialuniversity, kampusberdampak, sustainabilityuniversity",0.1807994023160254,0.10347403810235338,0.1035,0.5723,5.531,1.0,0.08476599385822225,2.0962249543887004,1.0000000000000002,0.572314049586777,0.5229519628099174,0.7861570247933884,#kampusswastaterbaik,"#entrepreneurialuniversity, #kampusberdampak, #sustainabilityuniversity"
"contributetotheworld, creatingthefuture, kampusberdampak, sustainabilityuniversity",kampusswastaterbaik,0.10347403810235338,0.1807994023160254,0.1035,1.0,5.531,1.0,0.08476599385822225,inf,0.9137500000000001,0.572314049586777,1.0,0.7861570247933884,"#contributetotheworld, #creatingthefuture, #kampusberdampak, #sustainabilityuniversity",#kampusswastaterbaik
"contributetotheworld, creatingthefuture, kampusberdampak, safeaiuniversity",kampusswastaterbaik,0.10310048561822936,0.1807994023160254,0.1031,1.0,5.531,1.0,0.08445997943996152,inf,0.9133694294044148,0.5702479338842976,1.0,0.7851239669421488,"#contributetotheworld, #creatingthefuture, #kampusberdampak, #safeaiuniversity",#kampusswastaterbaik
"entrepreneurialuniversity, kampusberdampak, safeaiuniversity",kampusswastaterbaik,0.10310048561822936,0.1807994023160254,0.1031,1.0,5.531,1.0,0.08445997943996152,inf,0.9133694294044148,0.5702479338842976,1.0,0.7851239669421488,"#entrepreneurialuniversity, #kampusberdampak, #safeaiuniversity",#kampusswastaterbaik
"contributetotheworld, creatingthefuture, kampusberdampak, safeaiuniversity, sustainabilityuniversity",kampusswastaterbaik,0.10310048561822936,0.1807994023160254,0.1031,1.0,5.531,1.0,0.08445997943996152,inf,0.9133694294044148,0.5702479338842976,1.0,0.7851239669421488,"#contributetotheworld, #creatingthefuture, #kampusberdampak, #safeaiuniversity, #sustainabilityuniversity",#kampusswastaterbaik
"creatingthefuture, entrepreneurialuniversity, safeaiuniversity",kampusswastaterbaik,0.10310048561822936,0.1807994023160254,0.1031,1.0,5.531,1.0,0.08445997943996152,inf,0.9133694294044148,0.5702479338842976,1.0,0.7851239669421488,"#creatingthefuture, #entrepreneurialuniversity, #safeaiuniversity",#kampusswastaterbaik
kampusswastaterbaik,"creatingthefuture, entrepreneurialuniversity, kampusberdampak",0.1807994023160254,0.10347403810235338,0.1035,0.5723,5.531,1.0,0.08476599385822225,2.0962249543887004,1.0000000000000002,0.572314049586777,0.5229519628099174,0.7861570247933884,#kampusswastaterbaik,"#creatingthefuture, #entrepreneurialuniversity, #kampusberdampak"
"contributetotheworld, entrepreneurialuniversity, kampusberdampak, sustainabilityuniversity",kampusswastaterbaik,0.10347403810235338,0.1807994023160254,0.1035,1.0,5.531,1.0,0.08476599385822225,inf,0.9137500000000001,0.572314049586777,1.0,0.7861570247933884,"#contributetotheworld, #entrepreneurialuniversity, #kampusberdampak, #sustainabilityuniversity",#kampusswastaterbaik
kampusswastaterbaik,"contributetotheworld, entrepreneurialuniversity, kampusberdampak, sustainabilityuniversity",0.1807994023160254,0.10347403810235338,0.1035,0.5723,5.531,1.0,0.08476599385822225,2.0962249543887004,1.0000000000000002,0.572314049586777,0.5229519628099174,0.7861570247933884,#kampusswastaterbaik,"#contributetotheworld, #entrepreneurialuniversity, #kampusberdampak, #sustainabilityuniversity"
"entrepreneurialuniversity, kampusberdampak, sustainabilityuniversity",kampusswastaterbaik,0.10347403810235338,0.1807994023160254,0.1035,1.0,5.531,1.0,0.08476599385822225,inf,0.9137500000000001,0.572314049586777,1.0,0.7861570247933884,"#entrepreneurialuniversity, #kampusberdampak, #sustainabilityuniversity",#kampusswastaterbaik
"entrepreneurialuniversity, kampusberdampak, safeaiuniversity, sustainabilityuniversity",kampusswastaterbaik,0.10310048561822936,0.1807994023160254,0.1031,1.0,5.531,1.0,0.08445997943996152,inf,0.9133694294044148,0.5702479338842976,1.0,0.7851239669421488,"#entrepreneurialuniversity, #kampusberdampak, #safeaiuniversity, #sustainabilityuniversity",#kampusswastaterbaik
"contributetotheworld, entrepreneurialuniversity, safeaiuniversity, sustainabilityuniversity",kampusswastaterbaik,0.10310048561822936,0.1807994023160254,0.1031,1.0,5.531,1.0,0.08445997943996152,inf,0.9133694294044148,0.5702479338842976,1.0,0.7851239669421488,"#contributetotheworld, #entrepreneurialuniversity, #safeaiuniversity, #sustainabilityuniversity",#kampusswastaterbaik
"contributetotheworld, kampusberdampak, safeaiuniversity",kampusswastaterbaik,0.10310048561822936,0.1807994023160254,0.1031,1.0,5.531,1.0,0.08445997943996152,inf,0.9133694294044148,0.5702479338842976,1.0,0.7851239669421488,"#contributetotheworld, #kampusberdampak, #safeaiuniversity",#kampusswastaterbaik
kampusswastaterbaik,"creatingthefuture, kampusberdampak, sustainabilityuniversity",0.1807994023160254,0.10347403810235338,0.1035,0.5723,5.531,1.0,0.08476599385822225,2.0962249543887004,1.0000000000000002,0.572314049586777,0.5229519628099174,0.7861570247933884,#kampusswastaterbaik,"#creatingthefuture, #kampusberdampak, #sustainabilityuniversity"
"creatingthefuture, safeaiuniversity, sustainabilityuniversity",kampusswastaterbaik,0.10310048561822936,0.1807994023160254,0.1031,1.0,5.531,1.0,0.08445997943996152,inf,0.9133694294044148,0.5702479338842976,1.0,0.7851239669421488,"#creatingthefuture, #safeaiuniversity, #sustainabilityuniversity",#kampusswastaterbaik
"contributetotheworld, entrepreneurialuniversity, kampusberdampak, safeaiuniversity",kampusswastaterbaik,0.10310048561822936,0.1807994023160254,0.1031,1.0,5.531,1.0,0.08445997943996152,inf,0.9133694294044148,0.5702479338842976,1.0,0.7851239669421488,"#contributetotheworld, #entrepreneurialuniversity, #kampusberdampak, #safeaiuniversity",#kampusswastaterbaik
"creatingthefuture, kampusberdampak, sustainabilityuniversity",kampusswastaterbaik,0.10347403810235338,0.1807994023160254,0.1035,1.0,5.531,1.0,0.08476599385822225,inf,0.9137500000000001,0.572314049586777,1.0,0.7861570247933884,"#creatingthefuture, #kampusberdampak, #sustainabilityuniversity",#kampusswastaterbaik
"creatingthefuture, kampusberdampak, safeaiuniversity",kampusswastaterbaik,0.10310048561822936,0.1807994023160254,0.1031,1.0,5.531,1.0,0.08445997943996152,inf,0.9133694294044148,0.5702479338842976,1.0,0.7851239669421488,"#creatingthefuture, #kampusberdampak, #safeaiuniversity",#kampusswastaterbaik
"contributetotheworld, safeaiuniversity",kampusswastaterbaik,0.10310048561822936,0.1807994023160254,0.1031,1.0,5.531,1.0,0.08445997943996152,inf,0.9133694294044148,0.5702479338842976,1.0,0.7851239669421488,"#contributetotheworld, #safeaiuniversity",#kampusswastaterbaik
"contributetotheworld, creatingthefuture, safeaiuniversity, sustainabilityuniversity",kampusswastaterbaik,0.10310048561822936,0.1807994023160254,0.1031,1.0,5.531,1.0,0.08445997943996152,inf,0.9133694294044148,0.5702479338842976,1.0,0.7851239669421488,"#contributetotheworld, #creatingthefuture, #safeaiuniversity, #sustainabilityuniversity",#kampusswastaterbaik
"creatingthefuture, entrepreneurialuniversity, kampusberdampak",kampusswastaterbaik,0.10347403810235338,0.1807994023160254,0.1035,1.0,5.531,1.0,0.08476599385822225,inf,0.9137500000000001,0.572314049586777,1.0,0.7861570247933884,"#creatingthefuture, #entrepreneurialuniversity, #kampusberdampak",#kampusswastaterbaik
"entrepreneurialuniversity, kampusberdampak",kampusswastaterbaik,0.10347403810235338,0.1807994023160254,0.1035,1.0,5.531,1.0,0.08476599385822225,inf,0.9137500000000001,0.572314049586777,1.0,0.7861570247933884,"#entrepreneurialuniversity, #kampusberdampak",#kampusswastaterbaik
"creatingthefuture, entrepreneurialuniversity, safeaiuniversity, sustainabilityuniversity",kampusswastaterbaik,0.10310048561822936,0.1807994023160254,0.1031,1.0,5.531,1.0,0.08445997943996152,inf,0.9133694294044148,0.5702479338842976,1.0,0.7851239669421488,"#creatingthefuture, #entrepreneurialuniversity, #safeaiuniversity, #sustainabilityuniversity",#kampusswastaterbaik
kampusswastaterbaik,"contributetotheworld, creatingthefuture, entrepreneurialuniversity, kampusberdampak, sustainabilityuniversity",0.1807994023160254,0.10347403810235338,0.1035,0.5723,5.531,1.0,0.08476599385822225,2.0962249543887004,1.0000000000000002,0.572314049586777,0.5229519628099174,0.7861570247933884,#kampusswastaterbaik,"#contributetotheworld, #creatingthefuture, #entrepreneurialuniversity, #kampusberdampak, #sustainabilityuniversity"
"contributetotheworld, creatingthefuture, safeaiuniversity",kampusswastaterbaik,0.10310048561822936,0.1807994023160254,0.1031,1.0,5.531,1.0,0.08445997943996152,inf,0.9133694294044148,0.5702479338842976,1.0,0.7851239669421488,"#contributetotheworld, #creatingthefuture, #safeaiuniversity",#kampusswastaterbaik
kampusswastaterbaik,"contributetotheworld, entrepreneurialuniversity, kampusberdampak",0.1807994023160254,0.10347403810235338,0.1035,0.5723,5.531,1.0,0.08476599385822225,2.0962249543887004,1.0000000000000002,0.572314049586777,0.5229519628099174,0.7861570247933884,#kampusswastaterbaik,"#contributetotheworld, #entrepreneurialuniversity, #kampusberdampak"
"entrepreneurialuniversity, safeaiuniversity",kampusswastaterbaik,0.10310048561822936,0.1807994023160254,0.1031,1.0,5.531,1.0,0.08445997943996152,inf,0.9133694294044148,0.5702479338842976,1.0,0.7851239669421488,"#entrepreneurialuniversity, #safeaiuniversity",#kampusswastaterbaik
"creatingthefuture, kampusberdampak, safeaiuniversity, sustainabilityuniversity",kampusswastaterbaik,0.10310048561822936,0.1807994023160254,0.1031,1.0,5.531,1.0,0.08445997943996152,inf,0.9133694294044148,0.5702479338842976,1.0,0.7851239669421488,"#creatingthefuture, #kampusberdampak, #safeaiuniversity, #sustainabilityuniversity",#kampusswastaterbaik
"contributetotheworld, entrepreneurialuniversity, kampusberdampak",kampusswastaterbaik,0.10347403810235338,0.1807994023160254,0.1035,1.0,5.531,1.0,0.08476599385822225,inf,0.9137500000000001,0.572314049586777,1.0,0.7861570247933884,"#contributetotheworld, #entrepreneurialuniversity, #kampusberdampak",#kampusswastaterbaik
"contributetotheworld, creatingthefuture, entrepreneurialuniversity, kampusberdampak, safeaiuniversity",kampusswastaterbaik,0.10310048561822936,0.1807994023160254,0.1031,1.0,5.531,1.0,0.08445997943996152,inf,0.9133694294044148,0.5702479338842976,1.0,0.7851239669421488,"#contributetotheworld, #creatingthefuture, #entrepreneurialuniversity, #kampusberdampak, #safeaiuniversity",#kampusswastaterbaik
kampusswastaterbaik,"contributetotheworld, creatingthefuture, kampusberdampak",0.1807994023160254,0.10347403810235338,0.1035,0.5723,5.531,1.0,0.08476599385822225,2.0962249543887004,1.0000000000000002,0.572314049586777,0.5229519628099174,0.7861570247933884,#kampusswastaterbaik,"#contributetotheworld, #creatingthefuture, #kampusberdampak"
"kampusberdampak, safeaiuniversity",kampusswastaterbaik,0.10310048561822936,0.1807994023160254,0.1031,1.0,5.531,1.0,0.08445997943996152,inf,0.9133694294044148,0.5702479338842976,1.0,0.7851239669421488,"#kampusberdampak, #safeaiuniversity",#kampusswastaterbaik
"contributetotheworld, creatingthefuture, kampusberdampak",kampusswastaterbaik,0.10347403810235338,0.1807994023160254,0.1035,1.0,5.531,1.0,0.08476599385822225,inf,0.9137500000000001,0.572314049586777,1.0,0.7861570247933884,"#contributetotheworld, #creatingthefuture, #kampusberdampak",#kampusswastaterbaik
"contributetotheworld, entrepreneurialuniversity, kampusberdampak, safeaiuniversity, sustainabilityuniversity",kampusswastaterbaik,0.10310048561822936,0.1807994023160254,0.1031,1.0,5.531,1.0,0.08445997943996152,inf,0.9133694294044148,0.5702479338842976,1.0,0.7851239669421488,"#contributetotheworld, #entrepreneurialuniversity, #kampusberdampak, #safeaiuniversity, #sustainabilityuniversity",#kampusswastaterbaik
safeaiuniversity,kampusswastaterbaik,0.10310048561822936,0.1807994023160254,0.1031,1.0,5.531,1.0,0.08445997943996152,inf,0.9133694294044148,0.5702479338842976,1.0,0.7851239669421488,#safeaiuniversity,#kampusswastaterbaik
"contributetotheworld, creatingthefuture, entrepreneurialuniversity, kampusberdampak, sustainabilityuniversity",kampusswastaterbaik,0.10347403810235338,0.1807994023160254,0.1035,1.0,5.531,1.0,0.08476599385822225,inf,0.9137500000000001,0.572314049586777,1.0,0.7861570247933884,"#contributetotheworld, #creatingthefuture, #entrepreneurialuniversity, #kampusberdampak, #sustainabilityuniversity",#kampusswastaterbaik
kampusswastaterbaik,"kampusberdampak, sustainabilityuniversity",0.1807994023160254,0.10347403810235338,0.1035,0.5723,5.531,1.0,0.08476599385822225,2.0962249543887004,1.0000000000000002,0.572314049586777,0.5229519628099174,0.7861570247933884,#kampusswastaterbaik,"#kampusberdampak, #sustainabilityuniversity"
"kampusberdampak, sustainabilityuniversity",kampusswastaterbaik,0.10347403810235338,0.1807994023160254,0.1035,1.0,5.531,1.0,0.08476599385822225,inf,0.9137500000000001,0.572314049586777,1.0,0.7861570247933884,"#kampusberdampak, #sustainabilityuniversity",#kampusswastaterbaik
"safeaiuniversity, sustainabilityuniversity",kampusswastaterbaik,0.10310048561822936,0.1807994023160254,0.1031,1.0,5.531,1.0,0.08445997943996152,inf,0.9133694294044148,0.5702479338842976,1.0,0.7851239669421488,"#safeaiuniversity, #sustainabilityuniversity",#kampusswastaterbaik
"creatingthefuture, safeaiuniversity",kampusswastaterbaik,0.10310048561822936,0.1807994023160254,0.1031,1.0,5.531,1.0,0.08445997943996152,inf,0.9133694294044148,0.5702479338842976,1.0,0.7851239669421488,"#creatingthefuture, #safeaiuniversity",#kampusswastaterbaik
kampusswastaterbaik,"entrepreneurialuniversity, kampusberdampak",0.1807994023160254,0.10347403810235338,0.1035,0.5723,5.531,1.0,0.08476599385822225,2.0962249543887004,1.0000000000000002,0.572314049586777,0.5229519628099174,0.7861570247933884,#kampusswastaterbaik,"#entrepreneurialuniversity, #kampusberdampak"
"contributetotheworld, entrepreneurialuniversity, safeaiuniversity",kampusswastaterbaik,0.10310048561822936,0.1807994023160254,0.1031,1.0,5.531,1.0,0.08445997943996152,inf,0.9133694294044148,0.5702479338842976,1.0,0.7851239669421488,"#contributetotheworld, #entrepreneurialuniversity, #safeaiuniversity",#kampusswastaterbaik
kampusswastaterbaik,"kampusberdampak, safeaiuniversity",0.1807994023160254,0.10310048561822936,0.1031,0.5702,5.531,1.0,0.08445997943996152,2.087016177696043,1.0,0.5702479338842976,0.5208470299909472,0.7851239669421488,#kampusswastaterbaik,"#kampusberdampak, #safeaiuniversity"
kampusswastaterbaik,"safeaiuniversity, sustainabilityuniversity",0.1807994023160254,0.10310048561822936,0.1031,0.5702,5.531,1.0,0.08445997943996152,2.087016177696043,1.0,0.5702479338842976,0.5208470299909472,0.7851239669421488,#kampusswastaterbaik,"#safeaiuniversity, #sustainabilityuniversity"
kampusswastaterbaik,"contributetotheworld, creatingthefuture, entrepreneurialuniversity, kampusberdampak, safeaiuniversity",0.1807994023160254,0.10310048561822936,0.1031,0.5702,5.531,1.0,0.08445997943996152,2.087016177696043,1.0,0.5702479338842976,0.5208470299909472,0.7851239669421488,#kampusswastaterbaik,"#contributetotheworld, #creatingthefuture, #entrepreneurialuniversity, #kampusberdampak, #safeaiuniversity"
kampusswastaterbaik,"creatingthefuture, safeaiuniversity",0.1807994023160254,0.10310048561822936,0.1031,0.5702,5.531,1.0,0.08445997943996152,2.087016177696043,1.0,0.5702479338842976,0.5208470299909472,0.7851239669421488,#kampusswastaterbaik,"#creatingthefuture, #safeaiuniversity"
kampusswastaterbaik,"creatingthefuture, entrepreneurialuniversity, kampusberdampak, safeaiuniversity",0.1807994023160254,0.10310048561822936,0.1031,0.5702,5.531,1.0,0.08445997943996152,2.087016177696043,1.0,0.5702479338842976,0.5208470299909472,0.7851239669421488,#kampusswastaterbaik,"#creatingthefuture, #entrepreneurialuniversity, #kampusberdampak, #safeaiuniversity"
kampusswastaterbaik,"contributetotheworld, creatingthefuture, safeaiuniversity",0.1807994023160254,0.10310048561822936,0.1031,0.5702,5.531,1.0,0.08445997943996152,2.087016177696043,1.0,0.5702479338842976,0.5208470299909472,0.7851239669421488,#kampusswastaterbaik,"#contributetotheworld, #creatingthefuture, #safeaiuniversity"
kampusswastaterbaik,"creatingthefuture, kampusberdampak, safeaiuniversity, sustainabilityuniversity",0.1807994023160254,0.10310048561822936,0.1031,0.5702,5.531,1.0,0.08445997943996152,2.087016177696043,1.0,0.5702479338842976,0.5208470299909472,0.7851239669421488,#kampusswastaterbaik,"#creatingthefuture, #kampusberdampak, #safeaiuniversity, #sustainabilityuniversity"
kampusswastaterbaik,"contributetotheworld, kampusberdampak, safeaiuniversity, sustainabilityuniversity",0.1807994023160254,0.10310048561822936,0.1031,0.5702,5.531,1.0,0.08445997943996152,2.087016177696043,1.0,0.5702479338842976,0.5208470299909472,0.7851239669421488,#kampusswastaterbaik,"#contributetotheworld, #kampusberdampak, #safeaiuniversity, #sustainabilityuniversity"
kampusswastaterbaik,"contributetotheworld, kampusberdampak, safeaiuniversity",0.1807994023160254,0.10310048561822936,0.1031,0.5702,5.531,1.0,0.08445997943996152,2.087016177696043,1.0,0.5702479338842976,0.5208470299909472,0.7851239669421488,#kampusswastaterbaik,"#contributetotheworld, #kampusberdampak, #safeaiuniversity"
kampusswastaterbaik,"contributetotheworld, entrepreneurialuniversity, safeaiuniversity",0.1807994023160254,0.10310048561822936,0.1031,0.5702,5.531,1.0,0.08445997943996152,2.087016177696043,1.0,0.5702479338842976,0.5208470299909472,0.7851239669421488,#kampusswastaterbaik,"#contributetotheworld, #entrepreneurialuniversity, #safeaiuniversity"
kampusswastaterbaik,"creatingthefuture, kampusberdampak",0.1807994023160254,0.1038475905864774,0.1038,0.5744,5.531,1.0,0.08507200827648298,2.105523136680315,1.0,0.5743801652892563,0.525058650470754,0.7871900826446281,#kampusswastaterbaik,"#creatingthefuture, #kampusberdampak"
kampusswastaterbaik,"contributetotheworld, creatingthefuture, kampusberdampak, safeaiuniversity",0.1807994023160254,0.10310048561822936,0.1031,0.5702,5.531,1.0,0.08445997943996152,2.087016177696043,1.0,0.5702479338842976,0.5208470299909472,0.7851239669421488,#kampusswastaterbaik,"#contributetotheworld, #creatingthefuture, #kampusberdampak, #safeaiuniversity"
kampusswastaterbaik,"creatingthefuture, safeaiuniversity, sustainabilityuniversity",0.1807994023160254,0.10310048561822936,0.1031,0.5702,5.531,1.0,0.08445997943996152,2.087016177696043,1.0,0.5702479338842976,0.5208470299909472,0.7851239669421488,#kampusswastaterbaik,"#creatingthefuture, #safeaiuniversity, #sustainabilityuniversity"
kampusswastaterbaik,"entrepreneurialuniversity, kampusberdampak, safeaiuniversity",0.1807994023160254,0.10310048561822936,0.1031,0.5702,5.531,1.0,0.08445997943996152,2.087016177696043,1.0,0.5702479338842976,0.5208470299909472,0.7851239669421488,#kampusswastaterbaik,"#entrepreneurialuniversity, #kampusberdampak, #safeaiuniversity"
kampusswastaterbaik,"contributetotheworld, creatingthefuture, entrepreneurialuniversity, safeaiuniversity, sustainabilityuniversity",0.1807994023160254,0.10310048561822936,0.1031,0.5702,5.531,1.0,0.08445997943996152,2.087016177696043,1.0,0.5702479338842976,0.5208470299909472,0.7851239669421488,#kampusswastaterbaik,"#contributetotheworld, #creatingthefuture, #entrepreneurialuniversity, #safeaiuniversity, #sustainabilityuniversity"
kampusswastaterbaik,"kampusberdampak, safeaiuniversity, sustainabilityuniversity",0.1807994023160254,0.10310048561822936,0.1031,0.5702,5.531,1.0,0.08445997943996152,2.087016177696043,1.0,0.5702479338842976,0.5208470299909472,0.7851239669421488,#kampusswastaterbaik,"#kampusberdampak, #safeaiuniversity, #sustainabilityuniversity"
kampusswastaterbaik,safeaiuniversity,0.1807994023160254,0.10310048561822936,0.1031,0.5702,5.531,1.0,0.08445997943996152,2.087016177696043,1.0,0.5702479338842976,0.5208470299909472,0.7851239669421488,#kampusswastaterbaik,#safeaiuniversity
kampusswastaterbaik,"contributetotheworld, entrepreneurialuniversity, kampusberdampak, safeaiuniversity, sustainabilityuniversity",0.1807994023160254,0.10310048561822936,0.1031,0.5702,5.531,1.0,0.08445997943996152,2.087016177696043,1.0,0.5702479338842976,0.5208470299909472,0.7851239669421488,#kampusswastaterbaik,"#contributetotheworld, #entrepreneurialuniversity, #kampusberdampak, #safeaiuniversity, #sustainabilityuniversity"
kampusswastaterbaik,"entrepreneurialuniversity, safeaiuniversity, sustainabilityuniversity",0.1807994023160254,0.10310048561822936,0.1031,0.5702,5.531,1.0,0.08445997943996152,2.087016177696043,1.0,0.5702479338842976,0.5208470299909472,0.7851239669421488,#kampusswastaterbaik,"#entrepreneurialuniversity, #safeaiuniversity, #sustainabilityuniversity"
kampusswastaterbaik,"contributetotheworld, safeaiuniversity, sustainabilityuniversity",0.1807994023160254,0.10310048561822936,0.1031,0.5702,5.531,1.0,0.08445997943996152,2.087016177696043,1.0,0.5702479338842976,0.5208470299909472,0.7851239669421488,#kampusswastaterbaik,"#contributetotheworld, #safeaiuniversity, #sustainabilityuniversity"
kampusswastaterbaik,"creatingthefuture, entrepreneurialuniversity, safeaiuniversity",0.1807994023160254,0.10310048561822936,0.1031,0.5702,5.531,1.0,0.08445997943996152,2.087016177696043,1.0,0.5702479338842976,0.5208470299909472,0.7851239669421488,#kampusswastaterbaik,"#creatingthefuture, #entrepreneurialuniversity, #safeaiuniversity"
kampusswastaterbaik,"contributetotheworld, entrepreneurialuniversity, safeaiuniversity, sustainabilityuniversity",0.1807994023160254,0.10310048561822936,0.1031,0.5702,5.531,1.0,0.08445997943996152,2.087016177696043,1.0,0.5702479338842976,0.5208470299909472,0.7851239669421488,#kampusswastaterbaik,"#contributetotheworld, #entrepreneurialuniversity, #safeaiuniversity, #sustainabilityuniversity"
kampusswastaterbaik,"creatingthefuture, entrepreneurialuniversity, kampusberdampak, safeaiuniversity, sustainabilityuniversity",0.1807994023160254,0.10310048561822936,0.1031,0.5702,5.531,1.0,0.08445997943996152,2.087016177696043,1.0,0.5702479338842976,0.5208470299909472,0.7851239669421488,#kampusswastaterbaik,"#creatingthefuture, #entrepreneurialuniversity, #kampusberdampak, #safeaiuniversity, #sustainabilityuniversity"
kampusswastaterbaik,"contributetotheworld, entrepreneurialuniversity, kampusberdampak, safeaiuniversity",0.1807994023160254,0.10310048561822936,0.1031,0.5702,5.531,1.0,0.08445997943996152,2.087016177696043,1.0,0.5702479338842976,0.5208470299909472,0.7851239669421488,#kampusswastaterbaik,"#contributetotheworld, #entrepreneurialuniversity, #kampusberdampak, #safeaiuniversity"
kampusswastaterbaik,"contributetotheworld, creatingthefuture, safeaiuniversity, sustainabilityuniversity",0.1807994023160254,0.10310048561822936,0.1031,0.5702,5.531,1.0,0.08445997943996152,2.087016177696043,1.0,0.5702479338842976,0.5208470299909472,0.7851239669421488,#kampusswastaterbaik,"#contributetotheworld, #creatingthefuture, #safeaiuniversity, #sustainabilityuniversity"
kampusswastaterbaik,"contributetotheworld, safeaiuniversity",0.1807994023160254,0.10310048561822936,0.1031,0.5702,5.531,1.0,0.08445997943996152,2.087016177696043,1.0,0.5702479338842976,0.5208470299909472,0.7851239669421488,#kampusswastaterbaik,"#contributetotheworld, #safeaiuniversity"
kampusswastaterbaik,"creatingthefuture, kampusberdampak, safeaiuniversity",0.1807994023160254,0.10310048561822936,0.1031,0.5702,5.531,1.0,0.08445997943996152,2.087016177696043,1.0,0.5702479338842976,0.5208470299909472,0.7851239669421488,#kampusswastaterbaik,"#creatingthefuture, #kampusberdampak, #safeaiuniversity"
kampusswastaterbaik,"entrepreneurialuniversity, safeaiuniversity",0.1807994023160254,0.10310048561822936,0.1031,0.5702,5.531,1.0,0.08445997943996152,2.087016177696043,1.0,0.5702479338842976,0.5208470299909472,0.7851239669421488,#kampusswastaterbaik,"#entrepreneurialuniversity, #safeaiuniversity"
kampusswastaterbaik,"creatingthefuture, entrepreneurialuniversity, safeaiuniversity, sustainabilityuniversity",0.1807994023160254,0.10310048561822936,0.1031,0.5702,5.531,1.0,0.08445997943996152,2.087016177696043,1.0,0.5702479338842976,0.5208470299909472,0.7851239669421488,#kampusswastaterbaik,"#creatingthefuture, #entrepreneurialuniversity, #safeaiuniversity, #sustainabilityuniversity"
kampusswastaterbaik,"contributetotheworld, creatingthefuture, kampusberdampak, safeaiuniversity, sustainabilityuniversity",0.1807994023160254,0.10310048561822936,0.1031,0.5702,5.531,1.0,0.08445997943996152,2.087016177696043,1.0,0.5702479338842976,0.5208470299909472,0.7851239669421488,#kampusswastaterbaik,"#contributetotheworld, #creatingthefuture, #kampusberdampak, #safeaiuniversity, #sustainabilityuniversity"
kampusswastaterbaik,"contributetotheworld, creatingthefuture, entrepreneurialuniversity, kampusberdampak, safeaiuniversity, sustainabilityuniversity",0.1807994023160254,0.10310048561822936,0.1031,0.5702,5.531,1.0,0.08445997943996152,2.087016177696043,1.0,0.5702479338842976,0.5208470299909472,0.7851239669421488,#kampusswastaterbaik,"#contributetotheworld, #creatingthefuture, #entrepreneurialuniversity, #kampusberdampak, #safeaiuniversity, #sustainabilityuniversity"
kampusswastaterbaik,"entrepreneurialuniversity, kampusberdampak, safeaiuniversity, sustainabilityuniversity",0.1807994023160254,0.10310048561822936,0.1031,0.5702,5.531,1.0,0.08445997943996152,2.087016177696043,1.0,0.5702479338842976,0.5208470299909472,0.7851239669421488,#kampusswastaterbaik,"#entrepreneurialuniversity, #kampusberdampak, #safeaiuniversity, #sustainabilityuniversity"
kampusswastaterbaik,"contributetotheworld, creatingthefuture, entrepreneurialuniversity, safeaiuniversity",0.1807994023160254,0.10310048561822936,0.1031,0.5702,5.531,1.0,0.08445997943996152,2.087016177696043,1.0,0.5702479338842976,0.5208470299909472,0.7851239669421488,#kampusswastaterbaik,"#contributetotheworld, #creatingthefuture, #entrepreneurialuniversity, #safeaiuniversity"
"contributetotheworld, kampusswastaterbaik","creatingthefuture, entrepreneurialuniversity",0.1751961150541651,0.13896152409413523,0.1345,0.7676,5.5238,1.0,0.11013337512134874,3.70483527706285,0.9929196859903382,0.7484407484407485,0.7300824665023196,0.8676662769103789,"#contributetotheworld, #kampusswastaterbaik","#creatingthefuture, #entrepreneurialuniversity"
"creatingthefuture, entrepreneurialuniversity","contributetotheworld, kampusswastaterbaik",0.13896152409413523,0.1751961150541651,0.1345,0.9677,5.5238,1.0,0.11013337512134874,25.568920433320816,0.9511352133044108,0.7484407484407485,0.9608900187003272,0.8676662769103789,"#creatingthefuture, #entrepreneurialuniversity","#contributetotheworld, #kampusswastaterbaik"
"contributetotheworld, kampusswastaterbaik","creatingthefuture, entrepreneurialuniversity, sustainabilityuniversity",0.1751961150541651,0.1385879716100112,0.1341,0.7655,5.5233,1.0,0.10982526758121208,3.672747648317315,0.9928999636671915,0.7463617463617462,0.7277242828109484,0.8665567043488756,"#contributetotheworld, #kampusswastaterbaik","#creatingthefuture, #entrepreneurialuniversity, #sustainabilityuniversity"
"creatingthefuture, entrepreneurialuniversity, sustainabilityuniversity","contributetotheworld, kampusswastaterbaik",0.1385879716100112,0.1751961150541651,0.1341,0.9677,5.5233,1.0,0.10982526758121208,25.500186776241968,0.9507038680733559,0.7463617463617462,0.9607846009609748,0.8665567043488756,"#creatingthefuture, #entrepreneurialuniversity, #sustainabilityuniversity","#contributetotheworld, #kampusswastaterbaik"
"contributetotheworld, kampusswastaterbaik","creatingthefuture, sustainabilityuniversity",0.1751961150541651,0.1385879716100112,0.1341,0.7655,5.5233,1.0,0.10982526758121208,3.672747648317315,0.9928999636671915,0.7463617463617462,0.7277242828109484,0.8665567043488756,"#contributetotheworld, #kampusswastaterbaik","#creatingthefuture, #sustainabilityuniversity"
"creatingthefuture, sustainabilityuniversity","contributetotheworld, kampusswastaterbaik",0.1385879716100112,0.1751961150541651,0.1341,0.9677,5.5233,1.0,0.10982526758121208,25.500186776241968,0.9507038680733559,0.7463617463617462,0.9607846009609748,0.8665567043488756,"#creatingthefuture, #sustainabilityuniversity","#contributetotheworld, #kampusswastaterbaik"
"entrepreneurialuniversity, sustainabilityuniversity","contributetotheworld, kampusswastaterbaik",0.1385879716100112,0.1751961150541651,0.1341,0.9677,5.5233,1.0,0.10982526758121208,25.500186776241968,0.9507038680733559,0.7463617463617462,0.9607846009609748,0.8665567043488756,"#entrepreneurialuniversity, #sustainabilityuniversity","#contributetotheworld, #kampusswastaterbaik"
"contributetotheworld, kampusswastaterbaik","entrepreneurialuniversity, sustainabilityuniversity",0.1751961150541651,0.1385879716100112,0.1341,0.7655,5.5233,1.0,0.10982526758121208,3.672747648317315,0.9928999636671915,0.7463617463617462,0.7277242828109484,0.8665567043488756,"#contributetotheworld, #kampusswastaterbaik","#entrepreneurialuniversity, #sustainabilityuniversity"
"contributetotheworld, kampusswastaterbaik",sustainabilityuniversity,0.1751961150541651,0.1385879716100112,0.1341,0.7655,5.5233,1.0,0.10982526758121208,3.672747648317315,0.9928999636671915,0.7463617463617462,0.7277242828109484,0.8665567043488756,"#contributetotheworld, #kampusswastaterbaik",#sustainabilityuniversity
sustainabilityuniversity,"contributetotheworld, kampusswastaterbaik",0.1385879716100112,0.1751961150541651,0.1341,0.9677,5.5233,1.0,0.10982526758121208,25.500186776241968,0.9507038680733559,0.7463617463617462,0.9607846009609748,0.8665567043488756,#sustainabilityuniversity,"#contributetotheworld, #kampusswastaterbaik"
contributetotheworld,"creatingthefuture, entrepreneurialuniversity",0.17631677250653716,0.13896152409413523,0.1352,0.7669,5.5191,1.0,0.1107247518220277,3.694637823886983,0.994086769145964,0.7510373443983401,0.7293374756424869,0.8700337160561327,#contributetotheworld,"#creatingthefuture, #entrepreneurialuniversity"
"creatingthefuture, entrepreneurialuniversity",contributetotheworld,0.13896152409413523,0.17631677250653716,0.1352,0.9731,5.5191,1.0,0.1107247518220277,30.64101606275672,0.950959360506226,0.7510373443983401,0.9673640065345132,0.8700337160561327,"#creatingthefuture, #entrepreneurialuniversity",#contributetotheworld
contributetotheworld,sustainabilityuniversity,0.17631677250653716,0.1385879716100112,0.1349,0.7648,5.5187,1.0,0.11041706290626623,3.662941237838512,0.994070389005094,0.7489626556016599,0.7269953474355771,0.8689381652885011,#contributetotheworld,#sustainabilityuniversity
contributetotheworld,"creatingthefuture, entrepreneurialuniversity, sustainabilityuniversity",0.17631677250653716,0.1385879716100112,0.1349,0.7648,5.5187,1.0,0.11041706290626623,3.662941237838512,0.994070389005094,0.7489626556016599,0.7269953474355771,0.8689381652885011,#contributetotheworld,"#creatingthefuture, #entrepreneurialuniversity, #sustainabilityuniversity"
contributetotheworld,"entrepreneurialuniversity, sustainabilityuniversity",0.17631677250653716,0.1385879716100112,0.1349,0.7648,5.5187,1.0,0.11041706290626623,3.662941237838512,0.994070389005094,0.7489626556016599,0.7269953474355771,0.8689381652885011,#contributetotheworld,"#entrepreneurialuniversity, #sustainabilityuniversity"
contributetotheworld,"creatingthefuture, sustainabilityuniversity",0.17631677250653716,0.1385879716100112,0.1349,0.7648,5.5187,1.0,0.11041706290626623,3.662941237838512,0.994070389005094,0.7489626556016599,0.7269953474355771,0.8689381652885011,#contributetotheworld,"#creatingthefuture, #sustainabilityuniversity"
"entrepreneurialuniversity, sustainabilityuniversity",contributetotheworld,0.1385879716100112,0.17631677250653716,0.1349,0.973,5.5187,1.0,0.11041706290626623,30.55864774000732,0.9505313129905606,0.7489626556016599,0.9672760388971399,0.8689381652885011,"#entrepreneurialuniversity, #sustainabilityuniversity",#contributetotheworld
"creatingthefuture, sustainabilityuniversity",contributetotheworld,0.1385879716100112,0.17631677250653716,0.1349,0.973,5.5187,1.0,0.11041706290626623,30.55864774000732,0.9505313129905606,0.7489626556016599,0.9672760388971399,0.8689381652885011,"#creatingthefuture, #sustainabilityuniversity",#contributetotheworld
"creatingthefuture, entrepreneurialuniversity, sustainabilityuniversity",contributetotheworld,0.1385879716100112,0.17631677250653716,0.1349,0.973,5.5187,1.0,0.11041706290626623,30.55864774000732,0.9505313129905606,0.7489626556016599,0.9672760388971399,0.8689381652885011,"#creatingthefuture, #entrepreneurialuniversity, #sustainabilityuniversity",#contributetotheworld
sustainabilityuniversity,contributetotheworld,0.1385879716100112,0.17631677250653716,0.1349,0.973,5.5187,1.0,0.11041706290626623,30.55864774000732,0.9505313129905606,0.7489626556016599,0.9672760388971399,0.8689381652885011,#sustainabilityuniversity,#contributetotheworld
contributetotheworld,"entrepreneurialuniversity, kampusswastaterbaik",0.17631677250653716,0.1382144191258872,0.1345,0.7627,5.5183,1.0,0.11010937399050476,3.631810662255191,0.9940539178634415,0.7468879668049792,0.7246552496822494,0.8678424186898763,#contributetotheworld,"#entrepreneurialuniversity, #kampusswastaterbaik"
"entrepreneurialuniversity, kampusswastaterbaik",contributetotheworld,0.1382144191258872,0.17631677250653716,0.1345,0.973,5.5183,1.0,0.11010937399050476,30.476279417258063,0.9501035495833935,0.7468879668049792,0.9671875957590241,0.8678424186898763,"#entrepreneurialuniversity, #kampusswastaterbaik",#contributetotheworld
contributetotheworld,"creatingthefuture, entrepreneurialuniversity, kampusswastaterbaik",0.17631677250653716,0.1382144191258872,0.1345,0.7627,5.5183,1.0,0.11010937399050476,3.631810662255191,0.9940539178634415,0.7468879668049792,0.7246552496822494,0.8678424186898763,#contributetotheworld,"#creatingthefuture, #entrepreneurialuniversity, #kampusswastaterbaik"
"creatingthefuture, entrepreneurialuniversity, kampusswastaterbaik",contributetotheworld,0.1382144191258872,0.17631677250653716,0.1345,0.973,5.5183,1.0,0.11010937399050476,30.476279417258063,0.9501035495833935,0.7468879668049792,0.9671875957590241,0.8678424186898763,"#creatingthefuture, #entrepreneurialuniversity, #kampusswastaterbaik",#contributetotheworld
contributetotheworld,"creatingthefuture, kampusswastaterbaik, sustainabilityuniversity",0.17631677250653716,0.13784086664176318,0.1341,0.7606,5.5179,1.0,0.10980168507474329,3.6012310703105124,0.9940373549605543,0.7448132780082989,0.7223171797432659,0.8667464746681366,#contributetotheworld,"#creatingthefuture, #kampusswastaterbaik, #sustainabilityuniversity"
"creatingthefuture, kampusswastaterbaik, sustainabilityuniversity",contributetotheworld,0.13784086664176318,0.17631677250653716,0.1341,0.9729,5.5179,1.0,0.10980168507474329,30.39391109450874,0.9496760691889178,0.7448132780082989,0.9670986732543061,0.8667464746681366,"#creatingthefuture, #kampusswastaterbaik, #sustainabilityuniversity",#contributetotheworld
"creatingthefuture, entrepreneurialuniversity, kampusswastaterbaik, sustainabilityuniversity",contributetotheworld,0.13784086664176318,0.17631677250653716,0.1341,0.9729,5.5179,1.0,0.10980168507474329,30.39391109450874,0.9496760691889178,0.7448132780082989,0.9670986732543061,0.8667464746681366,"#creatingthefuture, #entrepreneurialuniversity, #kampusswastaterbaik, #sustainabilityuniversity",#contributetotheworld
"kampusswastaterbaik, sustainabilityuniversity",contributetotheworld,0.13784086664176318,0.17631677250653716,0.1341,0.9729,5.5179,1.0,0.10980168507474329,30.39391109450874,0.9496760691889178,0.7448132780082989,0.9670986732543061,0.8667464746681366,"#kampusswastaterbaik, #sustainabilityuniversity",#contributetotheworld
contributetotheworld,"entrepreneurialuniversity, kampusswastaterbaik, sustainabilityuniversity",0.17631677250653716,0.13784086664176318,0.1341,0.7606,5.5179,1.0,0.10980168507474329,3.6012310703105124,0.9940373549605543,0.7448132780082989,0.7223171797432659,0.8667464746681366,#contributetotheworld,"#entrepreneurialuniversity, #kampusswastaterbaik, #sustainabilityuniversity"
"entrepreneurialuniversity, kampusswastaterbaik, sustainabilityuniversity",contributetotheworld,0.13784086664176318,0.17631677250653716,0.1341,0.9729,5.5179,1.0,0.10980168507474329,30.39391109450874,0.9496760691889178,0.7448132780082989,0.9670986732543061,0.8667464746681366,"#entrepreneurialuniversity, #kampusswastaterbaik, #sustainabilityuniversity",#contributetotheworld
contributetotheworld,"kampusswastaterbaik, sustainabilityuniversity",0.17631677250653716,0.13784086664176318,0.1341,0.7606,5.5179,1.0,0.10980168507474329,3.6012310703105124,0.9940373549605543,0.7448132780082989,0.7223171797432659,0.8667464746681366,#contributetotheworld,"#kampusswastaterbaik, #sustainabilityuniversity"
contributetotheworld,"creatingthefuture, entrepreneurialuniversity, kampusswastaterbaik, sustainabilityuniversity",0.17631677250653716,0.13784086664176318,0.1341,0.7606,5.5179,1.0,0.10980168507474329,3.6012310703105124,0.9940373549605543,0.7448132780082989,0.7223171797432659,0.8667464746681366,#contributetotheworld,"#creatingthefuture, #entrepreneurialuniversity, #kampusswastaterbaik, #sustainabilityuniversity"
kampusswastaterbaik,"contributetotheworld, kampusberdampak",0.1807994023160254,0.14456481135599553,0.1442,0.7975,5.5167,1.0,0.11805402738277855,4.224802360241821,0.9994282325534142,0.7958762886597938,0.7633025370818147,0.8974683409144297,#kampusswastaterbaik,"#contributetotheworld, #kampusberdampak"
"contributetotheworld, kampusberdampak",kampusswastaterbaik,0.14456481135599553,0.1807994023160254,0.1442,0.9974,5.5167,1.0,0.11805402738277855,317.03063130370214,0.957094372921239,0.7958762886597938,0.9968457306605113,0.8974683409144297,"#contributetotheworld, #kampusberdampak",#kampusswastaterbaik
"contributetotheworld, kampusswastaterbaik",creatingthefuture,0.1751961150541651,0.13933507657825925,0.1345,0.7676,5.509,1.0,0.11006793017736138,3.703227973255013,0.9923296598228664,0.7468879668049792,0.7299653147950723,0.8663690357099985,"#contributetotheworld, #kampusswastaterbaik",#creatingthefuture
creatingthefuture,"contributetotheworld, kampusswastaterbaik",0.13933507657825925,0.1751961150541651,0.1345,0.9651,5.509,1.0,0.11006793017736138,23.66552685267663,0.9509825906635803,0.7468879668049792,0.9577444437968683,0.8663690357099985,#creatingthefuture,"#contributetotheworld, #kampusswastaterbaik"
"contributetotheworld, kampusswastaterbaik",entrepreneurialuniversity,0.1751961150541651,0.13933507657825925,0.1345,0.7676,5.509,1.0,0.11006793017736138,3.703227973255013,0.9923296598228664,0.7468879668049792,0.7299653147950723,0.8663690357099985,"#contributetotheworld, #kampusswastaterbaik",#entrepreneurialuniversity
entrepreneurialuniversity,"contributetotheworld, kampusswastaterbaik",0.13933507657825925,0.1751961150541651,0.1345,0.9651,5.509,1.0,0.11006793017736138,23.66552685267663,0.9509825906635803,0.7468879668049792,0.9577444437968683,0.8663690357099985,#entrepreneurialuniversity,"#contributetotheworld, #kampusswastaterbaik"
creatingthefuture,contributetotheworld,0.13933507657825925,0.17631677250653716,0.1352,0.9705,5.5044,1.0,0.11065888825366516,27.930349441369117,0.9508061886126459,0.7494824016563147,0.9641966527451014,0.8687292679601943,#creatingthefuture,#contributetotheworld
contributetotheworld,creatingthefuture,0.17631677250653716,0.13933507657825925,0.1352,0.7669,5.5044,1.0,0.11065888825366516,3.6930349441369232,0.9934954460605605,0.7494824016563147,0.7292200005885122,0.8687292679601943,#contributetotheworld,#creatingthefuture
contributetotheworld,entrepreneurialuniversity,0.17631677250653716,0.13933507657825925,0.1352,0.7669,5.5044,1.0,0.11065888825366516,3.6930349441369232,0.9934954460605605,0.7494824016563147,0.7292200005885122,0.8687292679601943,#contributetotheworld,#entrepreneurialuniversity
entrepreneurialuniversity,contributetotheworld,0.13933507657825925,0.17631677250653716,0.1352,0.9705,5.5044,1.0,0.11065888825366516,27.930349441369117,0.9508061886126459,0.7494824016563147,0.9641966527451014,0.8687292679601943,#entrepreneurialuniversity,#contributetotheworld
contributetotheworld,"creatingthefuture, kampusswastaterbaik",0.17631677250653716,0.1385879716100112,0.1345,0.7627,5.5034,1.0,0.11004351042214221,3.630236405357811,0.9934593096497857,0.7453416149068324,0.7245358460611229,0.8665311343597241,#contributetotheworld,"#creatingthefuture, #kampusswastaterbaik"
"creatingthefuture, kampusswastaterbaik",contributetotheworld,0.1385879716100112,0.17631677250653716,0.1345,0.9704,5.5034,1.0,0.11004351042214221,27.78058885455218,0.9499469981690277,0.7453416149068324,0.9640036427868539,0.8665311343597241,"#creatingthefuture, #kampusswastaterbaik",#contributetotheworld
creatingthefuture,kampusswastaterbaik,0.13933507657825925,0.1807994023160254,0.1386,0.9946,5.5013,1.0,0.11339627304300431,152.78091146806116,0.9506904668313867,0.7633744855967078,0.9934546797084068,0.8805834976624642,#creatingthefuture,#kampusswastaterbaik
kampusswastaterbaik,creatingthefuture,0.1807994023160254,0.13933507657825925,0.1386,0.7665,5.5013,1.0,0.11339627304300431,3.6863878135940054,0.9988102305424145,0.7633744855967078,0.728731742137282,0.8805834976624642,#kampusswastaterbaik,#creatingthefuture
kampusswastaterbaik,"creatingthefuture, entrepreneurialuniversity",0.1807994023160254,0.13896152409413523,0.1382,0.7645,5.5013,1.0,0.11309025862474359,3.655637038056479,0.9988070149492859,0.7613168724279836,0.7264498664419785,0.8795432329156669,#kampusswastaterbaik,"#creatingthefuture, #entrepreneurialuniversity"
"creatingthefuture, entrepreneurialuniversity",kampusswastaterbaik,0.13896152409413523,0.1807994023160254,0.1382,0.9946,5.5013,1.0,0.11309025862474359,152.3713111692194,0.9502749604268043,0.7613168724279836,0.9934370847613865,0.8795432329156669,"#creatingthefuture, #entrepreneurialuniversity",#kampusswastaterbaik
kampusswastaterbaik,"creatingthefuture, entrepreneurialuniversity, sustainabilityuniversity",0.1807994023160254,0.1385879716100112,0.1378,0.7624,5.5012,1.0,0.11278424420648285,3.625421058615258,0.9988037819274682,0.7592592592592593,0.7241699698236007,0.8785029293176807,#kampusswastaterbaik,"#creatingthefuture, #entrepreneurialuniversity, #sustainabilityuniversity"
"creatingthefuture, sustainabilityuniversity",kampusswastaterbaik,0.1385879716100112,0.1807994023160254,0.1378,0.9946,5.5012,1.0,0.11278424420648285,151.96171087037777,0.9498597978174057,0.7592592592592593,0.9934193949628997,0.8785029293176807,"#creatingthefuture, #sustainabilityuniversity",#kampusswastaterbaik
kampusswastaterbaik,"creatingthefuture, sustainabilityuniversity",0.1807994023160254,0.1385879716100112,0.1378,0.7624,5.5012,1.0,0.11278424420648285,3.625421058615258,0.9988037819274682,0.7592592592592593,0.7241699698236007,0.8785029293176807,#kampusswastaterbaik,"#creatingthefuture, #sustainabilityuniversity"
"entrepreneurialuniversity, sustainabilityuniversity",kampusswastaterbaik,0.1385879716100112,0.1807994023160254,0.1378,0.9946,5.5012,1.0,0.11278424420648285,151.96171087037777,0.9498597978174057,0.7592592592592593,0.9934193949628997,0.8785029293176807,"#entrepreneurialuniversity, #sustainabilityuniversity",#kampusswastaterbaik
kampusswastaterbaik,"entrepreneurialuniversity, sustainabilityuniversity",0.1807994023160254,0.1385879716100112,0.1378,0.7624,5.5012,1.0,0.11278424420648285,3.625421058615258,0.9988037819274682,0.7592592592592593,0.7241699698236007,0.8785029293176807,#kampusswastaterbaik,"#entrepreneurialuniversity, #sustainabilityuniversity"
"creatingthefuture, entrepreneurialuniversity, sustainabilityuniversity",kampusswastaterbaik,0.1385879716100112,0.1807994023160254,0.1378,0.9946,5.5012,1.0,0.11278424420648285,151.96171087037777,0.9498597978174057,0.7592592592592593,0.9934193949628997,0.8785029293176807,"#creatingthefuture, #entrepreneurialuniversity, #sustainabilityuniversity",#kampusswastaterbaik
sustainabilityuniversity,kampusswastaterbaik,0.1385879716100112,0.1807994023160254,0.1378,0.9946,5.5012,1.0,0.11278424420648285,151.96171087037777,0.9498597978174057,0.7592592592592593,0.9934193949628997,0.8785029293176807,#sustainabilityuniversity,#kampusswastaterbaik
kampusswastaterbaik,sustainabilityuniversity,0.1807994023160254,0.1385879716100112,0.1378,0.7624,5.5012,1.0,0.11278424420648285,3.625421058615258,0.9988037819274682,0.7592592592592593,0.7241699698236007,0.8785029293176807,#kampusswastaterbaik,#sustainabilityuniversity
"contributetotheworld, creatingthefuture, entrepreneurialuniversity",kampusswastaterbaik,0.13522599925289502,0.1807994023160254,0.1345,0.9945,5.5004,1.0,0.11003011444213627,148.27530818079978,0.9461387089032878,0.7407407407407406,0.9932557887603197,0.8691383955070544,"#contributetotheworld, #creatingthefuture, #entrepreneurialuniversity",#kampusswastaterbaik
"contributetotheworld, entrepreneurialuniversity",kampusswastaterbaik,0.13522599925289502,0.1807994023160254,0.1345,0.9945,5.5004,1.0,0.11003011444213627,148.27530818079978,0.9461387089032878,0.7407407407407406,0.9932557887603197,0.8691383955070544,"#contributetotheworld, #entrepreneurialuniversity",#kampusswastaterbaik
"contributetotheworld, creatingthefuture",kampusswastaterbaik,0.13522599925289502,0.1807994023160254,0.1345,0.9945,5.5004,1.0,0.11003011444213627,148.27530818079978,0.9461387089032878,0.7407407407407406,0.9932557887603197,0.8691383955070544,"#contributetotheworld, #creatingthefuture",#kampusswastaterbaik
kampusswastaterbaik,"contributetotheworld, entrepreneurialuniversity",0.1807994023160254,0.13522599925289502,0.1345,0.7438,5.5004,1.0,0.11003011444213627,3.375408196464506,0.998773876475655,0.7407407407407406,0.7037395355478999,0.8691383955070544,#kampusswastaterbaik,"#contributetotheworld, #entrepreneurialuniversity"
kampusswastaterbaik,"contributetotheworld, creatingthefuture",0.1807994023160254,0.13522599925289502,0.1345,0.7438,5.5004,1.0,0.11003011444213627,3.375408196464506,0.998773876475655,0.7407407407407406,0.7037395355478999,0.8691383955070544,#kampusswastaterbaik,"#contributetotheworld, #creatingthefuture"
kampusswastaterbaik,"contributetotheworld, creatingthefuture, entrepreneurialuniversity",0.1807994023160254,0.13522599925289502,0.1345,0.7438,5.5004,1.0,0.11003011444213627,3.375408196464506,0.998773876475655,0.7407407407407406,0.7037395355478999,0.8691383955070544,#kampusswastaterbaik,"#contributetotheworld, #creatingthefuture, #entrepreneurialuniversity"
"contributetotheworld, entrepreneurialuniversity, sustainabilityuniversity",kampusswastaterbaik,0.134852446768771,0.1807994023160254,0.1341,0.9945,5.5003,1.0,0.10972410002387555,147.86570788195883,0.9457269521459053,0.7386831275720166,0.9932371067347251,0.8680976854925483,"#contributetotheworld, #entrepreneurialuniversity, #sustainabilityuniversity",#kampusswastaterbaik
kampusswastaterbaik,"contributetotheworld, sustainabilityuniversity",0.1807994023160254,0.134852446768771,0.1341,0.7417,5.5003,1.0,0.10972410002387555,3.349851326111319,0.9987704610897933,0.7386831275720166,0.7014792888850826,0.8680976854925483,#kampusswastaterbaik,"#contributetotheworld, #sustainabilityuniversity"
"contributetotheworld, sustainabilityuniversity",kampusswastaterbaik,0.134852446768771,0.1807994023160254,0.1341,0.9945,5.5003,1.0,0.10972410002387555,147.86570788195883,0.9457269521459053,0.7386831275720166,0.9932371067347251,0.8680976854925483,"#contributetotheworld, #sustainabilityuniversity",#kampusswastaterbaik
kampusswastaterbaik,"contributetotheworld, entrepreneurialuniversity, sustainabilityuniversity",0.1807994023160254,0.134852446768771,0.1341,0.7417,5.5003,1.0,0.10972410002387555,3.349851326111319,0.9987704610897933,0.7386831275720166,0.7014792888850826,0.8680976854925483,#kampusswastaterbaik,"#contributetotheworld, #entrepreneurialuniversity, #sustainabilityuniversity"
kampusswastaterbaik,"contributetotheworld, creatingthefuture, entrepreneurialuniversity, sustainabilityuniversity",0.1807994023160254,0.134852446768771,0.1341,0.7417,5.5003,1.0,0.10972410002387555,3.349851326111319,0.9987704610897933,0.7386831275720166,0.7014792888850826,0.8680976854925483,#kampusswastaterbaik,"#contributetotheworld, #creatingthefuture, #entrepreneurialuniversity, #sustainabilityuniversity"
"contributetotheworld, creatingthefuture, sustainabilityuniversity",kampusswastaterbaik,0.134852446768771,0.1807994023160254,0.1341,0.9945,5.5003,1.0,0.10972410002387555,147.86570788195883,0.9457269521459053,0.7386831275720166,0.9932371067347251,0.8680976854925483,"#contributetotheworld, #creatingthefuture, #sustainabilityuniversity",#kampusswastaterbaik
kampusswastaterbaik,"contributetotheworld, creatingthefuture, sustainabilityuniversity",0.1807994023160254,0.134852446768771,0.1341,0.7417,5.5003,1.0,0.10972410002387555,3.349851326111319,0.9987704610897933,0.7386831275720166,0.7014792888850826,0.8680976854925483,#kampusswastaterbaik,"#contributetotheworld, #creatingthefuture, #sustainabilityuniversity"
"contributetotheworld, creatingthefuture, entrepreneurialuniversity, sustainabilityuniversity",kampusswastaterbaik,0.134852446768771,0.1807994023160254,0.1341,0.9945,5.5003,1.0,0.10972410002387555,147.86570788195883,0.9457269521459053,0.7386831275720166,0.9932371067347251,0.8680976854925483,"#contributetotheworld, #creatingthefuture, #entrepreneurialuniversity, #sustainabilityuniversity",#kampusswastaterbaik
contributetotheworld,kampusswastaterbaik,0.17631677250653716,0.1807994023160254,0.1752,0.9936,5.4958,1.0,0.14331814796669257,128.88756070227902,0.9931537647041758,0.9630390143737168,0.9922412993577407,0.98132616612971,#contributetotheworld,#kampusswastaterbaik
kampusswastaterbaik,contributetotheworld,0.1807994023160254,0.17631677250653716,0.1752,0.969,5.4958,1.0,0.14331814796669257,26.57751214045568,0.9985882586286858,0.9630390143737168,0.9623742058806992,0.98132616612971,#kampusswastaterbaik,#contributetotheworld
entrepreneurialuniversity,kampusswastaterbaik,0.13933507657825925,0.1807994023160254,0.1382,0.992,5.4865,1.0,0.1130227205588803,101.85394097870744,0.950119650900901,0.7597535934291582,0.9901820195626102,0.8782099572374981,#entrepreneurialuniversity,#kampusswastaterbaik
kampusswastaterbaik,entrepreneurialuniversity,0.1807994023160254,0.13933507657825925,0.1382,0.7645,5.4865,1.0,0.1130227205588803,3.6540510783870395,0.9982105224239287,0.7597535934291582,0.7263311380853994,0.8782099572374981,#kampusswastaterbaik,#entrepreneurialuniversity
"contributetotheworld, entrepreneurialuniversity, sustainabilityuniversity","kampusberdampak, kampusswastaterbaik",0.134852446768771,0.14456481135599553,0.1035,0.7673,5.3077,1.0,0.08397911957433157,3.676334560720067,0.9381012950250339,0.5881104033970276,0.727989935767942,0.7415376466461951,"#contributetotheworld, #entrepreneurialuniversity, #sustainabilityuniversity","#kampusberdampak, #kampusswastaterbaik"
"contributetotheworld, creatingthefuture, sustainabilityuniversity","kampusberdampak, kampusswastaterbaik",0.134852446768771,0.14456481135599553,0.1035,0.7673,5.3077,1.0,0.08397911957433157,3.676334560720067,0.9381012950250339,0.5881104033970276,0.727989935767942,0.7415376466461951,"#contributetotheworld, #creatingthefuture, #sustainabilityuniversity","#kampusberdampak, #kampusswastaterbaik"
"kampusberdampak, kampusswastaterbaik","contributetotheworld, creatingthefuture, sustainabilityuniversity",0.14456481135599553,0.134852446768771,0.1035,0.7158,5.3077,1.0,0.08397911957433157,3.0437463918225953,0.9487522267589424,0.5881104033970276,0.6714575160773498,0.7415376466461951,"#kampusberdampak, #kampusswastaterbaik","#contributetotheworld, #creatingthefuture, #sustainabilityuniversity"
"kampusberdampak, kampusswastaterbaik","contributetotheworld, entrepreneurialuniversity, sustainabilityuniversity",0.14456481135599553,0.134852446768771,0.1035,0.7158,5.3077,1.0,0.08397911957433157,3.0437463918225953,0.9487522267589424,0.5881104033970276,0.6714575160773498,0.7415376466461951,"#kampusberdampak, #kampusswastaterbaik","#contributetotheworld, #entrepreneurialuniversity, #sustainabilityuniversity"
"kampusberdampak, kampusswastaterbaik","contributetotheworld, creatingthefuture, entrepreneurialuniversity, sustainabilityuniversity",0.14456481135599553,0.134852446768771,0.1035,0.7158,5.3077,1.0,0.08397911957433157,3.0437463918225953,0.9487522267589424,0.5881104033970276,0.6714575160773498,0.7415376466461951,"#kampusberdampak, #kampusswastaterbaik","#contributetotheworld, #creatingthefuture, #entrepreneurialuniversity, #sustainabilityuniversity"
"contributetotheworld, creatingthefuture, entrepreneurialuniversity, sustainabilityuniversity","kampusberdampak, kampusswastaterbaik",0.134852446768771,0.14456481135599553,0.1035,0.7673,5.3077,1.0,0.08397911957433157,3.676334560720067,0.9381012950250339,0.5881104033970276,0.727989935767942,0.7415376466461951,"#contributetotheworld, #creatingthefuture, #entrepreneurialuniversity, #sustainabilityuniversity","#kampusberdampak, #kampusswastaterbaik"
"kampusberdampak, kampusswastaterbaik","contributetotheworld, sustainabilityuniversity",0.14456481135599553,0.134852446768771,0.1035,0.7158,5.3077,1.0,0.08397911957433157,3.0437463918225953,0.9487522267589424,0.5881104033970276,0.6714575160773498,0.7415376466461951,"#kampusberdampak, #kampusswastaterbaik","#contributetotheworld, #sustainabilityuniversity"
"contributetotheworld, sustainabilityuniversity","kampusberdampak, kampusswastaterbaik",0.134852446768771,0.14456481135599553,0.1035,0.7673,5.3077,1.0,0.08397911957433157,3.676334560720067,0.9381012950250339,0.5881104033970276,0.727989935767942,0.7415376466461951,"#contributetotheworld, #sustainabilityuniversity","#kampusberdampak, #kampusswastaterbaik"
"kampusberdampak, kampusswastaterbaik","contributetotheworld, entrepreneurialuniversity",0.14456481135599553,0.13522599925289502,0.1035,0.7158,5.2931,1.0,0.08392511702993262,3.0424321662648137,0.9481421342203584,0.586864406779661,0.6713155970778151,0.7404778220337773,"#kampusberdampak, #kampusswastaterbaik","#contributetotheworld, #entrepreneurialuniversity"
"kampusberdampak, kampusswastaterbaik","contributetotheworld, creatingthefuture, entrepreneurialuniversity",0.14456481135599553,0.13522599925289502,0.1035,0.7158,5.2931,1.0,0.08392511702993262,3.0424321662648137,0.9481421342203584,0.586864406779661,0.6713155970778151,0.7404778220337773,"#kampusberdampak, #kampusswastaterbaik","#contributetotheworld, #creatingthefuture, #entrepreneurialuniversity"
"kampusberdampak, kampusswastaterbaik","contributetotheworld, creatingthefuture",0.14456481135599553,0.13522599925289502,0.1035,0.7158,5.2931,1.0,0.08392511702993262,3.0424321662648137,0.9481421342203584,0.586864406779661,0.6713155970778151,0.7404778220337773,"#kampusberdampak, #kampusswastaterbaik","#contributetotheworld, #creatingthefuture"
"contributetotheworld, entrepreneurialuniversity","kampusberdampak, kampusswastaterbaik",0.13522599925289502,0.14456481135599553,0.1035,0.7652,5.2931,1.0,0.08392511702993262,3.6431475092838776,0.9379030183000522,0.586864406779661,0.7255120750802191,0.7404778220337773,"#contributetotheworld, #entrepreneurialuniversity","#kampusberdampak, #kampusswastaterbaik"
"contributetotheworld, creatingthefuture, entrepreneurialuniversity","kampusberdampak, kampusswastaterbaik",0.13522599925289502,0.14456481135599553,0.1035,0.7652,5.2931,1.0,0.08392511702993262,3.6431475092838776,0.9379030183000522,0.586864406779661,0.7255120750802191,0.7404778220337773,"#contributetotheworld, #creatingthefuture, #entrepreneurialuniversity","#kampusberdampak, #kampusswastaterbaik"
"contributetotheworld, creatingthefuture","kampusberdampak, kampusswastaterbaik",0.13522599925289502,0.14456481135599553,0.1035,0.7652,5.2931,1.0,0.08392511702993262,3.6431475092838776,0.9379030183000522,0.586864406779661,0.7255120750802191,0.7404778220337773,"#contributetotheworld, #creatingthefuture","#kampusberdampak, #kampusswastaterbaik"
"kampusswastaterbaik, sustainabilityuniversity","contributetotheworld, kampusberdampak",0.13784086664176318,0.14456481135599553,0.1035,0.7507,5.1927,1.0,0.08354709921913994,3.431038963148235,0.9365102703514381,0.5782881002087682,0.7085430941645661,0.7332198903384382,"#kampusswastaterbaik, #sustainabilityuniversity","#contributetotheworld, #kampusberdampak"
"creatingthefuture, kampusswastaterbaik, sustainabilityuniversity","contributetotheworld, kampusberdampak",0.13784086664176318,0.14456481135599553,0.1035,0.7507,5.1927,1.0,0.08354709921913994,3.431038963148235,0.9365102703514381,0.5782881002087682,0.7085430941645661,0.7332198903384382,"#creatingthefuture, #kampusswastaterbaik, #sustainabilityuniversity","#contributetotheworld, #kampusberdampak"
"entrepreneurialuniversity, kampusswastaterbaik, sustainabilityuniversity","contributetotheworld, kampusberdampak",0.13784086664176318,0.14456481135599553,0.1035,0.7507,5.1927,1.0,0.08354709921913994,3.431038963148235,0.9365102703514381,0.5782881002087682,0.7085430941645661,0.7332198903384382,"#entrepreneurialuniversity, #kampusswastaterbaik, #sustainabilityuniversity","#contributetotheworld, #kampusberdampak"
"creatingthefuture, entrepreneurialuniversity, kampusswastaterbaik, sustainabilityuniversity","contributetotheworld, kampusberdampak",0.13784086664176318,0.14456481135599553,0.1035,0.7507,5.1927,1.0,0.08354709921913994,3.431038963148235,0.9365102703514381,0.5782881002087682,0.7085430941645661,0.7332198903384382,"#creatingthefuture, #entrepreneurialuniversity, #kampusswastaterbaik, #sustainabilityuniversity","#contributetotheworld, #kampusberdampak"
"contributetotheworld, kampusberdampak","kampusswastaterbaik, sustainabilityuniversity",0.14456481135599553,0.13784086664176318,0.1035,0.7158,5.1927,1.0,0.08354709921913994,3.033232587360341,0.9438714864502702,0.5782881002087682,0.6703187206391429,0.7332198903384382,"#contributetotheworld, #kampusberdampak","#kampusswastaterbaik, #sustainabilityuniversity"
"contributetotheworld, kampusberdampak","creatingthefuture, entrepreneurialuniversity, kampusswastaterbaik, sustainabilityuniversity",0.14456481135599553,0.13784086664176318,0.1035,0.7158,5.1927,1.0,0.08354709921913994,3.033232587360341,0.9438714864502702,0.5782881002087682,0.6703187206391429,0.7332198903384382,"#contributetotheworld, #kampusberdampak","#creatingthefuture, #entrepreneurialuniversity, #kampusswastaterbaik, #sustainabilityuniversity"
"contributetotheworld, kampusberdampak","creatingthefuture, kampusswastaterbaik, sustainabilityuniversity",0.14456481135599553,0.13784086664176318,0.1035,0.7158,5.1927,1.0,0.08354709921913994,3.033232587360341,0.9438714864502702,0.5782881002087682,0.6703187206391429,0.7332198903384382,"#contributetotheworld, #kampusberdampak","#creatingthefuture, #kampusswastaterbaik, #sustainabilityuniversity"
"contributetotheworld, kampusberdampak","entrepreneurialuniversity, kampusswastaterbaik, sustainabilityuniversity",0.14456481135599553,0.13784086664176318,0.1035,0.7158,5.1927,1.0,0.08354709921913994,3.033232587360341,0.9438714864502702,0.5782881002087682,0.6703187206391429,0.7332198903384382,"#contributetotheworld, #kampusberdampak","#entrepreneurialuniversity, #kampusswastaterbaik, #sustainabilityuniversity"
"creatingthefuture, entrepreneurialuniversity, kampusswastaterbaik","contributetotheworld, kampusberdampak",0.1382144191258872,0.14456481135599553,0.1035,0.7486,5.1786,1.0,0.083493096674741,3.4033442989062532,0.9363106164099531,0.5770833333333334,0.7061713678744245,0.7322054612752287,"#creatingthefuture, #entrepreneurialuniversity, #kampusswastaterbaik","#contributetotheworld, #kampusberdampak"
"contributetotheworld, kampusberdampak","creatingthefuture, entrepreneurialuniversity, kampusswastaterbaik",0.14456481135599553,0.1382144191258872,0.1035,0.7158,5.1786,1.0,0.083493096674741,3.0319183618025596,0.9432613939116863,0.5770833333333334,0.6701758158799922,0.7322054612752287,"#contributetotheworld, #kampusberdampak","#creatingthefuture, #entrepreneurialuniversity, #kampusswastaterbaik"
"entrepreneurialuniversity, kampusswastaterbaik","contributetotheworld, kampusberdampak",0.1382144191258872,0.14456481135599553,0.1035,0.7486,5.1786,1.0,0.083493096674741,3.4033442989062532,0.9363106164099531,0.5770833333333334,0.7061713678744245,0.7322054612752287,"#entrepreneurialuniversity, #kampusswastaterbaik","#contributetotheworld, #kampusberdampak"
"contributetotheworld, kampusberdampak","entrepreneurialuniversity, kampusswastaterbaik",0.14456481135599553,0.1382144191258872,0.1035,0.7158,5.1786,1.0,0.083493096674741,3.0319183618025596,0.9432613939116863,0.5770833333333334,0.6701758158799922,0.7322054612752287,"#contributetotheworld, #kampusberdampak","#entrepreneurialuniversity, #kampusswastaterbaik"
"creatingthefuture, entrepreneurialuniversity, sustainabilityuniversity","contributetotheworld, kampusberdampak, kampusswastaterbaik",0.1385879716100112,0.1441912588718715,0.1035,0.7466,5.1781,1.0,0.08349086401140668,3.3777132229631444,0.9366916003143582,0.5770833333333334,0.7039417102667062,0.732123654036842,"#creatingthefuture, #entrepreneurialuniversity, #sustainabilityuniversity","#contributetotheworld, #kampusberdampak, #kampusswastaterbaik"
"contributetotheworld, kampusberdampak, kampusswastaterbaik","creatingthefuture, sustainabilityuniversity",0.1441912588718715,0.1385879716100112,0.1035,0.7176,5.1781,1.0,0.08349086401140668,3.0505049812709695,0.9428244567110039,0.5770833333333334,0.672185423023516,0.732123654036842,"#contributetotheworld, #kampusberdampak, #kampusswastaterbaik","#creatingthefuture, #sustainabilityuniversity"
"contributetotheworld, kampusberdampak, kampusswastaterbaik","entrepreneurialuniversity, sustainabilityuniversity",0.1441912588718715,0.1385879716100112,0.1035,0.7176,5.1781,1.0,0.08349086401140668,3.0505049812709695,0.9428244567110039,0.5770833333333334,0.672185423023516,0.732123654036842,"#contributetotheworld, #kampusberdampak, #kampusswastaterbaik","#entrepreneurialuniversity, #sustainabilityuniversity"
"contributetotheworld, kampusberdampak, kampusswastaterbaik","creatingthefuture, entrepreneurialuniversity, sustainabilityuniversity",0.1441912588718715,0.1385879716100112,0.1035,0.7176,5.1781,1.0,0.08349086401140668,3.0505049812709695,0.9428244567110039,0.5770833333333334,0.672185423023516,0.732123654036842,"#contributetotheworld, #kampusberdampak, #kampusswastaterbaik","#creatingthefuture, #entrepreneurialuniversity, #sustainabilityuniversity"
"creatingthefuture, sustainabilityuniversity","contributetotheworld, kampusberdampak, kampusswastaterbaik",0.1385879716100112,0.1441912588718715,0.1035,0.7466,5.1781,1.0,0.08349086401140668,3.3777132229631444,0.9366916003143582,0.5770833333333334,0.7039417102667062,0.732123654036842,"#creatingthefuture, #sustainabilityuniversity","#contributetotheworld, #kampusberdampak, #kampusswastaterbaik"
"contributetotheworld, kampusberdampak, kampusswastaterbaik",sustainabilityuniversity,0.1441912588718715,0.1385879716100112,0.1035,0.7176,5.1781,1.0,0.08349086401140668,3.0505049812709695,0.9428244567110039,0.5770833333333334,0.672185423023516,0.732123654036842,"#contributetotheworld, #kampusberdampak, #kampusswastaterbaik",#sustainabilityuniversity
sustainabilityuniversity,"contributetotheworld, kampusberdampak, kampusswastaterbaik",0.1385879716100112,0.1441912588718715,0.1035,0.7466,5.1781,1.0,0.08349086401140668,3.3777132229631444,0.9366916003143582,0.5770833333333334,0.7039417102667062,0.732123654036842,#sustainabilityuniversity,"#contributetotheworld, #kampusberdampak, #kampusswastaterbaik"
"entrepreneurialuniversity, sustainabilityuniversity","contributetotheworld, kampusberdampak, kampusswastaterbaik",0.1385879716100112,0.1441912588718715,0.1035,0.7466,5.1781,1.0,0.08349086401140668,3.3777132229631444,0.9366916003143582,0.5770833333333334,0.7039417102667062,0.732123654036842,"#entrepreneurialuniversity, #sustainabilityuniversity","#contributetotheworld, #kampusberdampak, #kampusswastaterbaik"
"contributetotheworld, kampusberdampak","entrepreneurialuniversity, sustainabilityuniversity",0.14456481135599553,0.1385879716100112,0.1035,0.7158,5.1647,1.0,0.08343909413034205,3.0306041362447775,0.9426513013731023,0.5758835758835757,0.6700327871791595,0.7311965008323059,"#contributetotheworld, #kampusberdampak","#entrepreneurialuniversity, #sustainabilityuniversity"
"creatingthefuture, sustainabilityuniversity","contributetotheworld, kampusberdampak",0.1385879716100112,0.14456481135599553,0.1035,0.7466,5.1647,1.0,0.08343909413034205,3.3762388828396337,0.9361107893080679,0.5758835758835757,0.7038124271707529,0.7311965008323059,"#creatingthefuture, #sustainabilityuniversity","#contributetotheworld, #kampusberdampak"
"contributetotheworld, kampusberdampak","creatingthefuture, sustainabilityuniversity",0.14456481135599553,0.1385879716100112,0.1035,0.7158,5.1647,1.0,0.08343909413034205,3.0306041362447775,0.9426513013731023,0.5758835758835757,0.6700327871791595,0.7311965008323059,"#contributetotheworld, #kampusberdampak","#creatingthefuture, #sustainabilityuniversity"
sustainabilityuniversity,"kampusberdampak, kampusswastaterbaik",0.1385879716100112,0.14456481135599553,0.1035,0.7466,5.1647,1.0,0.08343909413034205,3.3762388828396337,0.9361107893080679,0.5758835758835757,0.7038124271707529,0.7311965008323059,#sustainabilityuniversity,"#kampusberdampak, #kampusswastaterbaik"
"entrepreneurialuniversity, sustainabilityuniversity","contributetotheworld, kampusberdampak",0.1385879716100112,0.14456481135599553,0.1035,0.7466,5.1647,1.0,0.08343909413034205,3.3762388828396337,0.9361107893080679,0.5758835758835757,0.7038124271707529,0.7311965008323059,"#entrepreneurialuniversity, #sustainabilityuniversity","#contributetotheworld, #kampusberdampak"
"creatingthefuture, sustainabilityuniversity","kampusberdampak, kampusswastaterbaik",0.1385879716100112,0.14456481135599553,0.1035,0.7466,5.1647,1.0,0.08343909413034205,3.3762388828396337,0.9361107893080679,0.5758835758835757,0.7038124271707529,0.7311965008323059,"#creatingthefuture, #sustainabilityuniversity","#kampusberdampak, #kampusswastaterbaik"
"kampusberdampak, kampusswastaterbaik","creatingthefuture, sustainabilityuniversity",0.14456481135599553,0.1385879716100112,0.1035,0.7158,5.1647,1.0,0.08343909413034205,3.0306041362447775,0.9426513013731023,0.5758835758835757,0.6700327871791595,0.7311965008323059,"#kampusberdampak, #kampusswastaterbaik","#creatingthefuture, #sustainabilityuniversity"
"contributetotheworld, kampusberdampak","creatingthefuture, kampusswastaterbaik",0.14456481135599553,0.1385879716100112,0.1035,0.7158,5.1647,1.0,0.08343909413034205,3.0306041362447775,0.9426513013731023,0.5758835758835757,0.6700327871791595,0.7311965008323059,"#contributetotheworld, #kampusberdampak","#creatingthefuture, #kampusswastaterbaik"
"contributetotheworld, kampusberdampak",sustainabilityuniversity,0.14456481135599553,0.1385879716100112,0.1035,0.7158,5.1647,1.0,0.08343909413034205,3.0306041362447775,0.9426513013731023,0.5758835758835757,0.6700327871791595,0.7311965008323059,"#contributetotheworld, #kampusberdampak",#sustainabilityuniversity
sustainabilityuniversity,"contributetotheworld, kampusberdampak",0.1385879716100112,0.14456481135599553,0.1035,0.7466,5.1647,1.0,0.08343909413034205,3.3762388828396337,0.9361107893080679,0.5758835758835757,0.7038124271707529,0.7311965008323059,#sustainabilityuniversity,"#contributetotheworld, #kampusberdampak"
"creatingthefuture, kampusswastaterbaik","contributetotheworld, kampusberdampak",0.1385879716100112,0.14456481135599553,0.1035,0.7466,5.1647,1.0,0.08343909413034205,3.3762388828396337,0.9361107893080679,0.5758835758835757,0.7038124271707529,0.7311965008323059,"#creatingthefuture, #kampusswastaterbaik","#contributetotheworld, #kampusberdampak"
"kampusberdampak, kampusswastaterbaik",sustainabilityuniversity,0.14456481135599553,0.1385879716100112,0.1035,0.7158,5.1647,1.0,0.08343909413034205,3.0306041362447775,0.9426513013731023,0.5758835758835757,0.6700327871791595,0.7311965008323059,"#kampusberdampak, #kampusswastaterbaik",#sustainabilityuniversity
"kampusberdampak, kampusswastaterbaik","creatingthefuture, entrepreneurialuniversity, sustainabilityuniversity",0.14456481135599553,0.1385879716100112,0.1035,0.7158,5.1647,1.0,0.08343909413034205,3.0306041362447775,0.9426513013731023,0.5758835758835757,0.6700327871791595,0.7311965008323059,"#kampusberdampak, #kampusswastaterbaik","#creatingthefuture, #entrepreneurialuniversity, #sustainabilityuniversity"
"creatingthefuture, entrepreneurialuniversity, sustainabilityuniversity","kampusberdampak, kampusswastaterbaik",0.1385879716100112,0.14456481135599553,0.1035,0.7466,5.1647,1.0,0.08343909413034205,3.3762388828396337,0.9361107893080679,0.5758835758835757,0.7038124271707529,0.7311965008323059,"#creatingthefuture, #entrepreneurialuniversity, #sustainabilityuniversity","#kampusberdampak, #kampusswastaterbaik"
"creatingthefuture, entrepreneurialuniversity, sustainabilityuniversity","contributetotheworld, kampusberdampak",0.1385879716100112,0.14456481135599553,0.1035,0.7466,5.1647,1.0,0.08343909413034205,3.3762388828396337,0.9361107893080679,0.5758835758835757,0.7038124271707529,0.7311965008323059,"#creatingthefuture, #entrepreneurialuniversity, #sustainabilityuniversity","#contributetotheworld, #kampusberdampak"
"entrepreneurialuniversity, sustainabilityuniversity","kampusberdampak, kampusswastaterbaik",0.1385879716100112,0.14456481135599553,0.1035,0.7466,5.1647,1.0,0.08343909413034205,3.3762388828396337,0.9361107893080679,0.5758835758835757,0.7038124271707529,0.7311965008323059,"#entrepreneurialuniversity, #sustainabilityuniversity","#kampusberdampak, #kampusswastaterbaik"
"kampusberdampak, kampusswastaterbaik","entrepreneurialuniversity, sustainabilityuniversity",0.14456481135599553,0.1385879716100112,0.1035,0.7158,5.1647,1.0,0.08343909413034205,3.0306041362447775,0.9426513013731023,0.5758835758835757,0.6700327871791595,0.7311965008323059,"#kampusberdampak, #kampusswastaterbaik","#entrepreneurialuniversity, #sustainabilityuniversity"
"contributetotheworld, kampusberdampak","creatingthefuture, entrepreneurialuniversity, sustainabilityuniversity",0.14456481135599553,0.1385879716100112,0.1035,0.7158,5.1647,1.0,0.08343909413034205,3.0306041362447775,0.9426513013731023,0.5758835758835757,0.6700327871791595,0.7311965008323059,"#contributetotheworld, #kampusberdampak","#creatingthefuture, #entrepreneurialuniversity, #sustainabilityuniversity"
"creatingthefuture, entrepreneurialuniversity","contributetotheworld, kampusberdampak, kampusswastaterbaik",0.13896152409413523,0.1441912588718715,0.1035,0.7446,5.1641,1.0,0.08343700100846611,3.3511668599964612,0.9364934180129525,0.5758835758835757,0.7015964761596336,0.7311201181124296,"#creatingthefuture, #entrepreneurialuniversity","#contributetotheworld, #kampusberdampak, #kampusswastaterbaik"
"contributetotheworld, kampusberdampak, kampusswastaterbaik","creatingthefuture, entrepreneurialuniversity",0.1441912588718715,0.13896152409413523,0.1035,0.7176,5.1641,1.0,0.08343700100846611,3.049182125684989,0.9422162062504825,0.5758835758835757,0.6720432041181033,0.7311201181124296,"#contributetotheworld, #kampusberdampak, #kampusswastaterbaik","#creatingthefuture, #entrepreneurialuniversity"
"kampusberdampak, kampusswastaterbaik",creatingthefuture,0.14456481135599553,0.13933507657825925,0.1038,0.7183,5.1555,1.0,0.08370464152566816,3.0557552785707673,0.9422496936948257,0.5767634854771784,0.6727486631495837,0.7318272821109656,"#kampusberdampak, #kampusswastaterbaik",#creatingthefuture
creatingthefuture,"kampusberdampak, kampusswastaterbaik",0.13933507657825925,0.14456481135599553,0.1038,0.7453,5.1555,1.0,0.08370464152566816,3.3587086880443535,0.9365242181254997,0.5767634854771784,0.7022665277403795,0.7318272821109656,#creatingthefuture,"#kampusberdampak, #kampusswastaterbaik"
"kampusberdampak, kampusswastaterbaik","creatingthefuture, entrepreneurialuniversity",0.14456481135599553,0.13896152409413523,0.1035,0.7158,5.1508,1.0,0.0833850915859431,3.029289910686996,0.9420412088345183,0.574688796680498,0.6698896343753327,0.7301929649078935,"#kampusberdampak, #kampusswastaterbaik","#creatingthefuture, #entrepreneurialuniversity"
"contributetotheworld, kampusberdampak","creatingthefuture, entrepreneurialuniversity",0.14456481135599553,0.13896152409413523,0.1035,0.7158,5.1508,1.0,0.0833850915859431,3.029289910686996,0.9420412088345183,0.574688796680498,0.6698896343753327,0.7301929649078935,"#contributetotheworld, #kampusberdampak","#creatingthefuture, #entrepreneurialuniversity"
"creatingthefuture, entrepreneurialuniversity","kampusberdampak, kampusswastaterbaik",0.13896152409413523,0.14456481135599553,0.1035,0.7446,5.1508,1.0,0.0833850915859431,3.34970410711126,0.9359107888204108,0.574688796680498,0.7014661689439827,0.7301929649078935,"#creatingthefuture, #entrepreneurialuniversity","#kampusberdampak, #kampusswastaterbaik"
"creatingthefuture, entrepreneurialuniversity","contributetotheworld, kampusberdampak",0.13896152409413523,0.14456481135599553,0.1035,0.7446,5.1508,1.0,0.0833850915859431,3.34970410711126,0.9359107888204108,0.574688796680498,0.7014661689439827,0.7301929649078935,"#creatingthefuture, #entrepreneurialuniversity","#contributetotheworld, #kampusberdampak"
"contributetotheworld, kampusberdampak, kampusswastaterbaik",entrepreneurialuniversity,0.1441912588718715,0.13933507657825925,0.1035,0.7176,5.1503,1.0,0.08338313800552556,3.0478592700990084,0.9416079557899614,0.574688796680498,0.6719008617587795,0.7301219630776924,"#contributetotheworld, #kampusberdampak, #kampusswastaterbaik",#entrepreneurialuniversity
"contributetotheworld, kampusberdampak, kampusswastaterbaik",creatingthefuture,0.1441912588718715,0.13933507657825925,0.1035,0.7176,5.1503,1.0,0.08338313800552556,3.0478592700990084,0.9416079557899614,0.574688796680498,0.6719008617587795,0.7301219630776924,"#contributetotheworld, #kampusberdampak, #kampusswastaterbaik",#creatingthefuture
creatingthefuture,"contributetotheworld, kampusberdampak, kampusswastaterbaik",0.13933507657825925,0.1441912588718715,0.1035,0.7426,5.1503,1.0,0.08338313800552556,3.325173546258249,0.9362950636782993,0.574688796680498,0.6992638170343679,0.7301219630776924,#creatingthefuture,"#contributetotheworld, #kampusberdampak, #kampusswastaterbaik"
entrepreneurialuniversity,"contributetotheworld, kampusberdampak, kampusswastaterbaik",0.13933507657825925,0.1441912588718715,0.1035,0.7426,5.1503,1.0,0.08338313800552556,3.325173546258249,0.9362950636782993,0.574688796680498,0.6992638170343679,0.7301219630776924,#entrepreneurialuniversity,"#contributetotheworld, #kampusberdampak, #kampusswastaterbaik"
entrepreneurialuniversity,"kampusberdampak, kampusswastaterbaik",0.13933507657825925,0.14456481135599553,0.1035,0.7426,5.137,1.0,0.08333108904154414,3.3237221392105583,0.9357106147212194,0.5734989648033125,0.6991324911902782,0.7291948098731563,#entrepreneurialuniversity,"#kampusberdampak, #kampusswastaterbaik"
creatingthefuture,"contributetotheworld, kampusberdampak",0.13933507657825925,0.14456481135599553,0.1035,0.7426,5.137,1.0,0.08333108904154414,3.3237221392105583,0.9357106147212194,0.5734989648033125,0.6991324911902782,0.7291948098731563,#creatingthefuture,"#contributetotheworld, #kampusberdampak"
"contributetotheworld, kampusberdampak",creatingthefuture,0.14456481135599553,0.13933507657825925,0.1035,0.7158,5.137,1.0,0.08333108904154414,3.027975685129214,0.9414311162959342,0.5734989648033125,0.6697463573069192,0.7291948098731563,"#contributetotheworld, #kampusberdampak",#creatingthefuture
"kampusberdampak, kampusswastaterbaik",entrepreneurialuniversity,0.14456481135599553,0.13933507657825925,0.1035,0.7158,5.137,1.0,0.08333108904154414,3.027975685129214,0.9414311162959342,0.5734989648033125,0.6697463573069192,0.7291948098731563,"#kampusberdampak, #kampusswastaterbaik",#entrepreneurialuniversity
entrepreneurialuniversity,"contributetotheworld, kampusberdampak",0.13933507657825925,0.14456481135599553,0.1035,0.7426,5.137,1.0,0.08333108904154414,3.3237221392105583,0.9357106147212194,0.5734989648033125,0.6991324911902782,0.7291948098731563,#entrepreneurialuniversity,"#contributetotheworld, #kampusberdampak"
"contributetotheworld, kampusberdampak",entrepreneurialuniversity,0.14456481135599553,0.13933507657825925,0.1035,0.7158,5.137,1.0,0.08333108904154414,3.027975685129214,0.9414311162959342,0.5734989648033125,0.6697463573069192,0.7291948098731563,"#contributetotheworld, #kampusberdampak",#entrepreneurialuniversity
mudamendunia,muhammadiyah,0.09152035861038475,0.11019798281658573,0.0486,0.5306,4.8151,1.0,0.03847646403060758,1.895665167042926,0.8721375253036437,0.3170731707317073,0.47248067992940257,0.4856451054998271,#mudamendunia,#muhammadiyah
muhammadiyah,mudamendunia,0.11019798281658573,0.09152035861038475,0.0486,0.4407,4.8151,1.0,0.03847646403060758,1.624251480060221,0.8904443583284894,0.3170731707317073,0.3843317908117752,0.4856451054998271,#muhammadiyah,#mudamendunia
safeaiuniversity,kampusberdampak,0.10310048561822936,0.21740754576017932,0.1031,1.0,4.5997,1.0,0.08068566207328745,inf,0.8725531028738026,0.4742268041237114,1.0,0.7371134020618557,#safeaiuniversity,#kampusberdampak
"contributetotheworld, safeaiuniversity",kampusberdampak,0.10310048561822936,0.21740754576017932,0.1031,1.0,4.5997,1.0,0.08068566207328745,inf,0.8725531028738026,0.4742268041237114,1.0,0.7371134020618557,"#contributetotheworld, #safeaiuniversity",#kampusberdampak
kampusberdampak,"contributetotheworld, safeaiuniversity",0.21740754576017932,0.10310048561822936,0.1031,0.4742,4.5997,1.0,0.08068566207328745,1.7058677038241519,1.0,0.4742268041237114,0.4137880694040713,0.7371134020618557,#kampusberdampak,"#contributetotheworld, #safeaiuniversity"
kampusberdampak,"creatingthefuture, safeaiuniversity",0.21740754576017932,0.10310048561822936,0.1031,0.4742,4.5997,1.0,0.08068566207328745,1.7058677038241519,1.0,0.4742268041237114,0.4137880694040713,0.7371134020618557,#kampusberdampak,"#creatingthefuture, #safeaiuniversity"
kampusberdampak,"entrepreneurialuniversity, safeaiuniversity",0.21740754576017932,0.10310048561822936,0.1031,0.4742,4.5997,1.0,0.08068566207328745,1.7058677038241519,1.0,0.4742268041237114,0.4137880694040713,0.7371134020618557,#kampusberdampak,"#entrepreneurialuniversity, #safeaiuniversity"
"creatingthefuture, safeaiuniversity",kampusberdampak,0.10310048561822936,0.21740754576017932,0.1031,1.0,4.5997,1.0,0.08068566207328745,inf,0.8725531028738026,0.4742268041237114,1.0,0.7371134020618557,"#creatingthefuture, #safeaiuniversity",#kampusberdampak
kampusberdampak,safeaiuniversity,0.21740754576017932,0.10310048561822936,0.1031,0.4742,4.5997,1.0,0.08068566207328745,1.7058677038241519,1.0,0.4742268041237114,0.4137880694040713,0.7371134020618557,#kampusberdampak,#safeaiuniversity
"safeaiuniversity, sustainabilityuniversity",kampusberdampak,0.10310048561822936,0.21740754576017932,0.1031,1.0,4.5997,1.0,0.08068566207328745,inf,0.8725531028738026,0.4742268041237114,1.0,0.7371134020618557,"#safeaiuniversity, #sustainabilityuniversity",#kampusberdampak
"contributetotheworld, creatingthefuture, safeaiuniversity",kampusberdampak,0.10310048561822936,0.21740754576017932,0.1031,1.0,4.5997,1.0,0.08068566207328745,inf,0.8725531028738026,0.4742268041237114,1.0,0.7371134020618557,"#contributetotheworld, #creatingthefuture, #safeaiuniversity",#kampusberdampak
"contributetotheworld, entrepreneurialuniversity, safeaiuniversity",kampusberdampak,0.10310048561822936,0.21740754576017932,0.1031,1.0,4.5997,1.0,0.08068566207328745,inf,0.8725531028738026,0.4742268041237114,1.0,0.7371134020618557,"#contributetotheworld, #entrepreneurialuniversity, #safeaiuniversity",#kampusberdampak
kampusberdampak,"contributetotheworld, creatingthefuture, safeaiuniversity",0.21740754576017932,0.10310048561822936,0.1031,0.4742,4.5997,1.0,0.08068566207328745,1.7058677038241519,1.0,0.4742268041237114,0.4137880694040713,0.7371134020618557,#kampusberdampak,"#contributetotheworld, #creatingthefuture, #safeaiuniversity"
"kampusswastaterbaik, safeaiuniversity",kampusberdampak,0.10310048561822936,0.21740754576017932,0.1031,1.0,4.5997,1.0,0.08068566207328745,inf,0.8725531028738026,0.4742268041237114,1.0,0.7371134020618557,"#kampusswastaterbaik, #safeaiuniversity",#kampusberdampak
kampusberdampak,"safeaiuniversity, sustainabilityuniversity",0.21740754576017932,0.10310048561822936,0.1031,0.4742,4.5997,1.0,0.08068566207328745,1.7058677038241519,1.0,0.4742268041237114,0.4137880694040713,0.7371134020618557,#kampusberdampak,"#safeaiuniversity, #sustainabilityuniversity"
kampusberdampak,"kampusswastaterbaik, safeaiuniversity",0.21740754576017932,0.10310048561822936,0.1031,0.4742,4.5997,1.0,0.08068566207328745,1.7058677038241519,1.0,0.4742268041237114,0.4137880694040713,0.7371134020618557,#kampusberdampak,"#kampusswastaterbaik, #safeaiuniversity"
kampusberdampak,"creatingthefuture, entrepreneurialuniversity, kampusswastaterbaik, safeaiuniversity, sustainabilityuniversity",0.21740754576017932,0.10310048561822936,0.1031,0.4742,4.5997,1.0,0.08068566207328745,1.7058677038241519,1.0,0.4742268041237114,0.4137880694040713,0.7371134020618557,#kampusberdampak,"#creatingthefuture, #entrepreneurialuniversity, #kampusswastaterbaik, #safeaiuniversity, #sustainabilityuniversity"
"contributetotheworld, creatingthefuture, entrepreneurialuniversity, kampusswastaterbaik, safeaiuniversity, sustainabilityuniversity",kampusberdampak,0.10310048561822936,0.21740754576017932,0.1031,1.0,4.5997,1.0,0.08068566207328745,inf,0.8725531028738026,0.4742268041237114,1.0,0.7371134020618557,"#contributetotheworld, #creatingthefuture, #entrepreneurialuniversity, #kampusswastaterbaik, #safeaiuniversity, #sustainabilityuniversity",#kampusberdampak
"creatingthefuture, entrepreneurialuniversity, safeaiuniversity",kampusberdampak,0.10310048561822936,0.21740754576017932,0.1031,1.0,4.5997,1.0,0.08068566207328745,inf,0.8725531028738026,0.4742268041237114,1.0,0.7371134020618557,"#creatingthefuture, #entrepreneurialuniversity, #safeaiuniversity",#kampusberdampak
kampusberdampak,"contributetotheworld, entrepreneurialuniversity, safeaiuniversity",0.21740754576017932,0.10310048561822936,0.1031,0.4742,4.5997,1.0,0.08068566207328745,1.7058677038241519,1.0,0.4742268041237114,0.4137880694040713,0.7371134020618557,#kampusberdampak,"#contributetotheworld, #entrepreneurialuniversity, #safeaiuniversity"
kampusberdampak,"contributetotheworld, kampusswastaterbaik, safeaiuniversity",0.21740754576017932,0.10310048561822936,0.1031,0.4742,4.5997,1.0,0.08068566207328745,1.7058677038241519,1.0,0.4742268041237114,0.4137880694040713,0.7371134020618557,#kampusberdampak,"#contributetotheworld, #kampusswastaterbaik, #safeaiuniversity"
kampusberdampak,"contributetotheworld, safeaiuniversity, sustainabilityuniversity",0.21740754576017932,0.10310048561822936,0.1031,0.4742,4.5997,1.0,0.08068566207328745,1.7058677038241519,1.0,0.4742268041237114,0.4137880694040713,0.7371134020618557,#kampusberdampak,"#contributetotheworld, #safeaiuniversity, #sustainabilityuniversity"
"contributetotheworld, kampusswastaterbaik, safeaiuniversity",kampusberdampak,0.10310048561822936,0.21740754576017932,0.1031,1.0,4.5997,1.0,0.08068566207328745,inf,0.8725531028738026,0.4742268041237114,1.0,0.7371134020618557,"#contributetotheworld, #kampusswastaterbaik, #safeaiuniversity",#kampusberdampak
"contributetotheworld, creatingthefuture, safeaiuniversity, sustainabilityuniversity",kampusberdampak,0.10310048561822936,0.21740754576017932,0.1031,1.0,4.5997,1.0,0.08068566207328745,inf,0.8725531028738026,0.4742268041237114,1.0,0.7371134020618557,"#contributetotheworld, #creatingthefuture, #safeaiuniversity, #sustainabilityuniversity",#kampusberdampak
kampusberdampak,"contributetotheworld, creatingthefuture, safeaiuniversity, sustainabilityuniversity",0.21740754576017932,0.10310048561822936,0.1031,0.4742,4.5997,1.0,0.08068566207328745,1.7058677038241519,1.0,0.4742268041237114,0.4137880694040713,0.7371134020618557,#kampusberdampak,"#contributetotheworld, #creatingthefuture, #safeaiuniversity, #sustainabilityuniversity"
"kampusswastaterbaik, safeaiuniversity, sustainabilityuniversity",kampusberdampak,0.10310048561822936,0.21740754576017932,0.1031,1.0,4.5997,1.0,0.08068566207328745,inf,0.8725531028738026,0.4742268041237114,1.0,0.7371134020618557,"#kampusswastaterbaik, #safeaiuniversity, #sustainabilityuniversity",#kampusberdampak
kampusberdampak,"kampusswastaterbaik, safeaiuniversity, sustainabilityuniversity",0.21740754576017932,0.10310048561822936,0.1031,0.4742,4.5997,1.0,0.08068566207328745,1.7058677038241519,1.0,0.4742268041237114,0.4137880694040713,0.7371134020618557,#kampusberdampak,"#kampusswastaterbaik, #safeaiuniversity, #sustainabilityuniversity"
"contributetotheworld, creatingthefuture, entrepreneurialuniversity, safeaiuniversity",kampusberdampak,0.10310048561822936,0.21740754576017932,0.1031,1.0,4.5997,1.0,0.08068566207328745,inf,0.8725531028738026,0.4742268041237114,1.0,0.7371134020618557,"#contributetotheworld, #creatingthefuture, #entrepreneurialuniversity, #safeaiuniversity",#kampusberdampak
kampusberdampak,"entrepreneurialuniversity, safeaiuniversity, sustainabilityuniversity",0.21740754576017932,0.10310048561822936,0.1031,0.4742,4.5997,1.0,0.08068566207328745,1.7058677038241519,1.0,0.4742268041237114,0.4137880694040713,0.7371134020618557,#kampusberdampak,"#entrepreneurialuniversity, #safeaiuniversity, #sustainabilityuniversity"
kampusberdampak,"contributetotheworld, entrepreneurialuniversity, kampusswastaterbaik, safeaiuniversity",0.21740754576017932,0.10310048561822936,0.1031,0.4742,4.5997,1.0,0.08068566207328745,1.7058677038241519,1.0,0.4742268041237114,0.4137880694040713,0.7371134020618557,#kampusberdampak,"#contributetotheworld, #entrepreneurialuniversity, #kampusswastaterbaik, #safeaiuniversity"
"contributetotheworld, entrepreneurialuniversity, kampusswastaterbaik, safeaiuniversity",kampusberdampak,0.10310048561822936,0.21740754576017932,0.1031,1.0,4.5997,1.0,0.08068566207328745,inf,0.8725531028738026,0.4742268041237114,1.0,0.7371134020618557,"#contributetotheworld, #entrepreneurialuniversity, #kampusswastaterbaik, #safeaiuniversity",#kampusberdampak
kampusberdampak,"entrepreneurialuniversity, kampusswastaterbaik, safeaiuniversity",0.21740754576017932,0.10310048561822936,0.1031,0.4742,4.5997,1.0,0.08068566207328745,1.7058677038241519,1.0,0.4742268041237114,0.4137880694040713,0.7371134020618557,#kampusberdampak,"#entrepreneurialuniversity, #kampusswastaterbaik, #safeaiuniversity"
"entrepreneurialuniversity, safeaiuniversity",kampusberdampak,0.10310048561822936,0.21740754576017932,0.1031,1.0,4.5997,1.0,0.08068566207328745,inf,0.8725531028738026,0.4742268041237114,1.0,0.7371134020618557,"#entrepreneurialuniversity, #safeaiuniversity",#kampusberdampak
kampusberdampak,"contributetotheworld, entrepreneurialuniversity, kampusswastaterbaik, safeaiuniversity, sustainabilityuniversity",0.21740754576017932,0.10310048561822936,0.1031,0.4742,4.5997,1.0,0.08068566207328745,1.7058677038241519,1.0,0.4742268041237114,0.4137880694040713,0.7371134020618557,#kampusberdampak,"#contributetotheworld, #entrepreneurialuniversity, #kampusswastaterbaik, #safeaiuniversity, #sustainabilityuniversity"
kampusberdampak,"contributetotheworld, creatingthefuture, kampusswastaterbaik, safeaiuniversity",0.21740754576017932,0.10310048561822936,0.1031,0.4742,4.5997,1.0,0.08068566207328745,1.7058677038241519,1.0,0.4742268041237114,0.4137880694040713,0.7371134020618557,#kampusberdampak,"#contributetotheworld, #creatingthefuture, #kampusswastaterbaik, #safeaiuniversity"
kampusberdampak,"contributetotheworld, creatingthefuture, entrepreneurialuniversity, safeaiuniversity",0.21740754576017932,0.10310048561822936,0.1031,0.4742,4.5997,1.0,0.08068566207328745,1.7058677038241519,1.0,0.4742268041237114,0.4137880694040713,0.7371134020618557,#kampusberdampak,"#contributetotheworld, #creatingthefuture, #entrepreneurialuniversity, #safeaiuniversity"
"contributetotheworld, entrepreneurialuniversity, safeaiuniversity, sustainabilityuniversity",kampusberdampak,0.10310048561822936,0.21740754576017932,0.1031,1.0,4.5997,1.0,0.08068566207328745,inf,0.8725531028738026,0.4742268041237114,1.0,0.7371134020618557,"#contributetotheworld, #entrepreneurialuniversity, #safeaiuniversity, #sustainabilityuniversity",#kampusberdampak
"creatingthefuture, kampusswastaterbaik, safeaiuniversity, sustainabilityuniversity",kampusberdampak,0.10310048561822936,0.21740754576017932,0.1031,1.0,4.5997,1.0,0.08068566207328745,inf,0.8725531028738026,0.4742268041237114,1.0,0.7371134020618557,"#creatingthefuture, #kampusswastaterbaik, #safeaiuniversity, #sustainabilityuniversity",#kampusberdampak
"creatingthefuture, entrepreneurialuniversity, safeaiuniversity, sustainabilityuniversity",kampusberdampak,0.10310048561822936,0.21740754576017932,0.1031,1.0,4.5997,1.0,0.08068566207328745,inf,0.8725531028738026,0.4742268041237114,1.0,0.7371134020618557,"#creatingthefuture, #entrepreneurialuniversity, #safeaiuniversity, #sustainabilityuniversity",#kampusberdampak
"contributetotheworld, creatingthefuture, entrepreneurialuniversity, kampusswastaterbaik, safeaiuniversity",kampusberdampak,0.10310048561822936,0.21740754576017932,0.1031,1.0,4.5997,1.0,0.08068566207328745,inf,0.8725531028738026,0.4742268041237114,1.0,0.7371134020618557,"#contributetotheworld, #creatingthefuture, #entrepreneurialuniversity, #kampusswastaterbaik, #safeaiuniversity",#kampusberdampak
kampusberdampak,"entrepreneurialuniversity, kampusswastaterbaik, safeaiuniversity, sustainabilityuniversity",0.21740754576017932,0.10310048561822936,0.1031,0.4742,4.5997,1.0,0.08068566207328745,1.7058677038241519,1.0,0.4742268041237114,0.4137880694040713,0.7371134020618557,#kampusberdampak,"#entrepreneurialuniversity, #kampusswastaterbaik, #safeaiuniversity, #sustainabilityuniversity"
"contributetotheworld, kampusswastaterbaik, safeaiuniversity, sustainabilityuniversity",kampusberdampak,0.10310048561822936,0.21740754576017932,0.1031,1.0,4.5997,1.0,0.08068566207328745,inf,0.8725531028738026,0.4742268041237114,1.0,0.7371134020618557,"#contributetotheworld, #kampusswastaterbaik, #safeaiuniversity, #sustainabilityuniversity",#kampusberdampak
"contributetotheworld, creatingthefuture, entrepreneurialuniversity, safeaiuniversity, sustainabilityuniversity",kampusberdampak,0.10310048561822936,0.21740754576017932,0.1031,1.0,4.5997,1.0,0.08068566207328745,inf,0.8725531028738026,0.4742268041237114,1.0,0.7371134020618557,"#contributetotheworld, #creatingthefuture, #entrepreneurialuniversity, #safeaiuniversity, #sustainabilityuniversity",#kampusberdampak
"contributetotheworld, entrepreneurialuniversity, kampusswastaterbaik, safeaiuniversity, sustainabilityuniversity",kampusberdampak,0.10310048561822936,0.21740754576017932,0.1031,1.0,4.5997,1.0,0.08068566207328745,inf,0.8725531028738026,0.4742268041237114,1.0,0.7371134020618557,"#contributetotheworld, #entrepreneurialuniversity, #kampusswastaterbaik, #safeaiuniversity, #sustainabilityuniversity",#kampusberdampak
"contributetotheworld, creatingthefuture, kampusswastaterbaik, safeaiuniversity, sustainabilityuniversity",kampusberdampak,0.10310048561822936,0.21740754576017932,0.1031,1.0,4.5997,1.0,0.08068566207328745,inf,0.8725531028738026,0.4742268041237114,1.0,0.7371134020618557,"#contributetotheworld, #creatingthefuture, #kampusswastaterbaik, #safeaiuniversity, #sustainabilityuniversity",#kampusberdampak
kampusberdampak,"contributetotheworld, creatingthefuture, entrepreneurialuniversity, kampusswastaterbaik, safeaiuniversity",0.21740754576017932,0.10310048561822936,0.1031,0.4742,4.5997,1.0,0.08068566207328745,1.7058677038241519,1.0,0.4742268041237114,0.4137880694040713,0.7371134020618557,#kampusberdampak,"#contributetotheworld, #creatingthefuture, #entrepreneurialuniversity, #kampusswastaterbaik, #safeaiuniversity"
kampusberdampak,"contributetotheworld, creatingthefuture, kampusswastaterbaik, safeaiuniversity, sustainabilityuniversity",0.21740754576017932,0.10310048561822936,0.1031,0.4742,4.5997,1.0,0.08068566207328745,1.7058677038241519,1.0,0.4742268041237114,0.4137880694040713,0.7371134020618557,#kampusberdampak,"#contributetotheworld, #creatingthefuture, #kampusswastaterbaik, #safeaiuniversity, #sustainabilityuniversity"
kampusberdampak,"contributetotheworld, creatingthefuture, entrepreneurialuniversity, safeaiuniversity, sustainabilityuniversity",0.21740754576017932,0.10310048561822936,0.1031,0.4742,4.5997,1.0,0.08068566207328745,1.7058677038241519,1.0,0.4742268041237114,0.4137880694040713,0.7371134020618557,#kampusberdampak,"#contributetotheworld, #creatingthefuture, #entrepreneurialuniversity, #safeaiuniversity, #sustainabilityuniversity"
kampusberdampak,"contributetotheworld, creatingthefuture, entrepreneurialuniversity, kampusswastaterbaik, safeaiuniversity, sustainabilityuniversity",0.21740754576017932,0.10310048561822936,0.1031,0.4742,4.5997,1.0,0.08068566207328745,1.7058677038241519,1.0,0.4742268041237114,0.4137880694040713,0.7371134020618557,#kampusberdampak,"#contributetotheworld, #creatingthefuture, #entrepreneurialuniversity, #kampusswastaterbaik, #safeaiuniversity, #sustainabilityuniversity"
kampusberdampak,"contributetotheworld, entrepreneurialuniversity, safeaiuniversity, sustainabilityuniversity",0.21740754576017932,0.10310048561822936,0.1031,0.4742,4.5997,1.0,0.08068566207328745,1.7058677038241519,1.0,0.4742268041237114,0.4137880694040713,0.7371134020618557,#kampusberdampak,"#contributetotheworld, #entrepreneurialuniversity, #safeaiuniversity, #sustainabilityuniversity"
kampusberdampak,"contributetotheworld, kampusswastaterbaik, safeaiuniversity, sustainabilityuniversity",0.21740754576017932,0.10310048561822936,0.1031,0.4742,4.5997,1.0,0.08068566207328745,1.7058677038241519,1.0,0.4742268041237114,0.4137880694040713,0.7371134020618557,#kampusberdampak,"#contributetotheworld, #kampusswastaterbaik, #safeaiuniversity, #sustainabilityuniversity"
kampusberdampak,"creatingthefuture, entrepreneurialuniversity, kampusswastaterbaik, safeaiuniversity",0.21740754576017932,0.10310048561822936,0.1031,0.4742,4.5997,1.0,0.08068566207328745,1.7058677038241519,1.0,0.4742268041237114,0.4137880694040713,0.7371134020618557,#kampusberdampak,"#creatingthefuture, #entrepreneurialuniversity, #kampusswastaterbaik, #safeaiuniversity"
"creatingthefuture, entrepreneurialuniversity, kampusswastaterbaik, safeaiuniversity",kampusberdampak,0.10310048561822936,0.21740754576017932,0.1031,1.0,4.5997,1.0,0.08068566207328745,inf,0.8725531028738026,0.4742268041237114,1.0,0.7371134020618557,"#creatingthefuture, #entrepreneurialuniversity, #kampusswastaterbaik, #safeaiuniversity",#kampusberdampak
"entrepreneurialuniversity, safeaiuniversity, sustainabilityuniversity",kampusberdampak,0.10310048561822936,0.21740754576017932,0.1031,1.0,4.5997,1.0,0.08068566207328745,inf,0.8725531028738026,0.4742268041237114,1.0,0.7371134020618557,"#entrepreneurialuniversity, #safeaiuniversity, #sustainabilityuniversity",#kampusberdampak
kampusberdampak,"creatingthefuture, entrepreneurialuniversity, safeaiuniversity, sustainabilityuniversity",0.21740754576017932,0.10310048561822936,0.1031,0.4742,4.5997,1.0,0.08068566207328745,1.7058677038241519,1.0,0.4742268041237114,0.4137880694040713,0.7371134020618557,#kampusberdampak,"#creatingthefuture, #entrepreneurialuniversity, #safeaiuniversity, #sustainabilityuniversity"
"entrepreneurialuniversity, kampusswastaterbaik, safeaiuniversity, sustainabilityuniversity",kampusberdampak,0.10310048561822936,0.21740754576017932,0.1031,1.0,4.5997,1.0,0.08068566207328745,inf,0.8725531028738026,0.4742268041237114,1.0,0.7371134020618557,"#entrepreneurialuniversity, #kampusswastaterbaik, #safeaiuniversity, #sustainabilityuniversity",#kampusberdampak
kampusberdampak,"creatingthefuture, kampusswastaterbaik, safeaiuniversity, sustainabilityuniversity",0.21740754576017932,0.10310048561822936,0.1031,0.4742,4.5997,1.0,0.08068566207328745,1.7058677038241519,1.0,0.4742268041237114,0.4137880694040713,0.7371134020618557,#kampusberdampak,"#creatingthefuture, #kampusswastaterbaik, #safeaiuniversity, #sustainabilityuniversity"
"creatingthefuture, entrepreneurialuniversity, kampusswastaterbaik, safeaiuniversity, sustainabilityuniversity",kampusberdampak,0.10310048561822936,0.21740754576017932,0.1031,1.0,4.5997,1.0,0.08068566207328745,inf,0.8725531028738026,0.4742268041237114,1.0,0.7371134020618557,"#creatingthefuture, #entrepreneurialuniversity, #kampusswastaterbaik, #safeaiuniversity, #sustainabilityuniversity",#kampusberdampak
"contributetotheworld, creatingthefuture, kampusswastaterbaik, safeaiuniversity",kampusberdampak,0.10310048561822936,0.21740754576017932,0.1031,1.0,4.5997,1.0,0.08068566207328745,inf,0.8725531028738026,0.4742268041237114,1.0,0.7371134020618557,"#contributetotheworld, #creatingthefuture, #kampusswastaterbaik, #safeaiuniversity",#kampusberdampak
kampusberdampak,"creatingthefuture, safeaiuniversity, sustainabilityuniversity",0.21740754576017932,0.10310048561822936,0.1031,0.4742,4.5997,1.0,0.08068566207328745,1.7058677038241519,1.0,0.4742268041237114,0.4137880694040713,0.7371134020618557,#kampusberdampak,"#creatingthefuture, #safeaiuniversity, #sustainabilityuniversity"
"creatingthefuture, safeaiuniversity, sustainabilityuniversity",kampusberdampak,0.10310048561822936,0.21740754576017932,0.1031,1.0,4.5997,1.0,0.08068566207328745,inf,0.8725531028738026,0.4742268041237114,1.0,0.7371134020618557,"#creatingthefuture, #safeaiuniversity, #sustainabilityuniversity",#kampusberdampak
kampusberdampak,"creatingthefuture, kampusswastaterbaik, safeaiuniversity",0.21740754576017932,0.10310048561822936,0.1031,0.4742,4.5997,1.0,0.08068566207328745,1.7058677038241519,1.0,0.4742268041237114,0.4137880694040713,0.7371134020618557,#kampusberdampak,"#creatingthefuture, #kampusswastaterbaik, #safeaiuniversity"
"creatingthefuture, kampusswastaterbaik, safeaiuniversity",kampusberdampak,0.10310048561822936,0.21740754576017932,0.1031,1.0,4.5997,1.0,0.08068566207328745,inf,0.8725531028738026,0.4742268041237114,1.0,0.7371134020618557,"#creatingthefuture, #kampusswastaterbaik, #safeaiuniversity",#kampusberdampak
kampusberdampak,"creatingthefuture, entrepreneurialuniversity, safeaiuniversity",0.21740754576017932,0.10310048561822936,0.1031,0.4742,4.5997,1.0,0.08068566207328745,1.7058677038241519,1.0,0.4742268041237114,0.4137880694040713,0.7371134020618557,#kampusberdampak,"#creatingthefuture, #entrepreneurialuniversity, #safeaiuniversity"
"entrepreneurialuniversity, kampusswastaterbaik, safeaiuniversity",kampusberdampak,0.10310048561822936,0.21740754576017932,0.1031,1.0,4.5997,1.0,0.08068566207328745,inf,0.8725531028738026,0.4742268041237114,1.0,0.7371134020618557,"#entrepreneurialuniversity, #kampusswastaterbaik, #safeaiuniversity",#kampusberdampak
"contributetotheworld, safeaiuniversity, sustainabilityuniversity",kampusberdampak,0.10310048561822936,0.21740754576017932,0.1031,1.0,4.5997,1.0,0.08068566207328745,inf,0.8725531028738026,0.4742268041237114,1.0,0.7371134020618557,"#contributetotheworld, #safeaiuniversity, #sustainabilityuniversity",#kampusberdampak
"contributetotheworld, kampusswastaterbaik",kampusberdampak,0.1751961150541651,0.21740754576017932,0.1442,0.823,3.7856,1.0,0.10610230147122747,4.422118807692483,0.8921444394383119,0.580451127819549,0.7738640585005421,0.7431289795499674,"#contributetotheworld, #kampusswastaterbaik",#kampusberdampak
kampusberdampak,"contributetotheworld, kampusswastaterbaik",0.21740754576017932,0.1751961150541651,0.1442,0.6632,3.7856,1.0,0.10610230147122747,2.4491625563187545,0.9402648793698295,0.580451127819549,0.5916971711738632,0.7431289795499674,#kampusberdampak,"#contributetotheworld, #kampusswastaterbaik"
contributetotheworld,kampusberdampak,0.17631677250653716,0.21740754576017932,0.1446,0.8199,3.7713,1.0,0.10623221456899343,4.345689863543479,0.8921408356624303,0.5802098950524738,0.7698869382306542,0.7424318539227679,#contributetotheworld,#kampusberdampak
kampusberdampak,contributetotheworld,0.21740754576017932,0.17631677250653716,0.1446,0.6649,3.7713,1.0,0.10623221456899343,2.4583776328266427,0.9389835525707203,0.5802098950524738,0.5932276690745025,0.7424318539227679,#kampusberdampak,#contributetotheworld
kampusswastaterbaik,kampusberdampak,0.1807994023160254,0.21740754576017932,0.1446,0.7996,3.6778,1.0,0.10525765702356116,3.904894307753333,0.8887934477919526,0.5699558173784979,0.7439111225073474,0.7322676152338758,#kampusswastaterbaik,#kampusberdampak
kampusberdampak,kampusswastaterbaik,0.21740754576017932,0.1807994023160254,0.1446,0.6649,3.6778,1.0,0.10525765702356116,2.4449987069337085,0.9303694658748219,0.5699558173784979,0.5910018286864014,0.7322676152338758,#kampusberdampak,#kampusswastaterbaik
kampusberdampak,"contributetotheworld, creatingthefuture, entrepreneurialuniversity, kampusswastaterbaik, sustainabilityuniversity",0.21740754576017932,0.13410534180052297,0.1035,0.4759,3.549,1.0,0.0743185248681717,1.6522973477773628,0.917761905172191,0.41716867469879515,0.3947820582383794,0.6237663804573605,#kampusberdampak,"#contributetotheworld, #creatingthefuture, #entrepreneurialuniversity, #kampusswastaterbaik, #sustainabilityuniversity"
kampusberdampak,"contributetotheworld, entrepreneurialuniversity, kampusswastaterbaik, sustainabilityuniversity",0.21740754576017932,0.13410534180052297,0.1035,0.4759,3.549,1.0,0.0743185248681717,1.6522973477773628,0.917761905172191,0.41716867469879515,0.3947820582383794,0.6237663804573605,#kampusberdampak,"#contributetotheworld, #entrepreneurialuniversity, #kampusswastaterbaik, #sustainabilityuniversity"
"contributetotheworld, entrepreneurialuniversity, kampusswastaterbaik, sustainabilityuniversity",kampusberdampak,0.13410534180052297,0.21740754576017932,0.1035,0.7716,3.549,1.0,0.0743185248681717,3.4262279399036055,0.8294698840965229,0.41716867469879515,0.7081338376955345,0.6237663804573605,"#contributetotheworld, #entrepreneurialuniversity, #kampusswastaterbaik, #sustainabilityuniversity",#kampusberdampak
"contributetotheworld, creatingthefuture, entrepreneurialuniversity, kampusswastaterbaik, sustainabilityuniversity",kampusberdampak,0.13410534180052297,0.21740754576017932,0.1035,0.7716,3.549,1.0,0.0743185248681717,3.4262279399036055,0.8294698840965229,0.41716867469879515,0.7081338376955345,0.6237663804573605,"#contributetotheworld, #creatingthefuture, #entrepreneurialuniversity, #kampusswastaterbaik, #sustainabilityuniversity",#kampusberdampak
"contributetotheworld, kampusswastaterbaik, sustainabilityuniversity",kampusberdampak,0.13410534180052297,0.21740754576017932,0.1035,0.7716,3.549,1.0,0.0743185248681717,3.4262279399036055,0.8294698840965229,0.41716867469879515,0.7081338376955345,0.6237663804573605,"#contributetotheworld, #kampusswastaterbaik, #sustainabilityuniversity",#kampusberdampak
kampusberdampak,"contributetotheworld, kampusswastaterbaik, sustainabilityuniversity",0.21740754576017932,0.13410534180052297,0.1035,0.4759,3.549,1.0,0.0743185248681717,1.6522973477773628,0.917761905172191,0.41716867469879515,0.3947820582383794,0.6237663804573605,#kampusberdampak,"#contributetotheworld, #kampusswastaterbaik, #sustainabilityuniversity"
"contributetotheworld, creatingthefuture, kampusswastaterbaik, sustainabilityuniversity",kampusberdampak,0.13410534180052297,0.21740754576017932,0.1035,0.7716,3.549,1.0,0.0743185248681717,3.4262279399036055,0.8294698840965229,0.41716867469879515,0.7081338376955345,0.6237663804573605,"#contributetotheworld, #creatingthefuture, #kampusswastaterbaik, #sustainabilityuniversity",#kampusberdampak
kampusberdampak,"contributetotheworld, creatingthefuture, kampusswastaterbaik, sustainabilityuniversity",0.21740754576017932,0.13410534180052297,0.1035,0.4759,3.549,1.0,0.0743185248681717,1.6522973477773628,0.917761905172191,0.41716867469879515,0.3947820582383794,0.6237663804573605,#kampusberdampak,"#contributetotheworld, #creatingthefuture, #kampusswastaterbaik, #sustainabilityuniversity"
"contributetotheworld, creatingthefuture, entrepreneurialuniversity, kampusswastaterbaik",kampusberdampak,0.134478894284647,0.21740754576017932,0.1035,0.7694,3.5392,1.0,0.07423731173938568,3.3943769099558496,0.8289210653013591,0.4165413533834587,0.7053951206576505,0.6226947308132875,"#contributetotheworld, #creatingthefuture, #entrepreneurialuniversity, #kampusswastaterbaik",#kampusberdampak
"contributetotheworld, entrepreneurialuniversity, kampusswastaterbaik",kampusberdampak,0.134478894284647,0.21740754576017932,0.1035,0.7694,3.5392,1.0,0.07423731173938568,3.3943769099558496,0.8289210653013591,0.4165413533834587,0.7053951206576505,0.6226947308132875,"#contributetotheworld, #entrepreneurialuniversity, #kampusswastaterbaik",#kampusberdampak
"contributetotheworld, creatingthefuture, kampusswastaterbaik",kampusberdampak,0.134478894284647,0.21740754576017932,0.1035,0.7694,3.5392,1.0,0.07423731173938568,3.3943769099558496,0.8289210653013591,0.4165413533834587,0.7053951206576505,0.6226947308132875,"#contributetotheworld, #creatingthefuture, #kampusswastaterbaik",#kampusberdampak
kampusberdampak,"contributetotheworld, creatingthefuture, kampusswastaterbaik",0.21740754576017932,0.134478894284647,0.1035,0.4759,3.5392,1.0,0.07423731173938568,1.6515845361519195,0.91675900157673,0.4165413533834587,0.3945208506674853,0.6226947308132875,#kampusberdampak,"#contributetotheworld, #creatingthefuture, #kampusswastaterbaik"
kampusberdampak,"contributetotheworld, entrepreneurialuniversity, kampusswastaterbaik",0.21740754576017932,0.134478894284647,0.1035,0.4759,3.5392,1.0,0.07423731173938568,1.6515845361519195,0.91675900157673,0.4165413533834587,0.3945208506674853,0.6226947308132875,#kampusberdampak,"#contributetotheworld, #entrepreneurialuniversity, #kampusswastaterbaik"
kampusberdampak,"contributetotheworld, creatingthefuture, entrepreneurialuniversity, kampusswastaterbaik",0.21740754576017932,0.134478894284647,0.1035,0.4759,3.5392,1.0,0.07423731173938568,1.6515845361519195,0.91675900157673,0.4165413533834587,0.3945208506674853,0.6226947308132875,#kampusberdampak,"#contributetotheworld, #creatingthefuture, #entrepreneurialuniversity, #kampusswastaterbaik"
kampusberdampak,"contributetotheworld, creatingthefuture, sustainabilityuniversity",0.21740754576017932,0.134852446768771,0.1035,0.4759,3.5294,1.0,0.07415609861059966,1.6508717245264761,0.9157560979812689,0.41591591591591587,0.3942594175287408,0.6216290182863562,#kampusberdampak,"#contributetotheworld, #creatingthefuture, #sustainabilityuniversity"
kampusberdampak,"contributetotheworld, entrepreneurialuniversity, sustainabilityuniversity",0.21740754576017932,0.134852446768771,0.1035,0.4759,3.5294,1.0,0.07415609861059966,1.6508717245264761,0.9157560979812689,0.41591591591591587,0.3942594175287408,0.6216290182863562,#kampusberdampak,"#contributetotheworld, #entrepreneurialuniversity, #sustainabilityuniversity"
kampusberdampak,"contributetotheworld, sustainabilityuniversity",0.21740754576017932,0.134852446768771,0.1035,0.4759,3.5294,1.0,0.07415609861059966,1.6508717245264761,0.9157560979812689,0.41591591591591587,0.3942594175287408,0.6216290182863562,#kampusberdampak,"#contributetotheworld, #sustainabilityuniversity"
kampusberdampak,"contributetotheworld, creatingthefuture, entrepreneurialuniversity, sustainabilityuniversity",0.21740754576017932,0.134852446768771,0.1035,0.4759,3.5294,1.0,0.07415609861059966,1.6508717245264761,0.9157560979812689,0.41591591591591587,0.3942594175287408,0.6216290182863562,#kampusberdampak,"#contributetotheworld, #creatingthefuture, #entrepreneurialuniversity, #sustainabilityuniversity"
"contributetotheworld, sustainabilityuniversity",kampusberdampak,0.134852446768771,0.21740754576017932,0.1035,0.7673,3.5294,1.0,0.07415609861059966,3.3632842378639913,0.8283717725694121,0.41591591591591587,0.7026715765673448,0.6216290182863562,"#contributetotheworld, #sustainabilityuniversity",#kampusberdampak
"contributetotheworld, creatingthefuture, entrepreneurialuniversity, sustainabilityuniversity",kampusberdampak,0.134852446768771,0.21740754576017932,0.1035,0.7673,3.5294,1.0,0.07415609861059966,3.3632842378639913,0.8283717725694121,0.41591591591591587,0.7026715765673448,0.6216290182863562,"#contributetotheworld, #creatingthefuture, #entrepreneurialuniversity, #sustainabilityuniversity",#kampusberdampak
"contributetotheworld, entrepreneurialuniversity, sustainabilityuniversity",kampusberdampak,0.134852446768771,0.21740754576017932,0.1035,0.7673,3.5294,1.0,0.07415609861059966,3.3632842378639913,0.8283717725694121,0.41591591591591587,0.7026715765673448,0.6216290182863562,"#contributetotheworld, #entrepreneurialuniversity, #sustainabilityuniversity",#kampusberdampak
"contributetotheworld, creatingthefuture, sustainabilityuniversity",kampusberdampak,0.134852446768771,0.21740754576017932,0.1035,0.7673,3.5294,1.0,0.07415609861059966,3.3632842378639913,0.8283717725694121,0.41591591591591587,0.7026715765673448,0.6216290182863562,"#contributetotheworld, #creatingthefuture, #sustainabilityuniversity",#kampusberdampak
kampusberdampak,"contributetotheworld, creatingthefuture",0.21740754576017932,0.13522599925289502,0.1035,0.4759,3.5196,1.0,0.07407488548181362,1.650158912901033,0.9147531943858076,0.4152923538230885,0.39399775852983304,0.6205691936739381,#kampusberdampak,"#contributetotheworld, #creatingthefuture"
kampusberdampak,"contributetotheworld, entrepreneurialuniversity",0.21740754576017932,0.13522599925289502,0.1035,0.4759,3.5196,1.0,0.07407488548181362,1.650158912901033,0.9147531943858076,0.4152923538230885,0.39399775852983304,0.6205691936739381,#kampusberdampak,"#contributetotheworld, #entrepreneurialuniversity"
kampusberdampak,"contributetotheworld, creatingthefuture, entrepreneurialuniversity",0.21740754576017932,0.13522599925289502,0.1035,0.4759,3.5196,1.0,0.07407488548181362,1.650158912901033,0.9147531943858076,0.4152923538230885,0.39399775852983304,0.6205691936739381,#kampusberdampak,"#contributetotheworld, #creatingthefuture, #entrepreneurialuniversity"
"contributetotheworld, creatingthefuture, entrepreneurialuniversity",kampusberdampak,0.13522599925289502,0.21740754576017932,0.1035,0.7652,3.5196,1.0,0.07407488548181362,3.332923158056648,0.8278220052865084,0.4152923538230885,0.6999630796819578,0.6205691936739381,"#contributetotheworld, #creatingthefuture, #entrepreneurialuniversity",#kampusberdampak
"contributetotheworld, entrepreneurialuniversity",kampusberdampak,0.13522599925289502,0.21740754576017932,0.1035,0.7652,3.5196,1.0,0.07407488548181362,3.332923158056648,0.8278220052865084,0.4152923538230885,0.6999630796819578,0.6205691936739381,"#contributetotheworld, #entrepreneurialuniversity",#kampusberdampak
"contributetotheworld, creatingthefuture",kampusberdampak,0.13522599925289502,0.21740754576017932,0.1035,0.7652,3.5196,1.0,0.07407488548181362,3.332923158056648,0.8278220052865084,0.4152923538230885,0.6999630796819578,0.6205691936739381,"#contributetotheworld, #creatingthefuture",#kampusberdampak
"creatingthefuture, entrepreneurialuniversity, kampusswastaterbaik, sustainabilityuniversity",kampusberdampak,0.13784086664176318,0.21740754576017932,0.1035,0.7507,3.4529,1.0,0.07350639358031148,3.1388762566792807,0.8239602950653512,0.41097922848664686,0.6814146470820317,0.6133112619785992,"#creatingthefuture, #entrepreneurialuniversity, #kampusswastaterbaik, #sustainabilityuniversity",#kampusberdampak
kampusberdampak,"creatingthefuture, entrepreneurialuniversity, kampusswastaterbaik, sustainabilityuniversity",0.21740754576017932,0.13784086664176318,0.1035,0.4759,3.4529,1.0,0.07350639358031148,1.6451692315229305,0.9077328692175801,0.41097922848664686,0.39215979679227186,0.6133112619785992,#kampusberdampak,"#creatingthefuture, #entrepreneurialuniversity, #kampusswastaterbaik, #sustainabilityuniversity"
"entrepreneurialuniversity, kampusswastaterbaik, sustainabilityuniversity",kampusberdampak,0.13784086664176318,0.21740754576017932,0.1035,0.7507,3.4529,1.0,0.07350639358031148,3.1388762566792807,0.8239602950653512,0.41097922848664686,0.6814146470820317,0.6133112619785992,"#entrepreneurialuniversity, #kampusswastaterbaik, #sustainabilityuniversity",#kampusberdampak
"creatingthefuture, kampusswastaterbaik, sustainabilityuniversity",kampusberdampak,0.13784086664176318,0.21740754576017932,0.1035,0.7507,3.4529,1.0,0.07350639358031148,3.1388762566792807,0.8239602950653512,0.41097922848664686,0.6814146470820317,0.6133112619785992,"#creatingthefuture, #kampusswastaterbaik, #sustainabilityuniversity",#kampusberdampak
kampusberdampak,"creatingthefuture, kampusswastaterbaik, sustainabilityuniversity",0.21740754576017932,0.13784086664176318,0.1035,0.4759,3.4529,1.0,0.07350639358031148,1.6451692315229305,0.9077328692175801,0.41097922848664686,0.39215979679227186,0.6133112619785992,#kampusberdampak,"#creatingthefuture, #kampusswastaterbaik, #sustainabilityuniversity"
kampusberdampak,"entrepreneurialuniversity, kampusswastaterbaik, sustainabilityuniversity",0.21740754576017932,0.13784086664176318,0.1035,0.4759,3.4529,1.0,0.07350639358031148,1.6451692315229305,0.9077328692175801,0.41097922848664686,0.39215979679227186,0.6133112619785992,#kampusberdampak,"#entrepreneurialuniversity, #kampusswastaterbaik, #sustainabilityuniversity"
kampusberdampak,"kampusswastaterbaik, sustainabilityuniversity",0.21740754576017932,0.13784086664176318,0.1035,0.4759,3.4529,1.0,0.07350639358031148,1.6451692315229305,0.9077328692175801,0.41097922848664686,0.39215979679227186,0.6133112619785992,#kampusberdampak,"#kampusswastaterbaik, #sustainabilityuniversity"
"kampusswastaterbaik, sustainabilityuniversity",kampusberdampak,0.13784086664176318,0.21740754576017932,0.1035,0.7507,3.4529,1.0,0.07350639358031148,3.1388762566792807,0.8239602950653512,0.41097922848664686,0.6814146470820317,0.6133112619785992,"#kampusswastaterbaik, #sustainabilityuniversity",#kampusberdampak
kampusberdampak,"creatingthefuture, kampusswastaterbaik",0.21740754576017932,0.1385879716100112,0.1038,0.4777,3.4466,1.0,0.07371751980686345,1.6491506596150443,0.9070654693429027,0.41185185185185186,0.393627262512555,0.6134946878965553,#kampusberdampak,"#creatingthefuture, #kampusswastaterbaik"
"creatingthefuture, kampusswastaterbaik",kampusberdampak,0.1385879716100112,0.21740754576017932,0.1038,0.7493,3.4466,1.0,0.07371751980686345,3.1219548443330476,0.824068585547867,0.41185185185185186,0.6796878719065417,0.6134946878965553,"#creatingthefuture, #kampusswastaterbaik",#kampusberdampak
kampusberdampak,"creatingthefuture, entrepreneurialuniversity, kampusswastaterbaik",0.21740754576017932,0.1382144191258872,0.1035,0.4759,3.4435,1.0,0.07342518045152546,1.6444564198974874,0.906729965622119,0.4103703703703704,0.3918963203279426,0.6122968329153895,#kampusberdampak,"#creatingthefuture, #entrepreneurialuniversity, #kampusswastaterbaik"
"creatingthefuture, entrepreneurialuniversity, kampusswastaterbaik",kampusberdampak,0.1382144191258872,0.21740754576017932,0.1035,0.7486,3.4435,1.0,0.07342518045152546,3.1135398717068123,0.8234067091366881,0.4103703703703704,0.6788221634522349,0.6122968329153895,"#creatingthefuture, #entrepreneurialuniversity, #kampusswastaterbaik",#kampusberdampak
"entrepreneurialuniversity, kampusswastaterbaik",kampusberdampak,0.1382144191258872,0.21740754576017932,0.1035,0.7486,3.4435,1.0,0.07342518045152546,3.1135398717068123,0.8234067091366881,0.4103703703703704,0.6788221634522349,0.6122968329153895,"#entrepreneurialuniversity, #kampusswastaterbaik",#kampusberdampak
kampusberdampak,"entrepreneurialuniversity, kampusswastaterbaik",0.21740754576017932,0.1382144191258872,0.1035,0.4759,3.4435,1.0,0.07342518045152546,1.6444564198974874,0.906729965622119,0.4103703703703704,0.3918963203279426,0.6122968329153895,#kampusberdampak,"#entrepreneurialuniversity, #kampusswastaterbaik"
kampusberdampak,"entrepreneurialuniversity, sustainabilityuniversity",0.21740754576017932,0.1385879716100112,0.1035,0.4759,3.4342,1.0,0.07334396732273943,1.643743608272044,0.9057270620266579,0.40976331360946744,0.39163261534976734,0.6112878724724669,#kampusberdampak,"#entrepreneurialuniversity, #sustainabilityuniversity"
kampusberdampak,"creatingthefuture, sustainabilityuniversity",0.21740754576017932,0.1385879716100112,0.1035,0.4759,3.4342,1.0,0.07334396732273943,1.643743608272044,0.9057270620266579,0.40976331360946744,0.39163261534976734,0.6112878724724669,#kampusberdampak,"#creatingthefuture, #sustainabilityuniversity"
kampusberdampak,"creatingthefuture, entrepreneurialuniversity, sustainabilityuniversity",0.21740754576017932,0.1385879716100112,0.1035,0.4759,3.4342,1.0,0.07334396732273943,1.643743608272044,0.9057270620266579,0.40976331360946744,0.39163261534976734,0.6112878724724669,#kampusberdampak,"#creatingthefuture, #entrepreneurialuniversity, #sustainabilityuniversity"
kampusberdampak,sustainabilityuniversity,0.21740754576017932,0.1385879716100112,0.1035,0.4759,3.4342,1.0,0.07334396732273943,1.643743608272044,0.9057270620266579,0.40976331360946744,0.39163261534976734,0.6112878724724669,#kampusberdampak,#sustainabilityuniversity
sustainabilityuniversity,kampusberdampak,0.1385879716100112,0.21740754576017932,0.1035,0.7466,3.4342,1.0,0.07334396732273943,3.088742558755036,0.8228526430814607,0.40976331360946744,0.6762436554754291,0.6112878724724669,#sustainabilityuniversity,#kampusberdampak
"creatingthefuture, entrepreneurialuniversity, sustainabilityuniversity",kampusberdampak,0.1385879716100112,0.21740754576017932,0.1035,0.7466,3.4342,1.0,0.07334396732273943,3.088742558755036,0.8228526430814607,0.40976331360946744,0.6762436554754291,0.6112878724724669,"#creatingthefuture, #entrepreneurialuniversity, #sustainabilityuniversity",#kampusberdampak
"entrepreneurialuniversity, sustainabilityuniversity",kampusberdampak,0.1385879716100112,0.21740754576017932,0.1035,0.7466,3.4342,1.0,0.07334396732273943,3.088742558755036,0.8228526430814607,0.40976331360946744,0.6762436554754291,0.6112878724724669,"#entrepreneurialuniversity, #sustainabilityuniversity",#kampusberdampak
"creatingthefuture, sustainabilityuniversity",kampusberdampak,0.1385879716100112,0.21740754576017932,0.1035,0.7466,3.4342,1.0,0.07334396732273943,3.088742558755036,0.8228526430814607,0.40976331360946744,0.6762436554754291,0.6112878724724669,"#creatingthefuture, #sustainabilityuniversity",#kampusberdampak
kampusberdampak,creatingthefuture,0.21740754576017932,0.13933507657825925,0.1038,0.4777,3.4282,1.0,0.0735550935492914,1.6477203468139903,0.9050668772857609,0.4106351550960118,0.3931008972890416,0.6114857706162534,#kampusberdampak,#creatingthefuture
creatingthefuture,kampusberdampak,0.13933507657825925,0.21740754576017932,0.1038,0.7453,3.4282,1.0,0.0735550935492914,3.072705109804769,0.8229666266986411,0.4106351550960118,0.6745538656446153,0.6114857706162534,#creatingthefuture,#kampusberdampak
kampusberdampak,"creatingthefuture, entrepreneurialuniversity",0.21740754576017932,0.13896152409413523,0.1035,0.4759,3.425,1.0,0.07326275419395342,1.643030796646601,0.9047241584311969,0.4091580502215657,0.3913686815603313,0.6102843365480546,#kampusberdampak,"#creatingthefuture, #entrepreneurialuniversity"
"creatingthefuture, entrepreneurialuniversity",kampusberdampak,0.13896152409413523,0.21740754576017932,0.1035,0.7446,3.425,1.0,0.07326275419395342,3.0644672944969824,0.8222980962747755,0.4091580502215657,0.6736790104447353,0.6102843365480546,"#creatingthefuture, #entrepreneurialuniversity",#kampusberdampak
kampusberdampak,entrepreneurialuniversity,0.21740754576017932,0.13933507657825925,0.1035,0.4759,3.4158,1.0,0.07318154106516739,1.6423179850211576,0.9037212548357357,0.4085545722713864,0.39110451866170287,0.6092861815133173,#kampusberdampak,#entrepreneurialuniversity
entrepreneurialuniversity,kampusberdampak,0.13933507657825925,0.21740754576017932,0.1035,0.7426,3.4158,1.0,0.07318154106516739,3.0406977649109694,0.8217430680906538,0.4085545722713864,0.671128116861927,0.6092861815133173,#entrepreneurialuniversity,#kampusberdampak
kampusterbaik,kampusberdampak,0.05827418752334703,0.21740754576017932,0.028,0.4808,2.2114,1.0,0.015347188218682119,1.5072150970544698,0.5816898056326855,0.11312217194570136,0.3365246924912796,0.30481760507533706,#kampusterbaik,#kampusberdampak
